step,train_loss,val_loss,lr,layer,wall_time,peak_vram_gb,phase
0,10.993819,10.995167,0.00000010,layer_0,15.5,1.1381,eval
1,10.996780,nan,0.00000010,layer_0,0.0,1.8623,train
2,10.923141,nan,0.00000020,layer_0,0.2,2.2941,train
3,10.966431,nan,0.00000030,layer_0,0.2,2.2941,train
4,10.949127,nan,0.00000040,layer_0,0.2,2.2941,train
5,10.987907,nan,0.00000050,layer_0,0.2,2.2941,train
6,11.008942,nan,0.00000060,layer_0,0.2,2.2941,train
7,10.984230,nan,0.00000070,layer_0,0.2,2.2941,train
8,10.992119,nan,0.00000080,layer_0,0.2,2.2941,train
9,10.910271,nan,0.00000090,layer_0,0.2,2.2941,train
10,11.055176,nan,0.00000100,layer_0,0.2,2.2941,train
11,10.975624,nan,0.00000110,layer_1,0.2,2.2942,train
12,10.956017,nan,0.00000120,layer_1,0.2,2.3510,train
13,10.909081,nan,0.00000130,layer_1,0.2,2.3510,train
14,10.931778,nan,0.00000140,layer_1,0.2,2.3510,train
15,10.959030,nan,0.00000150,layer_1,0.2,2.3510,train
16,10.924309,nan,0.00000160,layer_1,0.2,2.3510,train
17,10.892014,nan,0.00000170,layer_1,0.2,2.3510,train
18,10.886841,nan,0.00000180,layer_1,0.2,2.3510,train
19,10.864525,nan,0.00000190,layer_1,0.2,2.3510,train
20,10.887253,nan,0.00000200,layer_1,0.2,2.3510,train
21,10.883789,nan,0.00000210,layer_2,0.2,2.3514,train
22,10.860809,nan,0.00000220,layer_2,0.2,2.4088,train
23,10.867485,nan,0.00000230,layer_2,0.2,2.4088,train
24,10.815659,nan,0.00000240,layer_2,0.2,2.4099,train
25,10.764664,nan,0.00000250,layer_2,0.2,2.4099,train
26,10.830025,nan,0.00000260,layer_2,0.2,2.4099,train
27,10.769234,nan,0.00000270,layer_2,0.2,2.4099,train
28,10.765739,nan,0.00000280,layer_2,0.2,2.4099,train
29,10.746445,nan,0.00000290,layer_2,0.2,2.4099,train
30,10.624458,nan,0.00000300,layer_2,0.2,2.4099,train
31,10.708664,nan,0.00000310,layer_3,0.2,2.4099,train
32,10.724911,nan,0.00000320,layer_3,0.2,2.4654,train
33,10.659454,nan,0.00000330,layer_3,0.2,2.4654,train
34,10.580532,nan,0.00000340,layer_3,0.2,2.4654,train
35,10.924026,nan,0.00000350,layer_3,0.2,2.4654,train
36,10.619019,nan,0.00000360,layer_3,0.2,2.4654,train
37,10.594318,nan,0.00000370,layer_3,0.2,2.4654,train
38,10.674583,nan,0.00000380,layer_3,0.2,2.4654,train
39,10.586578,nan,0.00000390,layer_3,0.2,2.4654,train
40,10.648945,nan,0.00000400,layer_3,0.2,2.4654,train
41,10.576172,nan,0.00000410,layer_4,0.2,2.4654,train
42,10.568180,nan,0.00000420,layer_4,0.2,2.5220,train
43,10.540951,nan,0.00000430,layer_4,0.2,2.5223,train
44,10.472118,nan,0.00000440,layer_4,0.2,2.5223,train
45,10.493725,nan,0.00000450,layer_4,0.2,2.5223,train
46,10.600529,nan,0.00000460,layer_4,0.2,2.5223,train
47,10.457748,nan,0.00000470,layer_4,0.2,2.5223,train
48,10.480431,nan,0.00000480,layer_4,0.2,2.5223,train
49,10.524174,nan,0.00000490,layer_4,0.2,2.5223,train
50,10.478893,nan,0.00000500,layer_4,0.2,2.5223,train
51,10.480778,nan,0.00000509,layer_5,0.2,2.5232,train
52,10.394253,nan,0.00000519,layer_5,0.2,2.5796,train
53,10.421345,nan,0.00000529,layer_5,0.2,2.5796,train
54,10.376595,nan,0.00000539,layer_5,0.2,2.5796,train
55,10.298218,nan,0.00000549,layer_5,0.2,2.5796,train
56,10.290680,nan,0.00000559,layer_5,0.2,2.5796,train
57,10.251335,nan,0.00000569,layer_5,0.2,2.5796,train
58,10.331161,nan,0.00000579,layer_5,0.2,2.5796,train
59,10.294571,nan,0.00000589,layer_5,0.2,2.5796,train
60,10.206326,nan,0.00000599,layer_5,0.2,2.5796,train
61,10.225147,nan,0.00000609,layer_6,0.2,2.5796,train
62,10.402187,nan,0.00000619,layer_6,0.2,2.6345,train
63,10.230339,nan,0.00000629,layer_6,0.2,2.6345,train
64,10.290668,nan,0.00000639,layer_6,0.2,2.6345,train
65,10.169579,nan,0.00000649,layer_6,0.2,2.6345,train
66,10.103966,nan,0.00000659,layer_6,0.2,2.6345,train
67,10.070251,nan,0.00000669,layer_6,0.2,2.6345,train
68,10.108318,nan,0.00000679,layer_6,0.2,2.6345,train
69,10.187874,nan,0.00000689,layer_6,0.2,2.6345,train
70,10.157059,nan,0.00000699,layer_6,0.2,2.6345,train
71,10.382061,nan,0.00000709,layer_7,0.2,2.6345,train
72,10.126740,nan,0.00000719,layer_7,0.2,2.6898,train
73,9.979713,nan,0.00000729,layer_7,0.2,2.6901,train
74,10.005455,nan,0.00000739,layer_7,0.2,2.6914,train
75,10.035480,nan,0.00000749,layer_7,0.2,2.6936,train
76,10.066143,nan,0.00000759,layer_7,0.2,2.6936,train
77,10.434780,nan,0.00000769,layer_7,0.2,2.6936,train
78,10.073189,nan,0.00000779,layer_7,0.2,2.6936,train
79,9.875782,nan,0.00000789,layer_7,0.2,2.6936,train
80,9.931808,nan,0.00000799,layer_7,0.2,2.6936,train
81,10.067066,nan,0.00000809,layer_8,0.2,2.6936,train
82,9.895077,nan,0.00000819,layer_8,0.2,2.7450,train
83,10.003025,nan,0.00000829,layer_8,0.2,2.7450,train
84,9.993553,nan,0.00000839,layer_8,0.2,2.7450,train
85,9.819965,nan,0.00000849,layer_8,0.2,2.7450,train
86,9.758625,nan,0.00000859,layer_8,0.2,2.7450,train
87,9.724812,nan,0.00000869,layer_8,0.2,2.7450,train
88,9.983315,nan,0.00000879,layer_8,0.2,2.7450,train
89,9.779285,nan,0.00000889,layer_8,0.2,2.7450,train
90,9.820354,nan,0.00000899,layer_8,0.2,2.7450,train
91,9.778637,nan,0.00000909,layer_9,0.2,2.7450,train
92,9.745152,nan,0.00000919,layer_9,0.2,2.8040,train
93,9.784889,nan,0.00000929,layer_9,0.2,2.8040,train
94,9.684048,nan,0.00000939,layer_9,0.2,2.8040,train
95,9.489388,nan,0.00000949,layer_9,0.2,2.8040,train
96,9.528522,nan,0.00000959,layer_9,0.2,2.8040,train
97,9.518291,nan,0.00000969,layer_9,0.2,2.8040,train
98,9.632278,nan,0.00000979,layer_9,0.2,2.8040,train
99,9.546410,nan,0.00000989,layer_9,0.2,2.8040,train
100,9.880466,nan,0.00000999,layer_9,0.2,2.8040,train
101,9.675091,nan,0.00001009,layer_10,0.2,2.8053,train
102,9.567951,nan,0.00001019,layer_10,0.2,2.8626,train
103,9.634083,nan,0.00001029,layer_10,0.2,2.8626,train
104,9.592617,nan,0.00001039,layer_10,0.2,2.8626,train
105,9.625347,nan,0.00001049,layer_10,0.2,2.8626,train
106,9.614494,nan,0.00001059,layer_10,0.2,2.8626,train
107,9.611832,nan,0.00001069,layer_10,0.2,2.8626,train
108,9.550262,nan,0.00001079,layer_10,0.2,2.8626,train
109,9.552059,nan,0.00001089,layer_10,0.2,2.8626,train
110,9.513889,nan,0.00001099,layer_10,0.2,2.8626,train
111,9.487793,nan,0.00001109,layer_11,0.2,2.8629,train
112,9.937527,nan,0.00001119,layer_11,0.2,2.8629,train
113,9.175465,nan,0.00001129,layer_11,0.2,2.8629,train
114,9.404594,nan,0.00001139,layer_11,0.2,2.8629,train
115,9.539494,nan,0.00001149,layer_11,0.2,2.8629,train
116,9.499413,nan,0.00001159,layer_11,0.2,2.8629,train
117,9.486931,nan,0.00001169,layer_11,0.2,2.8629,train
118,9.333809,nan,0.00001179,layer_11,0.2,2.8629,train
119,9.482750,nan,0.00001189,layer_11,0.2,2.8629,train
120,9.378178,nan,0.00001199,layer_11,0.2,2.8629,train
121,9.448696,nan,0.00001209,layer_0,0.2,3.1986,train
122,9.520981,nan,0.00001219,layer_0,0.2,3.1986,train
123,9.786015,nan,0.00001229,layer_0,0.2,3.1986,train
124,9.419003,nan,0.00001239,layer_0,0.2,3.1986,train
125,9.355331,nan,0.00001249,layer_0,0.2,3.1986,train
126,9.702522,nan,0.00001259,layer_0,0.2,3.1986,train
127,9.400284,nan,0.00001269,layer_0,0.2,3.1986,train
128,9.334969,nan,0.00001279,layer_0,0.2,3.1986,train
129,9.286968,nan,0.00001289,layer_0,0.2,3.1986,train
130,9.360065,nan,0.00001299,layer_0,0.2,3.1986,train
131,9.189426,nan,0.00001309,layer_1,0.2,3.1999,train
132,9.169847,nan,0.00001319,layer_1,0.2,3.1999,train
133,9.311264,nan,0.00001329,layer_1,0.2,3.1999,train
134,9.102819,nan,0.00001339,layer_1,0.2,3.1999,train
135,9.410664,nan,0.00001349,layer_1,0.2,3.1999,train
136,9.097004,nan,0.00001359,layer_1,0.2,3.1999,train
137,9.180586,nan,0.00001369,layer_1,0.2,3.1999,train
138,9.274223,nan,0.00001379,layer_1,0.2,3.1999,train
139,9.216347,nan,0.00001389,layer_1,0.2,3.1999,train
140,9.165966,nan,0.00001399,layer_1,0.2,3.1999,train
141,9.085403,nan,0.00001409,layer_2,0.2,3.1999,train
142,9.227112,nan,0.00001419,layer_2,0.2,3.1999,train
143,9.165001,nan,0.00001429,layer_2,0.2,3.1999,train
144,9.345587,nan,0.00001439,layer_2,0.2,3.1999,train
145,8.941271,nan,0.00001449,layer_2,0.2,3.1999,train
146,9.106668,nan,0.00001459,layer_2,0.2,3.1999,train
147,9.311295,nan,0.00001469,layer_2,0.2,3.1999,train
148,9.043236,nan,0.00001479,layer_2,0.2,3.1999,train
149,9.021288,nan,0.00001489,layer_2,0.2,3.1999,train
150,8.866753,nan,0.00001499,layer_2,0.2,3.1999,train
151,9.068977,nan,0.00001508,layer_3,0.2,3.1999,train
152,8.889427,nan,0.00001518,layer_3,0.2,3.1999,train
153,9.011913,nan,0.00001528,layer_3,0.2,3.1999,train
154,8.908611,nan,0.00001538,layer_3,0.2,3.1999,train
155,9.057894,nan,0.00001548,layer_3,0.2,3.1999,train
156,9.063471,nan,0.00001558,layer_3,0.2,3.1999,train
157,9.269091,nan,0.00001568,layer_3,0.2,3.1999,train
158,8.895010,nan,0.00001578,layer_3,0.2,3.1999,train
159,8.919060,nan,0.00001588,layer_3,0.2,3.1999,train
160,8.956057,nan,0.00001598,layer_3,0.2,3.1999,train
161,8.901985,nan,0.00001608,layer_4,0.2,3.1999,train
162,8.783617,nan,0.00001618,layer_4,0.2,3.1999,train
163,9.175287,nan,0.00001628,layer_4,0.2,3.1999,train
164,8.750460,nan,0.00001638,layer_4,0.2,3.1999,train
165,8.470249,nan,0.00001648,layer_4,0.2,3.1999,train
166,8.810015,nan,0.00001658,layer_4,0.2,3.1999,train
167,8.807270,nan,0.00001668,layer_4,0.2,3.1999,train
168,8.900879,nan,0.00001678,layer_4,0.2,3.1999,train
169,8.754648,nan,0.00001688,layer_4,0.2,3.1999,train
170,9.718685,nan,0.00001698,layer_4,0.2,3.1999,train
171,9.546873,nan,0.00001708,layer_5,0.2,3.1999,train
172,9.010054,nan,0.00001718,layer_5,0.2,3.1999,train
173,8.666365,nan,0.00001728,layer_5,0.2,3.1999,train
174,8.679398,nan,0.00001738,layer_5,0.2,3.1999,train
175,8.755627,nan,0.00001748,layer_5,0.2,3.1999,train
176,8.437384,nan,0.00001758,layer_5,0.2,3.1999,train
177,8.767044,nan,0.00001768,layer_5,0.2,3.1999,train
178,8.646088,nan,0.00001778,layer_5,0.2,3.1999,train
179,9.094671,nan,0.00001788,layer_5,0.2,3.1999,train
180,8.806639,nan,0.00001798,layer_5,0.2,3.1999,train
181,8.710310,nan,0.00001808,layer_6,0.2,3.1999,train
182,8.694057,nan,0.00001818,layer_6,0.2,3.1999,train
183,8.654047,nan,0.00001828,layer_6,0.2,3.1999,train
184,8.635006,nan,0.00001838,layer_6,0.2,3.1999,train
185,8.782604,nan,0.00001848,layer_6,0.2,3.1999,train
186,8.761448,nan,0.00001858,layer_6,0.2,3.1999,train
187,8.437384,nan,0.00001868,layer_6,0.2,3.1999,train
188,8.855757,nan,0.00001878,layer_6,0.2,3.1999,train
189,8.428495,nan,0.00001888,layer_6,0.2,3.1999,train
190,8.823164,nan,0.00001898,layer_6,0.2,3.1999,train
191,8.314613,nan,0.00001908,layer_7,0.2,3.1999,train
192,8.312050,nan,0.00001918,layer_7,0.2,3.1999,train
193,8.309048,nan,0.00001928,layer_7,0.2,3.1999,train
194,8.300400,nan,0.00001938,layer_7,0.2,3.1999,train
195,8.536276,nan,0.00001948,layer_7,0.2,3.1999,train
196,8.667509,nan,0.00001958,layer_7,0.2,3.1999,train
197,8.383234,nan,0.00001968,layer_7,0.2,3.1999,train
198,8.448137,nan,0.00001978,layer_7,0.2,3.1999,train
199,8.152035,nan,0.00001988,layer_7,0.2,3.1999,train
200,8.722889,nan,0.00001998,layer_7,0.2,3.1999,train
201,8.328548,nan,0.00002008,layer_8,0.2,3.1999,train
202,8.343990,nan,0.00002018,layer_8,0.2,3.1999,train
203,8.232950,nan,0.00002028,layer_8,0.2,3.1999,train
204,8.399284,nan,0.00002038,layer_8,0.2,3.1999,train
205,8.630404,nan,0.00002048,layer_8,0.2,3.1999,train
206,8.337650,nan,0.00002058,layer_8,0.2,3.1999,train
207,8.540562,nan,0.00002068,layer_8,0.2,3.1999,train
208,8.348955,nan,0.00002078,layer_8,0.2,3.1999,train
209,8.358057,nan,0.00002088,layer_8,0.2,3.1999,train
210,8.346548,nan,0.00002098,layer_8,0.2,3.1999,train
211,8.187145,nan,0.00002108,layer_9,0.2,3.1999,train
212,8.558575,nan,0.00002118,layer_9,0.2,3.1999,train
213,8.239231,nan,0.00002128,layer_9,0.2,3.1999,train
214,8.399313,nan,0.00002138,layer_9,0.2,3.1999,train
215,8.152292,nan,0.00002148,layer_9,0.2,3.1999,train
216,8.346972,nan,0.00002158,layer_9,0.2,3.1999,train
217,8.373142,nan,0.00002168,layer_9,0.2,3.1999,train
218,8.518295,nan,0.00002178,layer_9,0.2,3.1999,train
219,7.979244,nan,0.00002188,layer_9,0.2,3.1999,train
220,8.236568,nan,0.00002198,layer_9,0.2,3.1999,train
221,8.454357,nan,0.00002208,layer_10,0.2,3.1999,train
222,7.925394,nan,0.00002218,layer_10,0.2,3.1999,train
223,8.470560,nan,0.00002228,layer_10,0.2,3.1999,train
224,7.653133,nan,0.00002238,layer_10,0.2,3.1999,train
225,8.201717,nan,0.00002248,layer_10,0.2,3.1999,train
226,8.099451,nan,0.00002258,layer_10,0.2,3.1999,train
227,8.198072,nan,0.00002268,layer_10,0.2,3.1999,train
228,8.039362,nan,0.00002278,layer_10,0.2,3.1999,train
229,8.003176,nan,0.00002288,layer_10,0.2,3.1999,train
230,8.040604,nan,0.00002298,layer_10,0.2,3.1999,train
231,8.267647,nan,0.00002308,layer_11,0.2,3.2007,train
232,8.398256,nan,0.00002318,layer_11,0.2,3.2007,train
233,8.122484,nan,0.00002328,layer_11,0.2,3.2007,train
234,8.221014,nan,0.00002338,layer_11,0.2,3.2007,train
235,8.258377,nan,0.00002348,layer_11,0.2,3.2007,train
236,8.107456,nan,0.00002358,layer_11,0.2,3.2007,train
237,7.942560,nan,0.00002368,layer_11,0.2,3.2007,train
238,8.245136,nan,0.00002378,layer_11,0.2,3.2007,train
239,8.572731,nan,0.00002388,layer_11,0.2,3.2007,train
240,8.064100,nan,0.00002398,layer_11,0.2,3.2007,train
241,8.274529,nan,0.00002408,layer_0,0.2,3.2007,train
242,8.277666,nan,0.00002418,layer_0,0.2,3.2007,train
243,7.960100,nan,0.00002428,layer_0,0.2,3.2007,train
244,8.238913,nan,0.00002438,layer_0,0.2,3.2007,train
245,7.798672,nan,0.00002448,layer_0,0.2,3.2007,train
246,7.872049,nan,0.00002458,layer_0,0.2,3.2007,train
247,7.688540,nan,0.00002468,layer_0,0.2,3.2007,train
248,7.887217,nan,0.00002478,layer_0,0.2,3.2007,train
249,7.808340,nan,0.00002488,layer_0,0.2,3.2007,train
250,7.671085,nan,0.00002498,layer_0,0.2,3.2007,train
251,7.904475,nan,0.00002507,layer_1,0.2,3.2007,train
252,7.831753,nan,0.00002517,layer_1,0.2,3.2007,train
253,7.949458,nan,0.00002527,layer_1,0.2,3.2007,train
254,7.388141,nan,0.00002537,layer_1,0.2,3.2007,train
255,7.863402,nan,0.00002547,layer_1,0.2,3.2007,train
256,8.273683,nan,0.00002557,layer_1,0.2,3.2007,train
257,7.427197,nan,0.00002567,layer_1,0.2,3.2007,train
258,8.129811,nan,0.00002577,layer_1,0.2,3.2007,train
259,7.394664,nan,0.00002587,layer_1,0.2,3.2007,train
260,7.731261,nan,0.00002597,layer_1,0.2,3.2007,train
261,7.558909,nan,0.00002607,layer_2,0.2,3.2007,train
262,7.675153,nan,0.00002617,layer_2,0.2,3.2007,train
263,7.573623,nan,0.00002627,layer_2,0.2,3.2007,train
264,7.653593,nan,0.00002637,layer_2,0.2,3.2007,train
265,7.709202,nan,0.00002647,layer_2,0.2,3.2007,train
266,7.940444,nan,0.00002657,layer_2,0.2,3.2007,train
267,7.773751,nan,0.00002667,layer_2,0.2,3.2007,train
268,7.439034,nan,0.00002677,layer_2,0.2,3.2007,train
269,7.454110,nan,0.00002687,layer_2,0.2,3.2007,train
270,7.884546,nan,0.00002697,layer_2,0.2,3.2007,train
271,7.668114,nan,0.00002707,layer_3,0.2,3.2007,train
272,7.844033,nan,0.00002717,layer_3,0.2,3.2007,train
273,7.448234,nan,0.00002727,layer_3,0.2,3.2007,train
274,7.674529,nan,0.00002737,layer_3,0.2,3.2007,train
275,7.711468,nan,0.00002747,layer_3,0.2,3.2007,train
276,7.703465,nan,0.00002757,layer_3,0.2,3.2007,train
277,7.730467,nan,0.00002767,layer_3,0.2,3.2007,train
278,7.635686,nan,0.00002777,layer_3,0.2,3.2007,train
279,7.789393,nan,0.00002787,layer_3,0.2,3.2007,train
280,7.742839,nan,0.00002797,layer_3,0.2,3.2007,train
281,7.656737,nan,0.00002807,layer_4,0.2,3.2007,train
282,7.635660,nan,0.00002817,layer_4,0.2,3.2007,train
283,7.904677,nan,0.00002827,layer_4,0.2,3.2007,train
284,7.552972,nan,0.00002837,layer_4,0.2,3.2007,train
285,9.302011,nan,0.00002847,layer_4,0.2,3.2007,train
286,7.584951,nan,0.00002857,layer_4,0.2,3.2007,train
287,7.987835,nan,0.00002867,layer_4,0.2,3.2007,train
288,7.415843,nan,0.00002877,layer_4,0.2,3.2007,train
289,7.776812,nan,0.00002887,layer_4,0.2,3.2007,train
290,7.573503,nan,0.00002897,layer_4,0.2,3.2007,train
291,7.284486,nan,0.00002907,layer_5,0.2,3.2007,train
292,7.890617,nan,0.00002917,layer_5,0.2,3.2007,train
293,7.445529,nan,0.00002927,layer_5,0.2,3.2007,train
294,7.409521,nan,0.00002937,layer_5,0.2,3.2007,train
295,7.490621,nan,0.00002947,layer_5,0.2,3.2007,train
296,7.172969,nan,0.00002957,layer_5,0.2,3.2007,train
297,7.606813,nan,0.00002967,layer_5,0.2,3.2007,train
298,7.775468,nan,0.00002977,layer_5,0.2,3.2007,train
299,7.619505,nan,0.00002987,layer_5,0.2,3.2007,train
300,7.512841,nan,0.00002997,layer_5,0.2,3.2007,train
301,7.845106,nan,0.00003007,layer_6,0.2,3.2007,train
302,7.389304,nan,0.00003017,layer_6,0.2,3.2007,train
303,7.954479,nan,0.00003027,layer_6,0.2,3.2007,train
304,7.372711,nan,0.00003037,layer_6,0.2,3.2007,train
305,7.492186,nan,0.00003047,layer_6,0.2,3.2007,train
306,7.655347,nan,0.00003057,layer_6,0.2,3.2007,train
307,7.411825,nan,0.00003067,layer_6,0.2,3.2007,train
308,8.137824,nan,0.00003077,layer_6,0.2,3.2007,train
309,7.444077,nan,0.00003087,layer_6,0.2,3.2007,train
310,7.440649,nan,0.00003097,layer_6,0.2,3.2007,train
311,7.985430,nan,0.00003107,layer_7,0.2,3.2007,train
312,7.179940,nan,0.00003117,layer_7,0.2,3.2007,train
313,7.384810,nan,0.00003127,layer_7,0.2,3.2007,train
314,8.209789,nan,0.00003137,layer_7,0.2,3.2007,train
315,8.059937,nan,0.00003147,layer_7,0.2,3.2007,train
316,7.471257,nan,0.00003157,layer_7,0.2,3.2007,train
317,7.708259,nan,0.00003167,layer_7,0.2,3.2007,train
318,7.605495,nan,0.00003177,layer_7,0.2,3.2007,train
319,8.494964,nan,0.00003187,layer_7,0.2,3.2007,train
320,7.410843,nan,0.00003197,layer_7,0.2,3.2007,train
321,8.350653,nan,0.00003207,layer_8,0.2,3.2007,train
322,8.077231,nan,0.00003217,layer_8,0.2,3.2007,train
323,7.485224,nan,0.00003227,layer_8,0.2,3.2007,train
324,7.055993,nan,0.00003237,layer_8,0.2,3.2007,train
325,7.504863,nan,0.00003247,layer_8,0.2,3.2007,train
326,7.802505,nan,0.00003257,layer_8,0.2,3.2007,train
327,7.399982,nan,0.00003267,layer_8,0.2,3.2007,train
328,7.640512,nan,0.00003277,layer_8,0.2,3.2007,train
329,6.750671,nan,0.00003287,layer_8,0.2,3.2007,train
330,8.301995,nan,0.00003297,layer_8,0.2,3.2007,train
331,7.773623,nan,0.00003307,layer_9,0.2,3.2007,train
332,7.897607,nan,0.00003317,layer_9,0.2,3.2007,train
333,7.865017,nan,0.00003327,layer_9,0.2,3.2007,train
334,6.238109,nan,0.00003337,layer_9,0.2,3.2007,train
335,6.707426,nan,0.00003347,layer_9,0.2,3.2007,train
336,7.246062,nan,0.00003357,layer_9,0.2,3.2007,train
337,7.087460,nan,0.00003367,layer_9,0.2,3.2007,train
338,7.663451,nan,0.00003377,layer_9,0.2,3.2007,train
339,6.972606,nan,0.00003387,layer_9,0.2,3.2007,train
340,7.850547,nan,0.00003397,layer_9,0.2,3.2007,train
341,7.022753,nan,0.00003407,layer_10,0.2,3.2011,train
342,7.318841,nan,0.00003417,layer_10,0.2,3.2011,train
343,7.031945,nan,0.00003427,layer_10,0.2,3.2011,train
344,7.294713,nan,0.00003437,layer_10,0.2,3.2011,train
345,6.828699,nan,0.00003447,layer_10,0.2,3.2011,train
346,7.094007,nan,0.00003457,layer_10,0.2,3.2011,train
347,7.029203,nan,0.00003467,layer_10,0.2,3.2011,train
348,8.116920,nan,0.00003477,layer_10,0.2,3.2011,train
349,7.377494,nan,0.00003487,layer_10,0.2,3.2011,train
350,7.664272,nan,0.00003497,layer_10,0.2,3.2011,train
351,7.681636,nan,0.00003506,layer_11,0.2,3.2011,train
352,7.444382,nan,0.00003516,layer_11,0.2,3.2011,train
353,6.909941,nan,0.00003526,layer_11,0.2,3.2011,train
354,7.359471,nan,0.00003536,layer_11,0.2,3.2011,train
355,7.923854,nan,0.00003546,layer_11,0.2,3.2011,train
356,7.335945,nan,0.00003556,layer_11,0.2,3.2011,train
357,7.318743,nan,0.00003566,layer_11,0.2,3.2011,train
358,7.698709,nan,0.00003576,layer_11,0.2,3.2011,train
359,7.479644,nan,0.00003586,layer_11,0.2,3.2011,train
360,7.552639,nan,0.00003596,layer_11,0.2,3.2011,train
361,7.570183,nan,0.00003606,layer_0,0.2,3.2011,train
362,6.723514,nan,0.00003616,layer_0,0.2,3.2011,train
363,6.951529,nan,0.00003626,layer_0,0.2,3.2011,train
364,7.425058,nan,0.00003636,layer_0,0.2,3.2011,train
365,7.468650,nan,0.00003646,layer_0,0.2,3.2011,train
366,7.495084,nan,0.00003656,layer_0,0.2,3.2011,train
367,7.767817,nan,0.00003666,layer_0,0.2,3.2011,train
368,7.012760,nan,0.00003676,layer_0,0.2,3.2011,train
369,7.250774,nan,0.00003686,layer_0,0.2,3.2011,train
370,7.538488,nan,0.00003696,layer_0,0.2,3.2011,train
371,8.005919,nan,0.00003706,layer_1,0.2,3.2011,train
372,7.901721,nan,0.00003716,layer_1,0.2,3.2011,train
373,8.056143,nan,0.00003726,layer_1,0.2,3.2011,train
374,7.732615,nan,0.00003736,layer_1,0.2,3.2011,train
375,7.084128,nan,0.00003746,layer_1,0.2,3.2011,train
376,7.313826,nan,0.00003756,layer_1,0.2,3.2011,train
377,7.792396,nan,0.00003766,layer_1,0.2,3.2011,train
378,7.517740,nan,0.00003776,layer_1,0.2,3.2011,train
379,7.050049,nan,0.00003786,layer_1,0.2,3.2011,train
380,7.281668,nan,0.00003796,layer_1,0.2,3.2011,train
381,7.271357,nan,0.00003806,layer_2,0.2,3.2011,train
382,7.707530,nan,0.00003816,layer_2,0.2,3.2011,train
383,7.801862,nan,0.00003826,layer_2,0.2,3.2011,train
384,6.744121,nan,0.00003836,layer_2,0.2,3.2011,train
385,7.276793,nan,0.00003846,layer_2,0.2,3.2011,train
386,8.062160,nan,0.00003856,layer_2,0.2,3.2011,train
387,6.775752,nan,0.00003866,layer_2,0.2,3.2011,train
388,7.379895,nan,0.00003876,layer_2,0.2,3.2011,train
389,8.552024,nan,0.00003886,layer_2,0.2,3.2011,train
390,7.197189,nan,0.00003896,layer_2,0.2,3.2011,train
391,7.207987,nan,0.00003906,layer_3,0.2,3.2018,train
392,7.150902,nan,0.00003916,layer_3,0.2,3.2018,train
393,6.844818,nan,0.00003926,layer_3,0.2,3.2018,train
394,7.364730,nan,0.00003936,layer_3,0.2,3.2018,train
395,7.725999,nan,0.00003946,layer_3,0.2,3.2018,train
396,7.272101,nan,0.00003956,layer_3,0.2,3.2018,train
397,7.357833,nan,0.00003966,layer_3,0.2,3.2018,train
398,6.930841,nan,0.00003976,layer_3,0.2,3.2018,train
399,7.466545,nan,0.00003986,layer_3,0.2,3.2018,train
400,6.825090,nan,0.00003996,layer_3,0.2,3.2018,train
401,8.101746,nan,0.00004006,layer_4,0.2,3.2018,train
402,7.638464,nan,0.00004016,layer_4,0.2,3.2018,train
403,7.393077,nan,0.00004026,layer_4,0.2,3.2018,train
404,6.706964,nan,0.00004036,layer_4,0.2,3.2018,train
405,7.254576,nan,0.00004046,layer_4,0.2,3.2018,train
406,7.463467,nan,0.00004056,layer_4,0.2,3.2018,train
407,7.185123,nan,0.00004066,layer_4,0.2,3.2018,train
408,7.089591,nan,0.00004076,layer_4,0.2,3.2018,train
409,7.636586,nan,0.00004086,layer_4,0.2,3.2018,train
410,7.790398,nan,0.00004096,layer_4,0.2,3.2018,train
411,7.340790,nan,0.00004106,layer_5,0.2,3.2018,train
412,7.149121,nan,0.00004116,layer_5,0.2,3.2018,train
413,7.215100,nan,0.00004126,layer_5,0.2,3.2018,train
414,7.706707,nan,0.00004136,layer_5,0.2,3.2018,train
415,7.072243,nan,0.00004146,layer_5,0.2,3.2018,train
416,7.119733,nan,0.00004156,layer_5,0.2,3.2018,train
417,6.933823,nan,0.00004166,layer_5,0.2,3.2018,train
418,7.384831,nan,0.00004176,layer_5,0.2,3.2018,train
419,6.183260,nan,0.00004186,layer_5,0.2,3.2018,train
420,7.097011,nan,0.00004196,layer_5,0.2,3.2018,train
421,7.612756,nan,0.00004206,layer_6,0.2,3.2018,train
422,6.778138,nan,0.00004216,layer_6,0.2,3.2018,train
423,6.930672,nan,0.00004226,layer_6,0.2,3.2018,train
424,7.201704,nan,0.00004236,layer_6,0.2,3.2018,train
425,7.221617,nan,0.00004246,layer_6,0.2,3.2018,train
426,7.763382,nan,0.00004256,layer_6,0.2,3.2018,train
427,7.814559,nan,0.00004266,layer_6,0.2,3.2018,train
428,7.786942,nan,0.00004276,layer_6,0.2,3.2018,train
429,7.767371,nan,0.00004286,layer_6,0.2,3.2018,train
430,7.445477,nan,0.00004296,layer_6,0.2,3.2018,train
431,6.828764,nan,0.00004306,layer_7,0.2,3.2018,train
432,7.125727,nan,0.00004316,layer_7,0.2,3.2018,train
433,7.510798,nan,0.00004326,layer_7,0.2,3.2018,train
434,7.500063,nan,0.00004336,layer_7,0.2,3.2018,train
435,7.383557,nan,0.00004346,layer_7,0.2,3.2018,train
436,6.863280,nan,0.00004356,layer_7,0.2,3.2018,train
437,7.868771,nan,0.00004366,layer_7,0.2,3.2018,train
438,6.939528,nan,0.00004376,layer_7,0.2,3.2018,train
439,7.289561,nan,0.00004386,layer_7,0.2,3.2018,train
440,8.138644,nan,0.00004396,layer_7,0.2,3.2018,train
441,8.086519,nan,0.00004406,layer_8,0.2,3.2018,train
442,7.048776,nan,0.00004416,layer_8,0.2,3.2018,train
443,7.335566,nan,0.00004426,layer_8,0.2,3.2018,train
444,6.787544,nan,0.00004436,layer_8,0.2,3.2018,train
445,6.748910,nan,0.00004446,layer_8,0.2,3.2018,train
446,6.836156,nan,0.00004456,layer_8,0.2,3.2018,train
447,6.313210,nan,0.00004466,layer_8,0.2,3.2018,train
448,7.083962,nan,0.00004476,layer_8,0.2,3.2018,train
449,7.338229,nan,0.00004486,layer_8,0.2,3.2018,train
450,7.732268,nan,0.00004496,layer_8,0.2,3.2018,train
451,7.100930,nan,0.00004505,layer_9,0.2,3.2018,train
452,7.546737,nan,0.00004515,layer_9,0.2,3.2018,train
453,7.521937,nan,0.00004525,layer_9,0.2,3.2018,train
454,6.677378,nan,0.00004535,layer_9,0.2,3.2018,train
455,7.722263,nan,0.00004545,layer_9,0.2,3.2018,train
456,7.448707,nan,0.00004555,layer_9,0.2,3.2018,train
457,8.535620,nan,0.00004565,layer_9,0.2,3.2018,train
458,7.931202,nan,0.00004575,layer_9,0.2,3.2018,train
459,6.703053,nan,0.00004585,layer_9,0.2,3.2018,train
460,7.878066,nan,0.00004595,layer_9,0.2,3.2018,train
461,7.218829,nan,0.00004605,layer_10,0.2,3.2018,train
462,7.184418,nan,0.00004615,layer_10,0.2,3.2018,train
463,7.295918,nan,0.00004625,layer_10,0.2,3.2018,train
464,7.336637,nan,0.00004635,layer_10,0.2,3.2018,train
465,6.840319,nan,0.00004645,layer_10,0.2,3.2018,train
466,7.489444,nan,0.00004655,layer_10,0.2,3.2018,train
467,7.395751,nan,0.00004665,layer_10,0.2,3.2018,train
468,7.724787,nan,0.00004675,layer_10,0.2,3.2018,train
469,7.751795,nan,0.00004685,layer_10,0.2,3.2018,train
470,7.110761,nan,0.00004695,layer_10,0.2,3.2018,train
471,6.648963,nan,0.00004705,layer_11,0.2,3.2018,train
472,6.846642,nan,0.00004715,layer_11,0.2,3.2018,train
473,6.507464,nan,0.00004725,layer_11,0.2,3.2018,train
474,6.627981,nan,0.00004735,layer_11,0.2,3.2018,train
475,7.282786,nan,0.00004745,layer_11,0.2,3.2018,train
476,7.357867,nan,0.00004755,layer_11,0.2,3.2018,train
477,6.899594,nan,0.00004765,layer_11,0.2,3.2018,train
478,6.889459,nan,0.00004775,layer_11,0.2,3.2018,train
479,6.911043,nan,0.00004785,layer_11,0.2,3.2018,train
480,7.236485,nan,0.00004795,layer_11,0.2,3.2018,train
481,7.793617,nan,0.00004805,layer_0,0.2,3.2018,train
482,7.783949,nan,0.00004815,layer_0,0.2,3.2018,train
483,7.171382,nan,0.00004825,layer_0,0.2,3.2018,train
484,7.624279,nan,0.00004835,layer_0,0.2,3.2018,train
485,6.770759,nan,0.00004845,layer_0,0.2,3.2018,train
486,6.680892,nan,0.00004855,layer_0,0.2,3.2018,train
487,6.689203,nan,0.00004865,layer_0,0.2,3.2018,train
488,7.270784,nan,0.00004875,layer_0,0.2,3.2018,train
489,6.643345,nan,0.00004885,layer_0,0.2,3.2018,train
490,6.990626,nan,0.00004895,layer_0,0.2,3.2018,train
491,6.376354,nan,0.00004905,layer_1,0.2,3.2018,train
492,7.362885,nan,0.00004915,layer_1,0.2,3.2018,train
493,6.826033,nan,0.00004925,layer_1,0.2,3.2018,train
494,6.743227,nan,0.00004935,layer_1,0.2,3.2018,train
495,7.260488,nan,0.00004945,layer_1,0.2,3.2018,train
496,7.107077,nan,0.00004955,layer_1,0.2,3.2018,train
497,7.472294,nan,0.00004965,layer_1,0.2,3.2018,train
498,7.802326,nan,0.00004975,layer_1,0.2,3.2018,train
499,7.754015,nan,0.00004985,layer_1,0.2,3.2018,train
500,6.887311,nan,0.00004995,layer_1,0.2,3.2018,train
500,7.063223,7.066688,0.00005005,layer_2,15.0,3.2018,eval
501,6.950126,nan,0.00005005,layer_2,0.2,3.2018,train
502,6.971025,nan,0.00005015,layer_2,0.2,3.2018,train
503,6.546602,nan,0.00005025,layer_2,0.2,3.2018,train
504,7.277178,nan,0.00005035,layer_2,0.2,3.2018,train
505,6.913120,nan,0.00005045,layer_2,0.2,3.2018,train
506,6.878046,nan,0.00005055,layer_2,0.2,3.2018,train
507,6.877225,nan,0.00005065,layer_2,0.2,3.2018,train
508,6.888310,nan,0.00005075,layer_2,0.2,3.2018,train
509,6.689129,nan,0.00005085,layer_2,0.2,3.2018,train
510,6.117286,nan,0.00005095,layer_2,0.2,3.2018,train
511,6.733315,nan,0.00005105,layer_3,0.2,3.2018,train
512,6.318034,nan,0.00005115,layer_3,0.2,3.2018,train
513,7.378402,nan,0.00005125,layer_3,0.2,3.2018,train
514,6.942455,nan,0.00005135,layer_3,0.2,3.2018,train
515,7.361462,nan,0.00005145,layer_3,0.2,3.2018,train
516,7.847814,nan,0.00005155,layer_3,0.2,3.2018,train
517,5.995453,nan,0.00005165,layer_3,0.2,3.2018,train
518,7.134105,nan,0.00005175,layer_3,0.2,3.2018,train
519,7.004747,nan,0.00005185,layer_3,0.2,3.2018,train
520,6.205853,nan,0.00005195,layer_3,0.2,3.2018,train
521,7.075942,nan,0.00005205,layer_4,0.2,3.2018,train
522,6.413315,nan,0.00005215,layer_4,0.2,3.2018,train
523,5.624228,nan,0.00005225,layer_4,0.2,3.2018,train
524,6.925142,nan,0.00005235,layer_4,0.2,3.2018,train
525,7.014018,nan,0.00005245,layer_4,0.2,3.2018,train
526,7.819661,nan,0.00005255,layer_4,0.2,3.2018,train
527,6.968630,nan,0.00005265,layer_4,0.2,3.2018,train
528,7.097753,nan,0.00005275,layer_4,0.2,3.2018,train
529,6.919222,nan,0.00005285,layer_4,0.2,3.2018,train
530,6.770992,nan,0.00005295,layer_4,0.2,3.2018,train
531,6.620698,nan,0.00005305,layer_5,0.2,3.2018,train
532,7.753708,nan,0.00005315,layer_5,0.2,3.2018,train
533,7.452705,nan,0.00005325,layer_5,0.2,3.2018,train
534,5.946630,nan,0.00005335,layer_5,0.2,3.2018,train
535,5.998040,nan,0.00005345,layer_5,0.2,3.2018,train
536,7.010468,nan,0.00005355,layer_5,0.2,3.2018,train
537,6.528558,nan,0.00005365,layer_5,0.2,3.2018,train
538,7.464042,nan,0.00005375,layer_5,0.2,3.2018,train
539,6.803655,nan,0.00005385,layer_5,0.2,3.2018,train
540,8.001719,nan,0.00005395,layer_5,0.2,3.2018,train
541,6.966397,nan,0.00005405,layer_6,0.2,3.2018,train
542,6.429815,nan,0.00005415,layer_6,0.2,3.2018,train
543,6.117532,nan,0.00005425,layer_6,0.2,3.2018,train
544,6.650347,nan,0.00005435,layer_6,0.2,3.2018,train
545,7.379731,nan,0.00005445,layer_6,0.2,3.2018,train
546,6.967849,nan,0.00005455,layer_6,0.2,3.2018,train
547,6.779355,nan,0.00005465,layer_6,0.2,3.2018,train
548,6.125152,nan,0.00005475,layer_6,0.2,3.2018,train
549,6.500002,nan,0.00005485,layer_6,0.2,3.2018,train
550,7.472572,nan,0.00005495,layer_6,0.2,3.2018,train
551,7.109081,nan,0.00005504,layer_7,0.2,3.2018,train
552,7.732844,nan,0.00005514,layer_7,0.2,3.2018,train
553,6.972684,nan,0.00005524,layer_7,0.2,3.2018,train
554,7.209704,nan,0.00005534,layer_7,0.2,3.2018,train
555,7.493173,nan,0.00005544,layer_7,0.2,3.2018,train
556,7.066422,nan,0.00005554,layer_7,0.2,3.2018,train
557,6.137715,nan,0.00005564,layer_7,0.2,3.2018,train
558,6.551595,nan,0.00005574,layer_7,0.2,3.2018,train
559,6.780790,nan,0.00005584,layer_7,0.2,3.2018,train
560,7.072435,nan,0.00005594,layer_7,0.2,3.2018,train
561,6.701179,nan,0.00005604,layer_8,0.2,3.2018,train
562,7.540067,nan,0.00005614,layer_8,0.2,3.2018,train
563,6.537473,nan,0.00005624,layer_8,0.2,3.2018,train
564,6.773634,nan,0.00005634,layer_8,0.2,3.2018,train
565,6.549703,nan,0.00005644,layer_8,0.2,3.2018,train
566,6.721124,nan,0.00005654,layer_8,0.2,3.2018,train
567,5.788889,nan,0.00005664,layer_8,0.2,3.2018,train
568,7.012434,nan,0.00005674,layer_8,0.2,3.2018,train
569,7.175931,nan,0.00005684,layer_8,0.2,3.2018,train
570,7.055640,nan,0.00005694,layer_8,0.2,3.2018,train
571,6.217801,nan,0.00005704,layer_9,0.2,3.2018,train
572,6.943227,nan,0.00005714,layer_9,0.2,3.2018,train
573,6.824782,nan,0.00005724,layer_9,0.2,3.2018,train
574,6.460752,nan,0.00005734,layer_9,0.2,3.2018,train
575,6.720017,nan,0.00005744,layer_9,0.2,3.2018,train
576,7.301719,nan,0.00005754,layer_9,0.2,3.2018,train
577,7.033820,nan,0.00005764,layer_9,0.2,3.2018,train
578,7.032791,nan,0.00005774,layer_9,0.2,3.2018,train
579,5.814139,nan,0.00005784,layer_9,0.2,3.2018,train
580,6.836244,nan,0.00005794,layer_9,0.2,3.2018,train
581,6.895358,nan,0.00005804,layer_10,0.2,3.2018,train
582,6.550591,nan,0.00005814,layer_10,0.2,3.2018,train
583,6.704419,nan,0.00005824,layer_10,0.2,3.2018,train
584,6.787640,nan,0.00005834,layer_10,0.2,3.2018,train
585,6.568462,nan,0.00005844,layer_10,0.2,3.2018,train
586,6.765001,nan,0.00005854,layer_10,0.2,3.2018,train
587,7.144402,nan,0.00005864,layer_10,0.2,3.2018,train
588,7.045551,nan,0.00005874,layer_10,0.2,3.2018,train
589,6.860839,nan,0.00005884,layer_10,0.2,3.2018,train
590,6.378997,nan,0.00005894,layer_10,0.2,3.2018,train
591,6.943734,nan,0.00005904,layer_11,0.2,3.2018,train
592,6.116650,nan,0.00005914,layer_11,0.2,3.2018,train
593,6.637949,nan,0.00005924,layer_11,0.2,3.2018,train
594,7.173149,nan,0.00005934,layer_11,0.2,3.2018,train
595,7.119016,nan,0.00005944,layer_11,0.2,3.2018,train
596,6.992738,nan,0.00005954,layer_11,0.2,3.2018,train
597,6.805092,nan,0.00005964,layer_11,0.2,3.2018,train
598,7.106080,nan,0.00005974,layer_11,0.2,3.2018,train
599,6.990611,nan,0.00005984,layer_11,0.2,3.2018,train
600,7.092830,nan,0.00005994,layer_11,0.2,3.2018,train
601,6.363342,nan,0.00006004,layer_0,0.2,3.2018,train
602,6.782531,nan,0.00006014,layer_0,0.2,3.2018,train
603,6.819105,nan,0.00006024,layer_0,0.2,3.2018,train
604,7.120080,nan,0.00006034,layer_0,0.2,3.2018,train
605,6.697627,nan,0.00006044,layer_0,0.2,3.2018,train
606,6.147028,nan,0.00006054,layer_0,0.2,3.2018,train
607,7.295058,nan,0.00006064,layer_0,0.2,3.2018,train
608,6.077194,nan,0.00006074,layer_0,0.2,3.2018,train
609,7.118625,nan,0.00006084,layer_0,0.2,3.2018,train
610,7.134113,nan,0.00006094,layer_0,0.2,3.2018,train
611,6.886727,nan,0.00006104,layer_1,0.2,3.2018,train
612,6.570914,nan,0.00006114,layer_1,0.2,3.2018,train
613,7.879087,nan,0.00006124,layer_1,0.2,3.2018,train
614,7.581351,nan,0.00006134,layer_1,0.2,3.2018,train
615,7.549172,nan,0.00006144,layer_1,0.2,3.2018,train
616,7.551937,nan,0.00006154,layer_1,0.2,3.2018,train
617,6.864619,nan,0.00006164,layer_1,0.2,3.2018,train
618,7.319667,nan,0.00006174,layer_1,0.2,3.2018,train
619,6.879230,nan,0.00006184,layer_1,0.2,3.2018,train
620,6.585739,nan,0.00006194,layer_1,0.2,3.2018,train
621,6.774886,nan,0.00006204,layer_2,0.2,3.2018,train
622,7.389314,nan,0.00006214,layer_2,0.2,3.2018,train
623,6.677963,nan,0.00006224,layer_2,0.2,3.2018,train
624,6.001780,nan,0.00006234,layer_2,0.2,3.2018,train
625,6.346441,nan,0.00006244,layer_2,0.2,3.2018,train
626,6.576044,nan,0.00006254,layer_2,0.2,3.2018,train
627,6.496019,nan,0.00006264,layer_2,0.2,3.2018,train
628,6.857358,nan,0.00006274,layer_2,0.2,3.2018,train
629,6.877564,nan,0.00006284,layer_2,0.2,3.2018,train
630,8.020580,nan,0.00006294,layer_2,0.2,3.2018,train
631,7.098537,nan,0.00006304,layer_3,0.2,3.2018,train
632,7.026987,nan,0.00006314,layer_3,0.2,3.2018,train
633,6.480911,nan,0.00006324,layer_3,0.2,3.2018,train
634,7.011481,nan,0.00006334,layer_3,0.2,3.2018,train
635,7.238091,nan,0.00006344,layer_3,0.2,3.2018,train
636,6.385930,nan,0.00006354,layer_3,0.2,3.2018,train
637,7.325969,nan,0.00006364,layer_3,0.2,3.2018,train
638,6.870986,nan,0.00006374,layer_3,0.2,3.2018,train
639,7.609462,nan,0.00006384,layer_3,0.2,3.2018,train
640,6.615714,nan,0.00006394,layer_3,0.2,3.2018,train
641,6.824506,nan,0.00006404,layer_4,0.2,3.2018,train
642,6.346911,nan,0.00006414,layer_4,0.2,3.2018,train
643,6.579178,nan,0.00006424,layer_4,0.2,3.2018,train
644,7.328119,nan,0.00006434,layer_4,0.2,3.2018,train
645,6.742998,nan,0.00006444,layer_4,0.2,3.2018,train
646,7.216020,nan,0.00006454,layer_4,0.2,3.2018,train
647,6.875669,nan,0.00006464,layer_4,0.2,3.2018,train
648,6.521968,nan,0.00006474,layer_4,0.2,3.2018,train
649,7.032997,nan,0.00006484,layer_4,0.2,3.2018,train
650,6.377003,nan,0.00006494,layer_4,0.2,3.2018,train
651,6.591077,nan,0.00006503,layer_5,0.2,3.2018,train
652,6.361844,nan,0.00006513,layer_5,0.2,3.2018,train
653,6.716528,nan,0.00006523,layer_5,0.2,3.2018,train
654,7.194858,nan,0.00006533,layer_5,0.2,3.2018,train
655,6.616350,nan,0.00006543,layer_5,0.2,3.2018,train
656,6.970779,nan,0.00006553,layer_5,0.2,3.2018,train
657,6.976367,nan,0.00006563,layer_5,0.2,3.2018,train
658,6.197612,nan,0.00006573,layer_5,0.2,3.2018,train
659,5.776378,nan,0.00006583,layer_5,0.2,3.2018,train
660,6.325612,nan,0.00006593,layer_5,0.2,3.2018,train
661,7.051580,nan,0.00006603,layer_6,0.2,3.2018,train
662,7.117535,nan,0.00006613,layer_6,0.2,3.2018,train
663,7.166238,nan,0.00006623,layer_6,0.2,3.2018,train
664,6.897649,nan,0.00006633,layer_6,0.2,3.2018,train
665,6.466871,nan,0.00006643,layer_6,0.2,3.2018,train
666,6.445491,nan,0.00006653,layer_6,0.2,3.2018,train
667,6.676229,nan,0.00006663,layer_6,0.2,3.2018,train
668,6.011043,nan,0.00006673,layer_6,0.2,3.2018,train
669,7.276567,nan,0.00006683,layer_6,0.2,3.2018,train
670,6.873434,nan,0.00006693,layer_6,0.2,3.2018,train
671,6.739229,nan,0.00006703,layer_7,0.2,3.2018,train
672,6.617373,nan,0.00006713,layer_7,0.2,3.2018,train
673,6.092497,nan,0.00006723,layer_7,0.2,3.2018,train
674,6.986073,nan,0.00006733,layer_7,0.2,3.2018,train
675,6.932473,nan,0.00006743,layer_7,0.2,3.2018,train
676,7.211253,nan,0.00006753,layer_7,0.2,3.2018,train
677,7.328827,nan,0.00006763,layer_7,0.2,3.2018,train
678,6.323019,nan,0.00006773,layer_7,0.2,3.2018,train
679,6.853886,nan,0.00006783,layer_7,0.2,3.2018,train
680,6.442241,nan,0.00006793,layer_7,0.2,3.2018,train
681,7.459012,nan,0.00006803,layer_8,0.2,3.2018,train
682,6.553894,nan,0.00006813,layer_8,0.2,3.2018,train
683,7.077432,nan,0.00006823,layer_8,0.2,3.2018,train
684,6.695570,nan,0.00006833,layer_8,0.2,3.2018,train
685,6.164779,nan,0.00006843,layer_8,0.2,3.2018,train
686,7.123771,nan,0.00006853,layer_8,0.2,3.2018,train
687,7.413409,nan,0.00006863,layer_8,0.2,3.2018,train
688,6.707595,nan,0.00006873,layer_8,0.2,3.2018,train
689,7.270345,nan,0.00006883,layer_8,0.2,3.2018,train
690,6.575797,nan,0.00006893,layer_8,0.2,3.2018,train
691,6.386939,nan,0.00006903,layer_9,0.2,3.2018,train
692,7.112470,nan,0.00006913,layer_9,0.2,3.2018,train
693,6.717488,nan,0.00006923,layer_9,0.2,3.2018,train
694,7.271626,nan,0.00006933,layer_9,0.2,3.2018,train
695,6.573264,nan,0.00006943,layer_9,0.2,3.2018,train
696,6.932154,nan,0.00006953,layer_9,0.2,3.2018,train
697,6.723099,nan,0.00006963,layer_9,0.2,3.2018,train
698,6.939575,nan,0.00006973,layer_9,0.2,3.2018,train
699,6.983514,nan,0.00006983,layer_9,0.2,3.2018,train
700,7.165299,nan,0.00006993,layer_9,0.2,3.2018,train
701,6.764210,nan,0.00007003,layer_10,0.2,3.2018,train
702,6.590258,nan,0.00007013,layer_10,0.2,3.2018,train
703,6.993492,nan,0.00007023,layer_10,0.2,3.2018,train
704,6.602134,nan,0.00007033,layer_10,0.2,3.2018,train
705,7.586121,nan,0.00007043,layer_10,0.2,3.2018,train
706,7.003057,nan,0.00007053,layer_10,0.2,3.2018,train
707,6.933582,nan,0.00007063,layer_10,0.2,3.2018,train
708,6.822744,nan,0.00007073,layer_10,0.2,3.2018,train
709,6.259788,nan,0.00007083,layer_10,0.2,3.2018,train
710,6.611797,nan,0.00007093,layer_10,0.2,3.2018,train
711,7.636105,nan,0.00007103,layer_11,0.2,3.2018,train
712,6.971574,nan,0.00007113,layer_11,0.2,3.2018,train
713,8.185699,nan,0.00007123,layer_11,0.2,3.2018,train
714,7.084857,nan,0.00007133,layer_11,0.2,3.2018,train
715,6.195129,nan,0.00007143,layer_11,0.2,3.2018,train
716,6.957112,nan,0.00007153,layer_11,0.2,3.2018,train
717,7.134045,nan,0.00007163,layer_11,0.2,3.2018,train
718,6.406069,nan,0.00007173,layer_11,0.2,3.2018,train
719,6.850860,nan,0.00007183,layer_11,0.2,3.2018,train
720,6.631583,nan,0.00007193,layer_11,0.2,3.2018,train
721,7.043371,nan,0.00007203,layer_0,0.2,3.2018,train
722,6.744929,nan,0.00007213,layer_0,0.2,3.2018,train
723,6.719941,nan,0.00007223,layer_0,0.2,3.2018,train
724,6.803821,nan,0.00007233,layer_0,0.2,3.2018,train
725,6.491727,nan,0.00007243,layer_0,0.2,3.2018,train
726,6.718568,nan,0.00007253,layer_0,0.2,3.2018,train
727,6.582951,nan,0.00007263,layer_0,0.2,3.2018,train
728,7.157516,nan,0.00007273,layer_0,0.2,3.2018,train
729,6.386863,nan,0.00007283,layer_0,0.2,3.2018,train
730,6.087200,nan,0.00007293,layer_0,0.2,3.2018,train
731,6.126405,nan,0.00007303,layer_1,0.2,3.2027,train
732,5.963460,nan,0.00007313,layer_1,0.2,3.2027,train
733,6.379771,nan,0.00007323,layer_1,0.2,3.2027,train
734,7.013778,nan,0.00007333,layer_1,0.2,3.2027,train
735,7.052277,nan,0.00007343,layer_1,0.2,3.2027,train
736,6.976275,nan,0.00007353,layer_1,0.2,3.2027,train
737,6.206289,nan,0.00007363,layer_1,0.2,3.2027,train
738,7.146058,nan,0.00007373,layer_1,0.2,3.2027,train
739,5.952374,nan,0.00007383,layer_1,0.2,3.2027,train
740,7.484505,nan,0.00007393,layer_1,0.2,3.2027,train
741,6.485767,nan,0.00007403,layer_2,0.2,3.2027,train
742,6.716736,nan,0.00007413,layer_2,0.2,3.2032,train
743,6.428369,nan,0.00007423,layer_2,0.2,3.2032,train
744,6.422227,nan,0.00007433,layer_2,0.2,3.2032,train
745,6.536482,nan,0.00007443,layer_2,0.2,3.2032,train
746,6.289111,nan,0.00007453,layer_2,0.2,3.2032,train
747,6.804605,nan,0.00007463,layer_2,0.2,3.2032,train
748,6.242517,nan,0.00007473,layer_2,0.2,3.2032,train
749,7.198987,nan,0.00007483,layer_2,0.2,3.2032,train
750,6.426125,nan,0.00007493,layer_2,0.2,3.2032,train
751,7.082973,nan,0.00007502,layer_3,0.2,3.2032,train
752,6.451690,nan,0.00007512,layer_3,0.2,3.2032,train
753,6.651776,nan,0.00007522,layer_3,0.2,3.2032,train
754,5.992550,nan,0.00007532,layer_3,0.2,3.2032,train
755,6.811617,nan,0.00007542,layer_3,0.2,3.2032,train
756,6.598505,nan,0.00007552,layer_3,0.2,3.2032,train
757,7.008600,nan,0.00007562,layer_3,0.2,3.2032,train
758,6.423646,nan,0.00007572,layer_3,0.2,3.2032,train
759,5.894549,nan,0.00007582,layer_3,0.2,3.2032,train
760,6.850764,nan,0.00007592,layer_3,0.2,3.2032,train
761,5.834482,nan,0.00007602,layer_4,0.2,3.2032,train
762,6.750006,nan,0.00007612,layer_4,0.2,3.2032,train
763,6.262594,nan,0.00007622,layer_4,0.2,3.2032,train
764,6.132277,nan,0.00007632,layer_4,0.2,3.2032,train
765,7.582036,nan,0.00007642,layer_4,0.2,3.2032,train
766,6.503544,nan,0.00007652,layer_4,0.2,3.2032,train
767,6.322967,nan,0.00007662,layer_4,0.2,3.2032,train
768,5.999601,nan,0.00007672,layer_4,0.2,3.2032,train
769,7.603168,nan,0.00007682,layer_4,0.2,3.2032,train
770,7.033773,nan,0.00007692,layer_4,0.2,3.2032,train
771,6.067850,nan,0.00007702,layer_5,0.2,3.2032,train
772,7.646936,nan,0.00007712,layer_5,0.2,3.2032,train
773,5.890827,nan,0.00007722,layer_5,0.2,3.2032,train
774,6.911269,nan,0.00007732,layer_5,0.2,3.2032,train
775,6.361645,nan,0.00007742,layer_5,0.2,3.2032,train
776,6.799258,nan,0.00007752,layer_5,0.2,3.2032,train
777,6.464075,nan,0.00007762,layer_5,0.2,3.2032,train
778,6.617041,nan,0.00007772,layer_5,0.2,3.2032,train
779,6.955205,nan,0.00007782,layer_5,0.2,3.2032,train
780,7.050377,nan,0.00007792,layer_5,0.2,3.2032,train
781,6.767448,nan,0.00007802,layer_6,0.2,3.2032,train
782,6.917587,nan,0.00007812,layer_6,0.2,3.2032,train
783,6.728765,nan,0.00007822,layer_6,0.2,3.2032,train
784,6.649445,nan,0.00007832,layer_6,0.2,3.2032,train
785,6.029483,nan,0.00007842,layer_6,0.2,3.2032,train
786,6.451221,nan,0.00007852,layer_6,0.2,3.2032,train
787,7.063869,nan,0.00007862,layer_6,0.2,3.2032,train
788,6.472137,nan,0.00007872,layer_6,0.2,3.2032,train
789,6.511013,nan,0.00007882,layer_6,0.2,3.2032,train
790,7.411282,nan,0.00007892,layer_6,0.2,3.2032,train
791,6.639157,nan,0.00007902,layer_7,0.2,3.2032,train
792,6.990222,nan,0.00007912,layer_7,0.2,3.2032,train
793,6.578597,nan,0.00007922,layer_7,0.2,3.2032,train
794,6.915772,nan,0.00007932,layer_7,0.2,3.2032,train
795,6.130478,nan,0.00007942,layer_7,0.2,3.2032,train
796,6.979209,nan,0.00007952,layer_7,0.2,3.2032,train
797,6.760195,nan,0.00007962,layer_7,0.2,3.2032,train
798,6.307091,nan,0.00007972,layer_7,0.2,3.2032,train
799,6.933876,nan,0.00007982,layer_7,0.2,3.2032,train
800,6.637983,nan,0.00007992,layer_7,0.2,3.2032,train
801,6.973516,nan,0.00008002,layer_8,0.2,3.2032,train
802,6.296815,nan,0.00008012,layer_8,0.2,3.2032,train
803,6.142949,nan,0.00008022,layer_8,0.2,3.2035,train
804,6.209145,nan,0.00008032,layer_8,0.2,3.2035,train
805,6.447310,nan,0.00008042,layer_8,0.2,3.2035,train
806,6.376514,nan,0.00008052,layer_8,0.2,3.2035,train
807,6.444881,nan,0.00008062,layer_8,0.2,3.2035,train
808,6.252028,nan,0.00008072,layer_8,0.2,3.2035,train
809,6.319626,nan,0.00008082,layer_8,0.2,3.2035,train
810,6.523000,nan,0.00008092,layer_8,0.2,3.2035,train
811,6.381881,nan,0.00008102,layer_9,0.2,3.2039,train
812,5.979286,nan,0.00008112,layer_9,0.2,3.2039,train
813,5.682824,nan,0.00008122,layer_9,0.2,3.2039,train
814,6.855079,nan,0.00008132,layer_9,0.2,3.2039,train
815,6.980373,nan,0.00008142,layer_9,0.2,3.2039,train
816,7.151858,nan,0.00008152,layer_9,0.2,3.2039,train
817,6.485051,nan,0.00008162,layer_9,0.2,3.2039,train
818,6.463224,nan,0.00008172,layer_9,0.2,3.2039,train
819,6.925966,nan,0.00008182,layer_9,0.2,3.2039,train
820,6.768622,nan,0.00008192,layer_9,0.2,3.2039,train
821,6.353196,nan,0.00008202,layer_10,0.2,3.2039,train
822,6.556787,nan,0.00008212,layer_10,0.2,3.2039,train
823,5.953723,nan,0.00008222,layer_10,0.2,3.2039,train
824,5.653477,nan,0.00008232,layer_10,0.2,3.2039,train
825,6.644080,nan,0.00008242,layer_10,0.2,3.2039,train
826,7.378883,nan,0.00008252,layer_10,0.2,3.2039,train
827,6.280645,nan,0.00008262,layer_10,0.2,3.2039,train
828,6.988015,nan,0.00008272,layer_10,0.2,3.2039,train
829,6.657989,nan,0.00008282,layer_10,0.2,3.2039,train
830,6.618325,nan,0.00008292,layer_10,0.2,3.2039,train
831,6.346209,nan,0.00008302,layer_11,0.2,3.2039,train
832,7.107922,nan,0.00008312,layer_11,0.2,3.2039,train
833,6.080666,nan,0.00008322,layer_11,0.2,3.2039,train
834,6.159306,nan,0.00008332,layer_11,0.2,3.2039,train
835,6.203037,nan,0.00008342,layer_11,0.2,3.2039,train
836,6.573846,nan,0.00008352,layer_11,0.2,3.2039,train
837,6.522247,nan,0.00008362,layer_11,0.2,3.2039,train
838,6.257109,nan,0.00008372,layer_11,0.2,3.2039,train
839,6.878186,nan,0.00008382,layer_11,0.2,3.2039,train
840,6.842752,nan,0.00008392,layer_11,0.2,3.2039,train
841,6.177773,nan,0.00008402,layer_0,0.2,3.2039,train
842,6.448504,nan,0.00008412,layer_0,0.2,3.2039,train
843,5.364496,nan,0.00008422,layer_0,0.2,3.2039,train
844,7.344754,nan,0.00008432,layer_0,0.2,3.2039,train
845,5.998665,nan,0.00008442,layer_0,0.2,3.2039,train
846,6.357464,nan,0.00008452,layer_0,0.2,3.2039,train
847,6.011129,nan,0.00008462,layer_0,0.2,3.2039,train
848,6.731425,nan,0.00008472,layer_0,0.2,3.2039,train
849,6.788084,nan,0.00008482,layer_0,0.2,3.2039,train
850,6.634447,nan,0.00008492,layer_0,0.2,3.2039,train
851,6.905210,nan,0.00008501,layer_1,0.2,3.2039,train
852,6.173742,nan,0.00008511,layer_1,0.2,3.2039,train
853,6.587422,nan,0.00008521,layer_1,0.2,3.2039,train
854,6.413483,nan,0.00008531,layer_1,0.2,3.2039,train
855,6.488786,nan,0.00008541,layer_1,0.2,3.2039,train
856,6.707750,nan,0.00008551,layer_1,0.2,3.2039,train
857,7.314088,nan,0.00008561,layer_1,0.2,3.2039,train
858,6.730097,nan,0.00008571,layer_1,0.2,3.2039,train
859,6.390168,nan,0.00008581,layer_1,0.2,3.2039,train
860,6.487937,nan,0.00008591,layer_1,0.2,3.2039,train
861,6.921566,nan,0.00008601,layer_2,0.2,3.2039,train
862,6.471615,nan,0.00008611,layer_2,0.2,3.2039,train
863,7.025925,nan,0.00008621,layer_2,0.2,3.2039,train
864,6.583292,nan,0.00008631,layer_2,0.2,3.2039,train
865,6.852043,nan,0.00008641,layer_2,0.2,3.2039,train
866,6.230918,nan,0.00008651,layer_2,0.2,3.2039,train
867,6.341643,nan,0.00008661,layer_2,0.2,3.2039,train
868,5.825634,nan,0.00008671,layer_2,0.2,3.2039,train
869,6.669838,nan,0.00008681,layer_2,0.2,3.2039,train
870,6.592480,nan,0.00008691,layer_2,0.2,3.2039,train
871,6.042784,nan,0.00008701,layer_3,0.2,3.2039,train
872,6.100548,nan,0.00008711,layer_3,0.2,3.2039,train
873,7.097013,nan,0.00008721,layer_3,0.2,3.2039,train
874,7.058869,nan,0.00008731,layer_3,0.2,3.2039,train
875,6.460525,nan,0.00008741,layer_3,0.2,3.2039,train
876,6.673141,nan,0.00008751,layer_3,0.2,3.2039,train
877,6.624688,nan,0.00008761,layer_3,0.2,3.2039,train
878,6.350620,nan,0.00008771,layer_3,0.2,3.2039,train
879,5.814091,nan,0.00008781,layer_3,0.2,3.2039,train
880,7.195169,nan,0.00008791,layer_3,0.2,3.2039,train
881,6.187771,nan,0.00008801,layer_4,0.2,3.2039,train
882,6.639951,nan,0.00008811,layer_4,0.2,3.2039,train
883,6.467238,nan,0.00008821,layer_4,0.2,3.2039,train
884,6.653370,nan,0.00008831,layer_4,0.2,3.2039,train
885,6.221780,nan,0.00008841,layer_4,0.2,3.2039,train
886,6.247695,nan,0.00008851,layer_4,0.2,3.2039,train
887,6.333048,nan,0.00008861,layer_4,0.2,3.2039,train
888,6.699146,nan,0.00008871,layer_4,0.2,3.2039,train
889,6.722843,nan,0.00008881,layer_4,0.2,3.2039,train
890,6.383758,nan,0.00008891,layer_4,0.2,3.2039,train
891,6.699095,nan,0.00008901,layer_5,0.2,3.2039,train
892,6.841712,nan,0.00008911,layer_5,0.2,3.2039,train
893,6.277412,nan,0.00008921,layer_5,0.2,3.2039,train
894,5.687883,nan,0.00008931,layer_5,0.2,3.2039,train
895,6.944671,nan,0.00008941,layer_5,0.2,3.2039,train
896,5.965520,nan,0.00008951,layer_5,0.2,3.2039,train
897,6.582770,nan,0.00008961,layer_5,0.2,3.2039,train
898,6.445440,nan,0.00008971,layer_5,0.2,3.2039,train
899,6.509900,nan,0.00008981,layer_5,0.2,3.2039,train
900,6.560579,nan,0.00008991,layer_5,0.2,3.2039,train
901,6.130883,nan,0.00009001,layer_6,0.2,3.2039,train
902,6.723112,nan,0.00009011,layer_6,0.2,3.2039,train
903,5.167415,nan,0.00009021,layer_6,0.2,3.2039,train
904,6.796880,nan,0.00009031,layer_6,0.2,3.2039,train
905,6.452867,nan,0.00009041,layer_6,0.2,3.2039,train
906,6.578949,nan,0.00009051,layer_6,0.2,3.2039,train
907,6.103049,nan,0.00009061,layer_6,0.2,3.2039,train
908,6.618058,nan,0.00009071,layer_6,0.2,3.2039,train
909,6.571147,nan,0.00009081,layer_6,0.2,3.2039,train
910,7.104192,nan,0.00009091,layer_6,0.2,3.2039,train
911,5.759561,nan,0.00009101,layer_7,0.2,3.2039,train
912,7.155482,nan,0.00009111,layer_7,0.2,3.2039,train
913,6.213072,nan,0.00009121,layer_7,0.2,3.2039,train
914,6.825396,nan,0.00009131,layer_7,0.2,3.2039,train
915,7.099509,nan,0.00009141,layer_7,0.2,3.2039,train
916,6.416056,nan,0.00009151,layer_7,0.2,3.2039,train
917,6.259203,nan,0.00009161,layer_7,0.2,3.2039,train
918,6.220646,nan,0.00009171,layer_7,0.2,3.2039,train
919,5.988708,nan,0.00009181,layer_7,0.2,3.2039,train
920,5.998712,nan,0.00009191,layer_7,0.2,3.2039,train
921,6.167530,nan,0.00009201,layer_8,0.2,3.2039,train
922,6.537716,nan,0.00009211,layer_8,0.2,3.2039,train
923,6.883208,nan,0.00009221,layer_8,0.2,3.2039,train
924,6.435602,nan,0.00009231,layer_8,0.2,3.2039,train
925,6.446811,nan,0.00009241,layer_8,0.2,3.2039,train
926,6.751227,nan,0.00009251,layer_8,0.2,3.2039,train
927,6.561390,nan,0.00009261,layer_8,0.2,3.2039,train
928,6.193084,nan,0.00009271,layer_8,0.2,3.2039,train
929,6.757955,nan,0.00009281,layer_8,0.2,3.2039,train
930,5.947138,nan,0.00009291,layer_8,0.2,3.2039,train
931,6.517189,nan,0.00009301,layer_9,0.2,3.2039,train
932,5.951689,nan,0.00009311,layer_9,0.2,3.2039,train
933,6.080497,nan,0.00009321,layer_9,0.2,3.2039,train
934,5.587906,nan,0.00009331,layer_9,0.2,3.2039,train
935,5.903126,nan,0.00009341,layer_9,0.2,3.2039,train
936,6.230516,nan,0.00009351,layer_9,0.2,3.2039,train
937,6.867638,nan,0.00009361,layer_9,0.2,3.2039,train
938,6.540123,nan,0.00009371,layer_9,0.2,3.2039,train
939,6.637500,nan,0.00009381,layer_9,0.2,3.2039,train
940,6.480730,nan,0.00009391,layer_9,0.2,3.2039,train
941,6.484915,nan,0.00009401,layer_10,0.2,3.2039,train
942,5.601129,nan,0.00009411,layer_10,0.2,3.2039,train
943,6.661288,nan,0.00009421,layer_10,0.2,3.2039,train
944,6.813519,nan,0.00009431,layer_10,0.2,3.2039,train
945,6.103810,nan,0.00009441,layer_10,0.2,3.2039,train
946,7.584475,nan,0.00009451,layer_10,0.2,3.2039,train
947,6.286239,nan,0.00009461,layer_10,0.2,3.2039,train
948,6.674190,nan,0.00009471,layer_10,0.2,3.2039,train
949,6.031722,nan,0.00009481,layer_10,0.2,3.2039,train
950,5.760561,nan,0.00009491,layer_10,0.2,3.2039,train
951,6.640102,nan,0.00009500,layer_11,0.2,3.2039,train
952,6.378273,nan,0.00009510,layer_11,0.2,3.2039,train
953,6.922048,nan,0.00009520,layer_11,0.2,3.2039,train
954,6.680007,nan,0.00009530,layer_11,0.2,3.2039,train
955,6.770798,nan,0.00009540,layer_11,0.2,3.2039,train
956,6.658044,nan,0.00009550,layer_11,0.2,3.2039,train
957,6.251901,nan,0.00009560,layer_11,0.2,3.2039,train
958,7.064898,nan,0.00009570,layer_11,0.2,3.2039,train
959,6.120739,nan,0.00009580,layer_11,0.2,3.2039,train
960,6.455622,nan,0.00009590,layer_11,0.2,3.2039,train
961,6.309076,nan,0.00009600,layer_0,0.2,3.2039,train
962,7.119918,nan,0.00009610,layer_0,0.2,3.2039,train
963,6.060089,nan,0.00009620,layer_0,0.2,3.2039,train
964,7.320803,nan,0.00009630,layer_0,0.2,3.2039,train
965,6.193964,nan,0.00009640,layer_0,0.2,3.2039,train
966,6.012943,nan,0.00009650,layer_0,0.2,3.2039,train
967,6.849176,nan,0.00009660,layer_0,0.2,3.2039,train
968,6.030331,nan,0.00009670,layer_0,0.2,3.2039,train
969,6.380861,nan,0.00009680,layer_0,0.2,3.2039,train
970,6.258814,nan,0.00009690,layer_0,0.2,3.2039,train
971,6.761292,nan,0.00009700,layer_1,0.2,3.2039,train
972,6.511930,nan,0.00009710,layer_1,0.2,3.2039,train
973,6.470531,nan,0.00009720,layer_1,0.2,3.2039,train
974,7.109136,nan,0.00009730,layer_1,0.2,3.2039,train
975,6.397071,nan,0.00009740,layer_1,0.2,3.2039,train
976,6.944041,nan,0.00009750,layer_1,0.2,3.2039,train
977,5.753753,nan,0.00009760,layer_1,0.2,3.2039,train
978,6.662833,nan,0.00009770,layer_1,0.2,3.2039,train
979,6.663486,nan,0.00009780,layer_1,0.2,3.2039,train
980,5.804423,nan,0.00009790,layer_1,0.2,3.2039,train
981,7.559632,nan,0.00009800,layer_2,0.2,3.2039,train
982,6.306518,nan,0.00009810,layer_2,0.2,3.2039,train
983,6.375782,nan,0.00009820,layer_2,0.2,3.2039,train
984,6.108322,nan,0.00009830,layer_2,0.2,3.2039,train
985,7.485373,nan,0.00009840,layer_2,0.2,3.2039,train
986,6.740554,nan,0.00009850,layer_2,0.2,3.2039,train
987,6.490028,nan,0.00009860,layer_2,0.2,3.2039,train
988,6.254195,nan,0.00009870,layer_2,0.2,3.2039,train
989,6.430501,nan,0.00009880,layer_2,0.2,3.2039,train
990,6.089788,nan,0.00009890,layer_2,0.2,3.2039,train
991,7.663929,nan,0.00009900,layer_3,0.2,3.2039,train
992,7.342686,nan,0.00009910,layer_3,0.2,3.2039,train
993,6.837937,nan,0.00009920,layer_3,0.2,3.2039,train
994,6.560755,nan,0.00009930,layer_3,0.2,3.2039,train
995,7.637308,nan,0.00009940,layer_3,0.2,3.2039,train
996,7.135837,nan,0.00009950,layer_3,0.2,3.2039,train
997,6.675677,nan,0.00009960,layer_3,0.2,3.2039,train
998,6.485383,nan,0.00009970,layer_3,0.2,3.2039,train
999,6.230455,nan,0.00009980,layer_3,0.2,3.2039,train
1000,5.638916,nan,0.00009990,layer_3,0.2,3.2039,train
1000,6.408279,6.448011,0.00010000,layer_4,15.1,3.2039,eval
1001,5.929809,nan,0.00010000,layer_4,0.2,3.2039,train
1002,6.523867,nan,0.00010000,layer_4,0.2,3.2039,train
1003,6.720837,nan,0.00010000,layer_4,0.2,3.2039,train
1004,6.715919,nan,0.00010000,layer_4,0.2,3.2039,train
1005,5.946517,nan,0.00010000,layer_4,0.2,3.2039,train
1006,6.450010,nan,0.00010000,layer_4,0.2,3.2039,train
1007,6.256174,nan,0.00010000,layer_4,0.2,3.2039,train
1008,6.410849,nan,0.00010000,layer_4,0.2,3.2039,train
1009,6.465507,nan,0.00010000,layer_4,0.2,3.2039,train
1010,5.958313,nan,0.00010000,layer_4,0.2,3.2039,train
1011,6.238306,nan,0.00010000,layer_5,0.2,3.2039,train
1012,7.126562,nan,0.00010000,layer_5,0.2,3.2039,train
1013,6.257638,nan,0.00010000,layer_5,0.2,3.2039,train
1014,6.256540,nan,0.00010000,layer_5,0.2,3.2039,train
1015,7.102879,nan,0.00010000,layer_5,0.2,3.2039,train
1016,6.537600,nan,0.00010000,layer_5,0.2,3.2039,train
1017,6.455856,nan,0.00010000,layer_5,0.2,3.2039,train
1018,6.782825,nan,0.00010000,layer_5,0.2,3.2039,train
1019,5.767349,nan,0.00010000,layer_5,0.2,3.2039,train
1020,6.105126,nan,0.00010000,layer_5,0.2,3.2039,train
1021,6.291618,nan,0.00010000,layer_6,0.2,3.2039,train
1022,6.349594,nan,0.00010000,layer_6,0.2,3.2039,train
1023,5.612952,nan,0.00010000,layer_6,0.2,3.2039,train
1024,5.951193,nan,0.00010000,layer_6,0.2,3.2039,train
1025,6.241611,nan,0.00010000,layer_6,0.2,3.2039,train
1026,6.519926,nan,0.00010000,layer_6,0.2,3.2039,train
1027,6.384245,nan,0.00010000,layer_6,0.2,3.2039,train
1028,6.712662,nan,0.00010000,layer_6,0.2,3.2039,train
1029,7.342140,nan,0.00010000,layer_6,0.2,3.2039,train
1030,5.098285,nan,0.00010000,layer_6,0.2,3.2039,train
1031,6.182744,nan,0.00010000,layer_7,0.2,3.2039,train
1032,6.585538,nan,0.00010000,layer_7,0.2,3.2039,train
1033,6.323438,nan,0.00010000,layer_7,0.2,3.2039,train
1034,6.185779,nan,0.00010000,layer_7,0.2,3.2039,train
1035,5.891787,nan,0.00010000,layer_7,0.2,3.2039,train
1036,6.501389,nan,0.00010000,layer_7,0.2,3.2039,train
1037,6.413853,nan,0.00010000,layer_7,0.2,3.2039,train
1038,6.028740,nan,0.00010000,layer_7,0.2,3.2039,train
1039,6.762881,nan,0.00010000,layer_7,0.2,3.2039,train
1040,6.249948,nan,0.00010000,layer_7,0.2,3.2039,train
1041,6.416133,nan,0.00010000,layer_8,0.2,3.2039,train
1042,6.128983,nan,0.00010000,layer_8,0.2,3.2039,train
1043,6.567771,nan,0.00010000,layer_8,0.2,3.2039,train
1044,6.252033,nan,0.00010000,layer_8,0.2,3.2039,train
1045,6.267248,nan,0.00010000,layer_8,0.2,3.2039,train
1046,6.581711,nan,0.00010000,layer_8,0.2,3.2039,train
1047,6.760384,nan,0.00010000,layer_8,0.2,3.2039,train
1048,6.354812,nan,0.00010000,layer_8,0.2,3.2039,train
1049,6.257381,nan,0.00010000,layer_8,0.2,3.2039,train
1050,6.582202,nan,0.00010000,layer_8,0.2,3.2039,train
1051,7.234214,nan,0.00010000,layer_9,0.2,3.2039,train
1052,6.264134,nan,0.00010000,layer_9,0.2,3.2039,train
1053,6.032167,nan,0.00010000,layer_9,0.2,3.2039,train
1054,6.265213,nan,0.00010000,layer_9,0.2,3.2039,train
1055,5.585057,nan,0.00010000,layer_9,0.2,3.2039,train
1056,6.698591,nan,0.00010000,layer_9,0.2,3.2039,train
1057,6.783875,nan,0.00010000,layer_9,0.2,3.2039,train
1058,6.428003,nan,0.00010000,layer_9,0.2,3.2039,train
1059,6.973939,nan,0.00010000,layer_9,0.2,3.2039,train
1060,6.014138,nan,0.00010000,layer_9,0.2,3.2039,train
1061,5.828877,nan,0.00010000,layer_10,0.2,3.2039,train
1062,7.549199,nan,0.00010000,layer_10,0.2,3.2039,train
1063,6.067732,nan,0.00010000,layer_10,0.2,3.2039,train
1064,5.856705,nan,0.00010000,layer_10,0.2,3.2039,train
1065,6.494816,nan,0.00010000,layer_10,0.2,3.2039,train
1066,7.537272,nan,0.00010000,layer_10,0.2,3.2039,train
1067,6.140635,nan,0.00010000,layer_10,0.2,3.2039,train
1068,6.305904,nan,0.00010000,layer_10,0.2,3.2039,train
1069,6.315804,nan,0.00010000,layer_10,0.2,3.2039,train
1070,6.530477,nan,0.00010000,layer_10,0.2,3.2039,train
1071,6.008666,nan,0.00010000,layer_11,0.2,3.2039,train
1072,5.653300,nan,0.00010000,layer_11,0.2,3.2039,train
1073,6.787073,nan,0.00010000,layer_11,0.2,3.2039,train
1074,6.409949,nan,0.00010000,layer_11,0.2,3.2039,train
1075,6.479773,nan,0.00010000,layer_11,0.2,3.2039,train
1076,6.730165,nan,0.00010000,layer_11,0.2,3.2039,train
1077,6.219250,nan,0.00010000,layer_11,0.2,3.2039,train
1078,5.055508,nan,0.00010000,layer_11,0.2,3.2039,train
1079,6.428563,nan,0.00010000,layer_11,0.2,3.2039,train
1080,5.885868,nan,0.00010000,layer_11,0.2,3.2039,train
1081,6.149126,nan,0.00010000,layer_0,0.2,3.2039,train
1082,5.861081,nan,0.00010000,layer_0,0.2,3.2039,train
1083,6.569438,nan,0.00010000,layer_0,0.2,3.2039,train
1084,6.743187,nan,0.00010000,layer_0,0.2,3.2039,train
1085,6.712310,nan,0.00010000,layer_0,0.2,3.2039,train
1086,5.832517,nan,0.00010000,layer_0,0.2,3.2039,train
1087,6.240083,nan,0.00010000,layer_0,0.2,3.2039,train
1088,6.313420,nan,0.00010000,layer_0,0.2,3.2039,train
1089,7.022206,nan,0.00010000,layer_0,0.2,3.2039,train
1090,6.517081,nan,0.00010000,layer_0,0.2,3.2039,train
1091,5.908202,nan,0.00010000,layer_1,0.2,3.2039,train
1092,5.544157,nan,0.00010000,layer_1,0.2,3.2039,train
1093,7.288855,nan,0.00010000,layer_1,0.2,3.2039,train
1094,6.584420,nan,0.00010000,layer_1,0.2,3.2039,train
1095,5.917551,nan,0.00010000,layer_1,0.2,3.2039,train
1096,6.240398,nan,0.00010000,layer_1,0.2,3.2039,train
1097,5.973922,nan,0.00010000,layer_1,0.2,3.2039,train
1098,6.185249,nan,0.00010000,layer_1,0.2,3.2039,train
1099,6.572025,nan,0.00010000,layer_1,0.2,3.2039,train
1100,6.255966,nan,0.00010000,layer_1,0.2,3.2039,train
1101,6.922057,nan,0.00010000,layer_2,0.2,3.2039,train
1102,6.231562,nan,0.00010000,layer_2,0.2,3.2039,train
1103,6.350517,nan,0.00010000,layer_2,0.2,3.2039,train
1104,6.615208,nan,0.00010000,layer_2,0.2,3.2039,train
1105,6.707944,nan,0.00010000,layer_2,0.2,3.2039,train
1106,5.961232,nan,0.00010000,layer_2,0.2,3.2039,train
1107,6.820580,nan,0.00010000,layer_2,0.2,3.2039,train
1108,6.341680,nan,0.00010000,layer_2,0.2,3.2039,train
1109,6.425076,nan,0.00010000,layer_2,0.2,3.2039,train
1110,5.939873,nan,0.00010000,layer_2,0.2,3.2039,train
1111,6.595347,nan,0.00010000,layer_3,0.2,3.2039,train
1112,6.228922,nan,0.00010000,layer_3,0.2,3.2039,train
1113,7.127564,nan,0.00010000,layer_3,0.2,3.2039,train
1114,5.389619,nan,0.00010000,layer_3,0.2,3.2039,train
1115,6.011316,nan,0.00010000,layer_3,0.2,3.2039,train
1116,5.816570,nan,0.00010000,layer_3,0.2,3.2039,train
1117,6.545901,nan,0.00010000,layer_3,0.2,3.2039,train
1118,6.850441,nan,0.00010000,layer_3,0.2,3.2039,train
1119,7.187741,nan,0.00010000,layer_3,0.2,3.2039,train
1120,6.391527,nan,0.00010000,layer_3,0.2,3.2039,train
1121,6.302137,nan,0.00010000,layer_4,0.2,3.2039,train
1122,6.203340,nan,0.00010000,layer_4,0.2,3.2039,train
1123,5.586635,nan,0.00010000,layer_4,0.2,3.2039,train
1124,6.367701,nan,0.00010000,layer_4,0.2,3.2039,train
1125,5.574097,nan,0.00010000,layer_4,0.2,3.2039,train
1126,6.005895,nan,0.00010000,layer_4,0.2,3.2039,train
1127,6.473990,nan,0.00010000,layer_4,0.2,3.2039,train
1128,6.603564,nan,0.00010000,layer_4,0.2,3.2039,train
1129,6.252595,nan,0.00010000,layer_4,0.2,3.2039,train
1130,6.373842,nan,0.00010000,layer_4,0.2,3.2039,train
1131,6.890856,nan,0.00010000,layer_5,0.2,3.2039,train
1132,6.165380,nan,0.00010000,layer_5,0.2,3.2039,train
1133,6.136367,nan,0.00010000,layer_5,0.2,3.2039,train
1134,6.497981,nan,0.00010000,layer_5,0.2,3.2039,train
1135,6.161222,nan,0.00010000,layer_5,0.2,3.2039,train
1136,5.792071,nan,0.00010000,layer_5,0.2,3.2039,train
1137,6.456617,nan,0.00010000,layer_5,0.2,3.2039,train
1138,6.555620,nan,0.00010000,layer_5,0.2,3.2039,train
1139,6.561286,nan,0.00010000,layer_5,0.2,3.2039,train
1140,7.488880,nan,0.00010000,layer_5,0.2,3.2039,train
1141,5.730119,nan,0.00010000,layer_6,0.2,3.2039,train
1142,6.856150,nan,0.00010000,layer_6,0.2,3.2039,train
1143,6.588398,nan,0.00010000,layer_6,0.2,3.2039,train
1144,5.987413,nan,0.00010000,layer_6,0.2,3.2039,train
1145,7.451263,nan,0.00010000,layer_6,0.2,3.2039,train
1146,6.491005,nan,0.00010000,layer_6,0.2,3.2039,train
1147,6.050144,nan,0.00010000,layer_6,0.2,3.2039,train
1148,6.612331,nan,0.00010000,layer_6,0.2,3.2039,train
1149,6.131032,nan,0.00010000,layer_6,0.2,3.2039,train
1150,5.973949,nan,0.00010000,layer_6,0.2,3.2039,train
1151,6.408545,nan,0.00010000,layer_7,0.2,3.2039,train
1152,5.870809,nan,0.00010000,layer_7,0.2,3.2039,train
1153,6.477897,nan,0.00010000,layer_7,0.2,3.2039,train
1154,6.821402,nan,0.00010000,layer_7,0.2,3.2039,train
1155,6.428977,nan,0.00010000,layer_7,0.2,3.2039,train
1156,6.080473,nan,0.00010000,layer_7,0.2,3.2039,train
1157,7.057917,nan,0.00010000,layer_7,0.2,3.2039,train
1158,5.994718,nan,0.00010000,layer_7,0.2,3.2039,train
1159,7.020179,nan,0.00010000,layer_7,0.2,3.2039,train
1160,6.641098,nan,0.00010000,layer_7,0.2,3.2039,train
1161,6.477144,nan,0.00010000,layer_8,0.2,3.2039,train
1162,6.598214,nan,0.00010000,layer_8,0.2,3.2039,train
1163,6.733638,nan,0.00010000,layer_8,0.2,3.2039,train
1164,6.843717,nan,0.00010000,layer_8,0.2,3.2039,train
1165,5.740053,nan,0.00010000,layer_8,0.2,3.2039,train
1166,5.958464,nan,0.00010000,layer_8,0.2,3.2039,train
1167,6.715144,nan,0.00010000,layer_8,0.2,3.2039,train
1168,6.935389,nan,0.00010000,layer_8,0.2,3.2039,train
1169,6.375415,nan,0.00010000,layer_8,0.2,3.2039,train
1170,6.465864,nan,0.00010000,layer_8,0.2,3.2039,train
1171,6.475685,nan,0.00010000,layer_9,0.2,3.2039,train
1172,6.441009,nan,0.00010000,layer_9,0.2,3.2039,train
1173,5.601315,nan,0.00010000,layer_9,0.2,3.2039,train
1174,5.955604,nan,0.00010000,layer_9,0.2,3.2039,train
1175,6.195521,nan,0.00010000,layer_9,0.2,3.2039,train
1176,5.643292,nan,0.00010000,layer_9,0.2,3.2039,train
1177,6.004650,nan,0.00010000,layer_9,0.2,3.2039,train
1178,7.508319,nan,0.00010000,layer_9,0.2,3.2039,train
1179,6.320517,nan,0.00010000,layer_9,0.2,3.2039,train
1180,5.907354,nan,0.00010000,layer_9,0.2,3.2039,train
1181,6.019575,nan,0.00010000,layer_10,0.2,3.2039,train
1182,6.307619,nan,0.00010000,layer_10,0.2,3.2039,train
1183,6.731659,nan,0.00010000,layer_10,0.2,3.2039,train
1184,6.803134,nan,0.00010000,layer_10,0.2,3.2039,train
1185,5.502191,nan,0.00010000,layer_10,0.2,3.2039,train
1186,6.164377,nan,0.00010000,layer_10,0.2,3.2039,train
1187,6.385171,nan,0.00010000,layer_10,0.2,3.2039,train
1188,6.034525,nan,0.00010000,layer_10,0.2,3.2039,train
1189,8.249491,nan,0.00010000,layer_10,0.2,3.2039,train
1190,5.651145,nan,0.00010000,layer_10,0.2,3.2039,train
1191,6.299459,nan,0.00010000,layer_11,0.2,3.2039,train
1192,6.023265,nan,0.00010000,layer_11,0.2,3.2039,train
1193,6.140945,nan,0.00010000,layer_11,0.2,3.2039,train
1194,7.180372,nan,0.00010000,layer_11,0.2,3.2039,train
1195,6.063968,nan,0.00010000,layer_11,0.2,3.2039,train
1196,6.822424,nan,0.00010000,layer_11,0.2,3.2039,train
1197,5.976480,nan,0.00010000,layer_11,0.2,3.2039,train
1198,5.877236,nan,0.00010000,layer_11,0.2,3.2039,train
1199,5.801278,nan,0.00010000,layer_11,0.2,3.2039,train
1200,6.375625,nan,0.00010000,layer_11,0.2,3.2039,train
1201,6.201848,nan,0.00010000,layer_0,0.2,3.2039,train
1202,7.446011,nan,0.00010000,layer_0,0.2,3.2039,train
1203,6.402013,nan,0.00010000,layer_0,0.2,3.2039,train
1204,6.470248,nan,0.00010000,layer_0,0.2,3.2039,train
1205,5.619092,nan,0.00010000,layer_0,0.2,3.2039,train
1206,6.428317,nan,0.00010000,layer_0,0.2,3.2039,train
1207,6.217325,nan,0.00010000,layer_0,0.2,3.2039,train
1208,5.818214,nan,0.00010000,layer_0,0.2,3.2039,train
1209,6.064568,nan,0.00010000,layer_0,0.2,3.2039,train
1210,6.235799,nan,0.00010000,layer_0,0.2,3.2039,train
1211,6.023979,nan,0.00010000,layer_1,0.2,3.2039,train
1212,6.621565,nan,0.00010000,layer_1,0.2,3.2039,train
1213,6.598945,nan,0.00010000,layer_1,0.2,3.2039,train
1214,5.775296,nan,0.00010000,layer_1,0.2,3.2039,train
1215,5.620494,nan,0.00010000,layer_1,0.2,3.2039,train
1216,6.238715,nan,0.00010000,layer_1,0.2,3.2039,train
1217,5.840641,nan,0.00010000,layer_1,0.2,3.2039,train
1218,6.777372,nan,0.00010000,layer_1,0.2,3.2039,train
1219,6.709468,nan,0.00010000,layer_1,0.2,3.2039,train
1220,6.364323,nan,0.00010000,layer_1,0.2,3.2039,train
1221,6.196759,nan,0.00010000,layer_2,0.2,3.2039,train
1222,5.941933,nan,0.00010000,layer_2,0.2,3.2039,train
1223,6.279912,nan,0.00010000,layer_2,0.2,3.2039,train
1224,6.333782,nan,0.00010000,layer_2,0.2,3.2039,train
1225,6.044835,nan,0.00010000,layer_2,0.2,3.2039,train
1226,6.702647,nan,0.00010000,layer_2,0.2,3.2039,train
1227,6.244314,nan,0.00010000,layer_2,0.2,3.2039,train
1228,6.357316,nan,0.00010000,layer_2,0.2,3.2039,train
1229,6.143927,nan,0.00010000,layer_2,0.2,3.2039,train
1230,5.292848,nan,0.00010000,layer_2,0.2,3.2039,train
1231,6.378919,nan,0.00010000,layer_3,0.2,3.2039,train
1232,6.822943,nan,0.00010000,layer_3,0.2,3.2039,train
1233,6.296990,nan,0.00010000,layer_3,0.2,3.2039,train
1234,5.725193,nan,0.00010000,layer_3,0.2,3.2039,train
1235,5.749124,nan,0.00010000,layer_3,0.2,3.2039,train
1236,6.202372,nan,0.00010000,layer_3,0.2,3.2039,train
1237,6.154731,nan,0.00010000,layer_3,0.2,3.2039,train
1238,6.450510,nan,0.00010000,layer_3,0.2,3.2039,train
1239,6.714576,nan,0.00010000,layer_3,0.2,3.2039,train
1240,6.510052,nan,0.00010000,layer_3,0.2,3.2039,train
1241,5.981358,nan,0.00010000,layer_4,0.2,3.2039,train
1242,6.038329,nan,0.00010000,layer_4,0.2,3.2039,train
1243,6.807511,nan,0.00010000,layer_4,0.2,3.2039,train
1244,6.078706,nan,0.00010000,layer_4,0.2,3.2039,train
1245,6.400703,nan,0.00010000,layer_4,0.2,3.2039,train
1246,5.918021,nan,0.00010000,layer_4,0.2,3.2039,train
1247,5.198946,nan,0.00010000,layer_4,0.2,3.2039,train
1248,6.304986,nan,0.00010000,layer_4,0.2,3.2039,train
1249,6.468971,nan,0.00010000,layer_4,0.2,3.2039,train
1250,7.738209,nan,0.00010000,layer_4,0.2,3.2039,train
1251,5.639402,nan,0.00010000,layer_5,0.2,3.2039,train
1252,6.373962,nan,0.00010000,layer_5,0.2,3.2039,train
1253,5.943063,nan,0.00010000,layer_5,0.2,3.2039,train
1254,6.861006,nan,0.00010000,layer_5,0.2,3.2039,train
1255,5.793058,nan,0.00010000,layer_5,0.2,3.2039,train
1256,6.099105,nan,0.00010000,layer_5,0.2,3.2039,train
1257,5.437222,nan,0.00010000,layer_5,0.2,3.2039,train
1258,6.016694,nan,0.00010000,layer_5,0.2,3.2039,train
1259,6.616791,nan,0.00010000,layer_5,0.2,3.2039,train
1260,7.051529,nan,0.00010000,layer_5,0.2,3.2039,train
1261,6.401783,nan,0.00010000,layer_6,0.2,3.2039,train
1262,6.152175,nan,0.00010000,layer_6,0.2,3.2039,train
1263,5.395284,nan,0.00010000,layer_6,0.2,3.2039,train
1264,5.503601,nan,0.00010000,layer_6,0.2,3.2039,train
1265,6.252191,nan,0.00010000,layer_6,0.2,3.2039,train
1266,7.039331,nan,0.00010000,layer_6,0.2,3.2039,train
1267,6.045293,nan,0.00010000,layer_6,0.2,3.2039,train
1268,6.305306,nan,0.00010000,layer_6,0.2,3.2039,train
1269,6.382417,nan,0.00010000,layer_6,0.2,3.2039,train
1270,6.601153,nan,0.00010000,layer_6,0.2,3.2039,train
1271,6.680042,nan,0.00010000,layer_7,0.2,3.2039,train
1272,6.269625,nan,0.00010000,layer_7,0.2,3.2039,train
1273,6.383349,nan,0.00010000,layer_7,0.2,3.2039,train
1274,6.337699,nan,0.00010000,layer_7,0.2,3.2039,train
1275,6.609162,nan,0.00010000,layer_7,0.2,3.2039,train
1276,6.254235,nan,0.00010000,layer_7,0.2,3.2039,train
1277,6.574952,nan,0.00010000,layer_7,0.2,3.2039,train
1278,6.712674,nan,0.00010000,layer_7,0.2,3.2039,train
1279,6.383332,nan,0.00010000,layer_7,0.2,3.2039,train
1280,6.804185,nan,0.00010000,layer_7,0.2,3.2039,train
1281,6.226437,nan,0.00010000,layer_8,0.2,3.2039,train
1282,6.056210,nan,0.00010000,layer_8,0.2,3.2039,train
1283,6.140103,nan,0.00010000,layer_8,0.2,3.2039,train
1284,5.720887,nan,0.00010000,layer_8,0.2,3.2039,train
1285,5.637815,nan,0.00010000,layer_8,0.2,3.2039,train
1286,5.163946,nan,0.00010000,layer_8,0.2,3.2039,train
1287,6.109863,nan,0.00010000,layer_8,0.2,3.2039,train
1288,6.173223,nan,0.00010000,layer_8,0.2,3.2039,train
1289,6.816056,nan,0.00010000,layer_8,0.2,3.2039,train
1290,5.973092,nan,0.00010000,layer_8,0.2,3.2039,train
1291,6.255085,nan,0.00010000,layer_9,0.2,3.2039,train
1292,5.976995,nan,0.00010000,layer_9,0.2,3.2039,train
1293,6.268419,nan,0.00010000,layer_9,0.2,3.2039,train
1294,6.080062,nan,0.00010000,layer_9,0.2,3.2039,train
1295,6.388494,nan,0.00010000,layer_9,0.2,3.2039,train
1296,6.021496,nan,0.00010000,layer_9,0.2,3.2039,train
1297,6.263392,nan,0.00010000,layer_9,0.2,3.2039,train
1298,5.858003,nan,0.00010000,layer_9,0.2,3.2039,train
1299,5.503663,nan,0.00010000,layer_9,0.2,3.2039,train
1300,6.869266,nan,0.00010000,layer_9,0.2,3.2039,train
1301,6.528531,nan,0.00010000,layer_10,0.2,3.2039,train
1302,5.832462,nan,0.00010000,layer_10,0.2,3.2039,train
1303,5.947866,nan,0.00010000,layer_10,0.2,3.2039,train
1304,7.315266,nan,0.00010000,layer_10,0.2,3.2039,train
1305,5.840703,nan,0.00010000,layer_10,0.2,3.2039,train
1306,6.023542,nan,0.00010000,layer_10,0.2,3.2039,train
1307,6.010067,nan,0.00010000,layer_10,0.2,3.2039,train
1308,6.636063,nan,0.00010000,layer_10,0.2,3.2039,train
1309,5.768926,nan,0.00010000,layer_10,0.2,3.2039,train
1310,7.003859,nan,0.00010000,layer_10,0.2,3.2039,train
1311,6.533537,nan,0.00010000,layer_11,0.2,3.2039,train
1312,6.911129,nan,0.00010000,layer_11,0.2,3.2039,train
1313,5.757288,nan,0.00010000,layer_11,0.2,3.2039,train
1314,5.473362,nan,0.00010000,layer_11,0.2,3.2039,train
1315,6.199597,nan,0.00010000,layer_11,0.2,3.2039,train
1316,5.641964,nan,0.00010000,layer_11,0.2,3.2039,train
1317,5.983410,nan,0.00010000,layer_11,0.2,3.2039,train
1318,6.446282,nan,0.00010000,layer_11,0.2,3.2039,train
1319,6.146629,nan,0.00010000,layer_11,0.2,3.2039,train
1320,6.269253,nan,0.00010000,layer_11,0.2,3.2039,train
1321,6.250000,nan,0.00010000,layer_0,0.2,3.2039,train
1322,6.175042,nan,0.00010000,layer_0,0.2,3.2039,train
1323,6.344623,nan,0.00010000,layer_0,0.2,3.2039,train
1324,6.440595,nan,0.00010000,layer_0,0.2,3.2039,train
1325,6.137692,nan,0.00010000,layer_0,0.2,3.2039,train
1326,6.993888,nan,0.00010000,layer_0,0.2,3.2039,train
1327,6.415402,nan,0.00010000,layer_0,0.2,3.2039,train
1328,5.824602,nan,0.00010000,layer_0,0.2,3.2039,train
1329,6.517060,nan,0.00010000,layer_0,0.2,3.2039,train
1330,5.522156,nan,0.00010000,layer_0,0.2,3.2039,train
1331,6.257150,nan,0.00010000,layer_1,0.2,3.2039,train
1332,6.302523,nan,0.00010000,layer_1,0.2,3.2039,train
1333,6.315154,nan,0.00010000,layer_1,0.2,3.2039,train
1334,6.540444,nan,0.00010000,layer_1,0.2,3.2039,train
1335,6.133191,nan,0.00010000,layer_1,0.2,3.2039,train
1336,7.152706,nan,0.00010000,layer_1,0.2,3.2039,train
1337,6.372593,nan,0.00010000,layer_1,0.2,3.2039,train
1338,6.430383,nan,0.00010000,layer_1,0.2,3.2039,train
1339,5.602952,nan,0.00010000,layer_1,0.2,3.2039,train
1340,6.161940,nan,0.00010000,layer_1,0.2,3.2039,train
1341,6.011818,nan,0.00010000,layer_2,0.2,3.2039,train
1342,6.048220,nan,0.00010000,layer_2,0.2,3.2039,train
1343,6.152338,nan,0.00010000,layer_2,0.2,3.2039,train
1344,6.402254,nan,0.00010000,layer_2,0.2,3.2039,train
1345,5.860638,nan,0.00010000,layer_2,0.2,3.2039,train
1346,7.002465,nan,0.00010000,layer_2,0.2,3.2039,train
1347,7.021673,nan,0.00010000,layer_2,0.2,3.2039,train
1348,6.306394,nan,0.00010000,layer_2,0.2,3.2039,train
1349,7.200440,nan,0.00010000,layer_2,0.2,3.2039,train
1350,6.341389,nan,0.00010000,layer_2,0.2,3.2039,train
1351,5.960828,nan,0.00010000,layer_3,0.2,3.2039,train
1352,5.772411,nan,0.00010000,layer_3,0.2,3.2039,train
1353,6.059019,nan,0.00010000,layer_3,0.2,3.2039,train
1354,7.050667,nan,0.00010000,layer_3,0.2,3.2039,train
1355,6.950004,nan,0.00010000,layer_3,0.2,3.2039,train
1356,6.087031,nan,0.00010000,layer_3,0.2,3.2039,train
1357,5.640396,nan,0.00010000,layer_3,0.2,3.2039,train
1358,7.529381,nan,0.00010000,layer_3,0.2,3.2039,train
1359,6.436591,nan,0.00010000,layer_3,0.2,3.2039,train
1360,6.246518,nan,0.00010000,layer_3,0.2,3.2039,train
1361,5.969873,nan,0.00010000,layer_4,0.2,3.2039,train
1362,6.270356,nan,0.00010000,layer_4,0.2,3.2039,train
1363,6.310704,nan,0.00010000,layer_4,0.2,3.2039,train
1364,6.580300,nan,0.00010000,layer_4,0.2,3.2039,train
1365,6.710645,nan,0.00010000,layer_4,0.2,3.2039,train
1366,6.325931,nan,0.00010000,layer_4,0.2,3.2039,train
1367,6.408355,nan,0.00010000,layer_4,0.2,3.2039,train
1368,6.243013,nan,0.00010000,layer_4,0.2,3.2039,train
1369,6.645419,nan,0.00010000,layer_4,0.2,3.2039,train
1370,6.452104,nan,0.00010000,layer_4,0.2,3.2039,train
1371,5.879271,nan,0.00010000,layer_5,0.2,3.2039,train
1372,7.007329,nan,0.00010000,layer_5,0.2,3.2039,train
1373,5.362473,nan,0.00010000,layer_5,0.2,3.2039,train
1374,6.301309,nan,0.00010000,layer_5,0.2,3.2039,train
1375,6.254643,nan,0.00010000,layer_5,0.2,3.2039,train
1376,6.709853,nan,0.00010000,layer_5,0.2,3.2039,train
1377,6.066398,nan,0.00010000,layer_5,0.2,3.2039,train
1378,6.481626,nan,0.00010000,layer_5,0.2,3.2039,train
1379,6.164452,nan,0.00010000,layer_5,0.2,3.2039,train
1380,7.525578,nan,0.00010000,layer_5,0.2,3.2039,train
1381,5.721511,nan,0.00010000,layer_6,0.2,3.2039,train
1382,6.366939,nan,0.00010000,layer_6,0.2,3.2039,train
1383,6.524319,nan,0.00010000,layer_6,0.2,3.2039,train
1384,6.798523,nan,0.00010000,layer_6,0.2,3.2039,train
1385,6.241464,nan,0.00010000,layer_6,0.2,3.2039,train
1386,6.330360,nan,0.00010000,layer_6,0.1,3.2039,train
1387,6.545603,nan,0.00010000,layer_6,0.2,3.2039,train
1388,6.175533,nan,0.00010000,layer_6,0.2,3.2039,train
1389,5.921746,nan,0.00010000,layer_6,0.2,3.2039,train
1390,5.798777,nan,0.00010000,layer_6,0.2,3.2039,train
1391,6.700200,nan,0.00010000,layer_7,0.2,3.2039,train
1392,6.320904,nan,0.00010000,layer_7,0.2,3.2039,train
1393,5.910297,nan,0.00010000,layer_7,0.2,3.2039,train
1394,6.387923,nan,0.00010000,layer_7,0.2,3.2039,train
1395,5.714721,nan,0.00010000,layer_7,0.2,3.2039,train
1396,6.786798,nan,0.00010000,layer_7,0.2,3.2039,train
1397,5.780162,nan,0.00010000,layer_7,0.2,3.2039,train
1398,7.015910,nan,0.00010000,layer_7,0.2,3.2039,train
1399,6.178725,nan,0.00010000,layer_7,0.2,3.2039,train
1400,6.169833,nan,0.00010000,layer_7,0.2,3.2039,train
1401,6.004490,nan,0.00010000,layer_8,0.2,3.2039,train
1402,6.946072,nan,0.00010000,layer_8,0.2,3.2039,train
1403,5.945226,nan,0.00010000,layer_8,0.2,3.2039,train
1404,5.947497,nan,0.00010000,layer_8,0.2,3.2039,train
1405,5.964336,nan,0.00010000,layer_8,0.2,3.2039,train
1406,5.512895,nan,0.00010000,layer_8,0.2,3.2039,train
1407,6.634185,nan,0.00010000,layer_8,0.2,3.2039,train
1408,6.549528,nan,0.00010000,layer_8,0.2,3.2039,train
1409,6.355893,nan,0.00010000,layer_8,0.2,3.2039,train
1410,6.432034,nan,0.00010000,layer_8,0.2,3.2039,train
1411,6.141064,nan,0.00010000,layer_9,0.2,3.2039,train
1412,5.824307,nan,0.00010000,layer_9,0.2,3.2039,train
1413,5.954256,nan,0.00010000,layer_9,0.2,3.2039,train
1414,5.581022,nan,0.00010000,layer_9,0.2,3.2039,train
1415,5.729752,nan,0.00010000,layer_9,0.2,3.2039,train
1416,5.871482,nan,0.00010000,layer_9,0.2,3.2039,train
1417,6.085866,nan,0.00010000,layer_9,0.2,3.2039,train
1418,6.280368,nan,0.00010000,layer_9,0.2,3.2039,train
1419,5.914670,nan,0.00010000,layer_9,0.2,3.2039,train
1420,7.128757,nan,0.00010000,layer_9,0.2,3.2039,train
1421,6.829736,nan,0.00010000,layer_10,0.2,3.2039,train
1422,5.722304,nan,0.00010000,layer_10,0.2,3.2039,train
1423,5.987617,nan,0.00010000,layer_10,0.2,3.2039,train
1424,6.944573,nan,0.00010000,layer_10,0.2,3.2039,train
1425,5.301181,nan,0.00010000,layer_10,0.2,3.2039,train
1426,7.809364,nan,0.00010000,layer_10,0.2,3.2039,train
1427,6.237345,nan,0.00010000,layer_10,0.2,3.2039,train
1428,6.330850,nan,0.00010000,layer_10,0.2,3.2039,train
1429,6.465452,nan,0.00010000,layer_10,0.2,3.2039,train
1430,5.730067,nan,0.00010000,layer_10,0.2,3.2039,train
1431,5.563850,nan,0.00009999,layer_11,0.2,3.2039,train
1432,6.078631,nan,0.00009999,layer_11,0.2,3.2039,train
1433,6.372580,nan,0.00009999,layer_11,0.2,3.2039,train
1434,6.061817,nan,0.00009999,layer_11,0.2,3.2039,train
1435,5.494526,nan,0.00009999,layer_11,0.2,3.2039,train
1436,6.292799,nan,0.00009999,layer_11,0.2,3.2039,train
1437,6.152004,nan,0.00009999,layer_11,0.2,3.2039,train
1438,6.378494,nan,0.00009999,layer_11,0.2,3.2039,train
1439,5.967364,nan,0.00009999,layer_11,0.2,3.2039,train
1440,6.249902,nan,0.00009999,layer_11,0.2,3.2039,train
1441,5.985605,nan,0.00009999,layer_0,0.2,3.2039,train
1442,6.106636,nan,0.00009999,layer_0,0.2,3.2039,train
1443,6.441373,nan,0.00009999,layer_0,0.2,3.2039,train
1444,5.521796,nan,0.00009999,layer_0,0.2,3.2039,train
1445,6.460078,nan,0.00009999,layer_0,0.2,3.2039,train
1446,6.553925,nan,0.00009999,layer_0,0.2,3.2039,train
1447,5.663334,nan,0.00009999,layer_0,0.2,3.2039,train
1448,6.118599,nan,0.00009999,layer_0,0.2,3.2039,train
1449,6.246169,nan,0.00009999,layer_0,0.2,3.2039,train
1450,5.541105,nan,0.00009999,layer_0,0.2,3.2039,train
1451,4.989108,nan,0.00009999,layer_1,0.2,3.2039,train
1452,6.087713,nan,0.00009999,layer_1,0.2,3.2039,train
1453,6.764609,nan,0.00009999,layer_1,0.2,3.2039,train
1454,5.834002,nan,0.00009999,layer_1,0.2,3.2039,train
1455,5.143220,nan,0.00009999,layer_1,0.2,3.2039,train
1456,5.860006,nan,0.00009999,layer_1,0.2,3.2039,train
1457,6.092660,nan,0.00009999,layer_1,0.2,3.2039,train
1458,6.771590,nan,0.00009999,layer_1,0.2,3.2039,train
1459,6.387603,nan,0.00009999,layer_1,0.2,3.2039,train
1460,5.840563,nan,0.00009999,layer_1,0.2,3.2039,train
1461,6.054247,nan,0.00009999,layer_2,0.2,3.2039,train
1462,6.892936,nan,0.00009999,layer_2,0.2,3.2039,train
1463,6.813621,nan,0.00009999,layer_2,0.2,3.2039,train
1464,5.499604,nan,0.00009999,layer_2,0.2,3.2039,train
1465,6.327894,nan,0.00009999,layer_2,0.2,3.2039,train
1466,6.178540,nan,0.00009999,layer_2,0.2,3.2039,train
1467,5.993878,nan,0.00009999,layer_2,0.2,3.2039,train
1468,6.889624,nan,0.00009999,layer_2,0.2,3.2039,train
1469,5.520257,nan,0.00009999,layer_2,0.2,3.2039,train
1470,6.087922,nan,0.00009999,layer_2,0.2,3.2039,train
1471,5.766155,nan,0.00009999,layer_3,0.2,3.2039,train
1472,6.054060,nan,0.00009999,layer_3,0.2,3.2039,train
1473,5.832475,nan,0.00009999,layer_3,0.2,3.2039,train
1474,6.181950,nan,0.00009999,layer_3,0.2,3.2039,train
1475,6.264827,nan,0.00009999,layer_3,0.2,3.2039,train
1476,6.431637,nan,0.00009999,layer_3,0.2,3.2039,train
1477,5.835896,nan,0.00009999,layer_3,0.2,3.2039,train
1478,6.045810,nan,0.00009999,layer_3,0.2,3.2039,train
1479,5.755175,nan,0.00009999,layer_3,0.2,3.2039,train
1480,6.045428,nan,0.00009999,layer_3,0.2,3.2039,train
1481,5.397628,nan,0.00009999,layer_4,0.2,3.2039,train
1482,6.185315,nan,0.00009999,layer_4,0.2,3.2039,train
1483,6.335098,nan,0.00009999,layer_4,0.2,3.2039,train
1484,5.344041,nan,0.00009999,layer_4,0.2,3.2039,train
1485,6.159331,nan,0.00009999,layer_4,0.2,3.2039,train
1486,6.880617,nan,0.00009999,layer_4,0.2,3.2039,train
1487,7.008555,nan,0.00009999,layer_4,0.2,3.2039,train
1488,6.035010,nan,0.00009999,layer_4,0.2,3.2039,train
1489,5.955485,nan,0.00009999,layer_4,0.2,3.2039,train
1490,5.824164,nan,0.00009999,layer_4,0.2,3.2039,train
1491,6.160549,nan,0.00009999,layer_5,0.2,3.2039,train
1492,6.082156,nan,0.00009999,layer_5,0.2,3.2039,train
1493,6.457524,nan,0.00009999,layer_5,0.2,3.2039,train
1494,6.456690,nan,0.00009999,layer_5,0.2,3.2039,train
1495,6.687669,nan,0.00009999,layer_5,0.2,3.2039,train
1496,6.100718,nan,0.00009999,layer_5,0.2,3.2039,train
1497,6.339853,nan,0.00009999,layer_5,0.2,3.2039,train
1498,5.629662,nan,0.00009999,layer_5,0.2,3.2039,train
1499,5.880158,nan,0.00009999,layer_5,0.2,3.2039,train
1500,6.588229,nan,0.00009999,layer_5,0.2,3.2039,train
1500,6.207581,6.142288,0.00009999,layer_6,15.1,3.2039,eval
1501,6.645133,nan,0.00009999,layer_6,0.2,3.2039,train
1502,5.939537,nan,0.00009999,layer_6,0.2,3.2039,train
1503,5.988023,nan,0.00009999,layer_6,0.2,3.2039,train
1504,6.322244,nan,0.00009999,layer_6,0.2,3.2039,train
1505,6.173498,nan,0.00009999,layer_6,0.2,3.2039,train
1506,6.274217,nan,0.00009999,layer_6,0.2,3.2039,train
1507,6.075507,nan,0.00009999,layer_6,0.2,3.2039,train
1508,6.201124,nan,0.00009999,layer_6,0.2,3.2039,train
1509,6.144886,nan,0.00009999,layer_6,0.2,3.2039,train
1510,5.242733,nan,0.00009999,layer_6,0.2,3.2039,train
1511,5.551899,nan,0.00009999,layer_7,0.2,3.2039,train
1512,5.411744,nan,0.00009999,layer_7,0.2,3.2039,train
1513,6.533827,nan,0.00009999,layer_7,0.2,3.2039,train
1514,6.309652,nan,0.00009999,layer_7,0.2,3.2039,train
1515,6.493754,nan,0.00009999,layer_7,0.2,3.2039,train
1516,6.699048,nan,0.00009999,layer_7,0.2,3.2039,train
1517,6.749954,nan,0.00009999,layer_7,0.2,3.2039,train
1518,6.810509,nan,0.00009999,layer_7,0.2,3.2039,train
1519,6.621168,nan,0.00009999,layer_7,0.2,3.2039,train
1520,6.127660,nan,0.00009999,layer_7,0.2,3.2039,train
1521,6.140756,nan,0.00009999,layer_8,0.2,3.2039,train
1522,5.841230,nan,0.00009999,layer_8,0.2,3.2039,train
1523,5.924929,nan,0.00009999,layer_8,0.2,3.2039,train
1524,5.719025,nan,0.00009999,layer_8,0.2,3.2039,train
1525,6.278201,nan,0.00009999,layer_8,0.2,3.2039,train
1526,5.996718,nan,0.00009999,layer_8,0.2,3.2039,train
1527,6.327649,nan,0.00009999,layer_8,0.2,3.2039,train
1528,6.170253,nan,0.00009999,layer_8,0.2,3.2039,train
1529,6.200336,nan,0.00009999,layer_8,0.2,3.2039,train
1530,6.017186,nan,0.00009999,layer_8,0.2,3.2039,train
1531,6.405982,nan,0.00009999,layer_9,0.2,3.2039,train
1532,5.398554,nan,0.00009999,layer_9,0.2,3.2039,train
1533,6.541982,nan,0.00009999,layer_9,0.2,3.2039,train
1534,6.649233,nan,0.00009999,layer_9,0.2,3.2039,train
1535,5.447980,nan,0.00009999,layer_9,0.2,3.2039,train
1536,6.563386,nan,0.00009999,layer_9,0.2,3.2039,train
1537,6.285669,nan,0.00009999,layer_9,0.2,3.2039,train
1538,6.066367,nan,0.00009999,layer_9,0.2,3.2039,train
1539,5.686447,nan,0.00009999,layer_9,0.2,3.2039,train
1540,5.834000,nan,0.00009999,layer_9,0.2,3.2039,train
1541,6.386461,nan,0.00009999,layer_10,0.2,3.2039,train
1542,6.202855,nan,0.00009999,layer_10,0.2,3.2039,train
1543,6.810742,nan,0.00009999,layer_10,0.2,3.2039,train
1544,6.201808,nan,0.00009999,layer_10,0.2,3.2039,train
1545,6.581396,nan,0.00009999,layer_10,0.2,3.2039,train
1546,6.396972,nan,0.00009999,layer_10,0.2,3.2039,train
1547,5.733279,nan,0.00009999,layer_10,0.2,3.2039,train
1548,5.727093,nan,0.00009999,layer_10,0.2,3.2039,train
1549,5.049193,nan,0.00009999,layer_10,0.2,3.2039,train
1550,5.677787,nan,0.00009999,layer_10,0.2,3.2039,train
1551,6.282135,nan,0.00009999,layer_11,0.2,3.2039,train
1552,6.776143,nan,0.00009999,layer_11,0.2,3.2039,train
1553,4.440593,nan,0.00009999,layer_11,0.2,3.2039,train
1554,6.131835,nan,0.00009999,layer_11,0.2,3.2039,train
1555,6.241168,nan,0.00009999,layer_11,0.2,3.2039,train
1556,6.322208,nan,0.00009999,layer_11,0.2,3.2039,train
1557,6.085963,nan,0.00009999,layer_11,0.2,3.2039,train
1558,5.389627,nan,0.00009999,layer_11,0.2,3.2039,train
1559,6.342118,nan,0.00009999,layer_11,0.2,3.2039,train
1560,6.531119,nan,0.00009999,layer_11,0.2,3.2039,train
1561,6.520788,nan,0.00009999,layer_0,0.2,3.2039,train
1562,5.602938,nan,0.00009999,layer_0,0.2,3.2039,train
1563,6.213686,nan,0.00009999,layer_0,0.2,3.2039,train
1564,6.071368,nan,0.00009999,layer_0,0.2,3.2039,train
1565,5.800425,nan,0.00009999,layer_0,0.2,3.2039,train
1566,6.627942,nan,0.00009999,layer_0,0.2,3.2039,train
1567,6.523009,nan,0.00009999,layer_0,0.2,3.2039,train
1568,5.386119,nan,0.00009999,layer_0,0.2,3.2039,train
1569,6.030490,nan,0.00009999,layer_0,0.2,3.2039,train
1570,6.153698,nan,0.00009999,layer_0,0.2,3.2039,train
1571,6.265712,nan,0.00009999,layer_1,0.2,3.2039,train
1572,6.733653,nan,0.00009999,layer_1,0.2,3.2039,train
1573,6.119464,nan,0.00009999,layer_1,0.2,3.2039,train
1574,6.403517,nan,0.00009999,layer_1,0.2,3.2039,train
1575,5.717359,nan,0.00009999,layer_1,0.2,3.2039,train
1576,6.567379,nan,0.00009999,layer_1,0.2,3.2039,train
1577,7.132022,nan,0.00009999,layer_1,0.2,3.2039,train
1578,6.160930,nan,0.00009999,layer_1,0.2,3.2039,train
1579,5.799214,nan,0.00009999,layer_1,0.2,3.2039,train
1580,6.328090,nan,0.00009999,layer_1,0.2,3.2039,train
1581,5.918089,nan,0.00009999,layer_2,0.2,3.2039,train
1582,6.006276,nan,0.00009999,layer_2,0.2,3.2039,train
1583,5.959686,nan,0.00009999,layer_2,0.2,3.2039,train
1584,6.350075,nan,0.00009999,layer_2,0.2,3.2039,train
1585,5.880342,nan,0.00009999,layer_2,0.2,3.2039,train
1586,5.414376,nan,0.00009999,layer_2,0.2,3.2039,train
1587,6.359385,nan,0.00009999,layer_2,0.2,3.2039,train
1588,6.190349,nan,0.00009999,layer_2,0.2,3.2039,train
1589,5.582671,nan,0.00009999,layer_2,0.2,3.2039,train
1590,5.846387,nan,0.00009999,layer_2,0.2,3.2039,train
1591,6.258307,nan,0.00009999,layer_3,0.2,3.2039,train
1592,5.958998,nan,0.00009999,layer_3,0.2,3.2039,train
1593,7.059406,nan,0.00009999,layer_3,0.2,3.2039,train
1594,6.065813,nan,0.00009999,layer_3,0.2,3.2039,train
1595,6.159669,nan,0.00009999,layer_3,0.2,3.2039,train
1596,6.743681,nan,0.00009999,layer_3,0.2,3.2039,train
1597,6.115794,nan,0.00009999,layer_3,0.2,3.2039,train
1598,6.062246,nan,0.00009999,layer_3,0.2,3.2039,train
1599,6.434420,nan,0.00009999,layer_3,0.2,3.2039,train
1600,5.845968,nan,0.00009999,layer_3,0.2,3.2039,train
1601,6.047618,nan,0.00009999,layer_4,0.2,3.2039,train
1602,6.359456,nan,0.00009999,layer_4,0.2,3.2039,train
1603,5.994629,nan,0.00009999,layer_4,0.2,3.2039,train
1604,5.693136,nan,0.00009999,layer_4,0.2,3.2039,train
1605,6.239928,nan,0.00009999,layer_4,0.2,3.2039,train
1606,5.949021,nan,0.00009999,layer_4,0.2,3.2039,train
1607,6.768582,nan,0.00009999,layer_4,0.2,3.2039,train
1608,6.250540,nan,0.00009999,layer_4,0.2,3.2039,train
1609,5.804224,nan,0.00009999,layer_4,0.2,3.2039,train
1610,6.457785,nan,0.00009999,layer_4,0.2,3.2039,train
1611,6.322185,nan,0.00009999,layer_5,0.2,3.2039,train
1612,6.699189,nan,0.00009999,layer_5,0.2,3.2039,train
1613,6.333703,nan,0.00009999,layer_5,0.2,3.2039,train
1614,5.812182,nan,0.00009999,layer_5,0.2,3.2039,train
1615,6.666627,nan,0.00009999,layer_5,0.2,3.2039,train
1616,6.045294,nan,0.00009999,layer_5,0.2,3.2039,train
1617,6.012581,nan,0.00009999,layer_5,0.2,3.2039,train
1618,6.634735,nan,0.00009999,layer_5,0.2,3.2039,train
1619,6.722516,nan,0.00009999,layer_5,0.2,3.2039,train
1620,5.951801,nan,0.00009999,layer_5,0.2,3.2039,train
1621,6.459132,nan,0.00009999,layer_6,0.2,3.2039,train
1622,6.080886,nan,0.00009999,layer_6,0.2,3.2039,train
1623,6.455105,nan,0.00009999,layer_6,0.2,3.2039,train
1624,6.426530,nan,0.00009999,layer_6,0.2,3.2039,train
1625,5.839113,nan,0.00009999,layer_6,0.2,3.2039,train
1626,6.285677,nan,0.00009999,layer_6,0.2,3.2039,train
1627,6.499617,nan,0.00009999,layer_6,0.2,3.2039,train
1628,5.519586,nan,0.00009999,layer_6,0.2,3.2039,train
1629,6.101583,nan,0.00009999,layer_6,0.2,3.2039,train
1630,6.129661,nan,0.00009999,layer_6,0.2,3.2039,train
1631,6.038531,nan,0.00009999,layer_7,0.2,3.2039,train
1632,6.251784,nan,0.00009999,layer_7,0.2,3.2039,train
1633,6.112517,nan,0.00009999,layer_7,0.2,3.2039,train
1634,6.792418,nan,0.00009999,layer_7,0.2,3.2039,train
1635,5.903854,nan,0.00009999,layer_7,0.2,3.2039,train
1636,6.027863,nan,0.00009999,layer_7,0.2,3.2039,train
1637,5.339347,nan,0.00009999,layer_7,0.2,3.2039,train
1638,6.956914,nan,0.00009999,layer_7,0.2,3.2039,train
1639,5.909077,nan,0.00009999,layer_7,0.2,3.2039,train
1640,6.487681,nan,0.00009999,layer_7,0.2,3.2039,train
1641,6.243091,nan,0.00009999,layer_8,0.2,3.2039,train
1642,6.157635,nan,0.00009999,layer_8,0.2,3.2039,train
1643,6.563785,nan,0.00009999,layer_8,0.2,3.2039,train
1644,6.919264,nan,0.00009999,layer_8,0.2,3.2039,train
1645,6.671679,nan,0.00009999,layer_8,0.2,3.2039,train
1646,6.266567,nan,0.00009999,layer_8,0.2,3.2039,train
1647,6.252468,nan,0.00009999,layer_8,0.2,3.2039,train
1648,6.443627,nan,0.00009999,layer_8,0.2,3.2039,train
1649,6.006509,nan,0.00009999,layer_8,0.2,3.2039,train
1650,6.238716,nan,0.00009999,layer_8,0.2,3.2039,train
1651,5.812930,nan,0.00009999,layer_9,0.2,3.2039,train
1652,6.554784,nan,0.00009999,layer_9,0.2,3.2039,train
1653,5.956964,nan,0.00009999,layer_9,0.2,3.2039,train
1654,5.993513,nan,0.00009999,layer_9,0.2,3.2039,train
1655,5.866691,nan,0.00009999,layer_9,0.2,3.2039,train
1656,5.772237,nan,0.00009999,layer_9,0.2,3.2039,train
1657,6.017704,nan,0.00009999,layer_9,0.2,3.2039,train
1658,6.019567,nan,0.00009999,layer_9,0.2,3.2039,train
1659,6.407834,nan,0.00009999,layer_9,0.2,3.2039,train
1660,6.395350,nan,0.00009999,layer_9,0.2,3.2039,train
1661,6.552309,nan,0.00009999,layer_10,0.2,3.2039,train
1662,6.128157,nan,0.00009999,layer_10,0.2,3.2039,train
1663,5.732544,nan,0.00009999,layer_10,0.2,3.2039,train
1664,5.425416,nan,0.00009999,layer_10,0.2,3.2039,train
1665,5.709789,nan,0.00009999,layer_10,0.2,3.2039,train
1666,6.502155,nan,0.00009999,layer_10,0.2,3.2039,train
1667,5.263513,nan,0.00009999,layer_10,0.2,3.2039,train
1668,6.031811,nan,0.00009999,layer_10,0.2,3.2039,train
1669,6.096597,nan,0.00009999,layer_10,0.2,3.2039,train
1670,6.361534,nan,0.00009999,layer_10,0.2,3.2039,train
1671,6.183160,nan,0.00009999,layer_11,0.2,3.2039,train
1672,6.040721,nan,0.00009999,layer_11,0.2,3.2039,train
1673,5.869980,nan,0.00009999,layer_11,0.2,3.2039,train
1674,5.502476,nan,0.00009999,layer_11,0.2,3.2039,train
1675,6.633400,nan,0.00009999,layer_11,0.2,3.2039,train
1676,6.631540,nan,0.00009999,layer_11,0.2,3.2039,train
1677,6.504507,nan,0.00009999,layer_11,0.2,3.2039,train
1678,5.799287,nan,0.00009999,layer_11,0.2,3.2039,train
1679,5.946564,nan,0.00009999,layer_11,0.2,3.2039,train
1680,5.671612,nan,0.00009999,layer_11,0.2,3.2039,train
1681,5.723113,nan,0.00009999,layer_0,0.2,3.2039,train
1682,6.057962,nan,0.00009999,layer_0,0.2,3.2039,train
1683,6.173152,nan,0.00009999,layer_0,0.2,3.2039,train
1684,6.531113,nan,0.00009999,layer_0,0.2,3.2039,train
1685,5.776023,nan,0.00009999,layer_0,0.2,3.2039,train
1686,6.225760,nan,0.00009999,layer_0,0.2,3.2039,train
1687,6.277506,nan,0.00009999,layer_0,0.2,3.2039,train
1688,5.624146,nan,0.00009999,layer_0,0.2,3.2039,train
1689,5.808999,nan,0.00009999,layer_0,0.2,3.2039,train
1690,6.584467,nan,0.00009999,layer_0,0.2,3.2039,train
1691,6.085762,nan,0.00009999,layer_1,0.2,3.2039,train
1692,6.583365,nan,0.00009999,layer_1,0.2,3.2039,train
1693,5.861008,nan,0.00009999,layer_1,0.2,3.2039,train
1694,5.495972,nan,0.00009999,layer_1,0.2,3.2039,train
1695,5.984898,nan,0.00009999,layer_1,0.2,3.2039,train
1696,6.045609,nan,0.00009999,layer_1,0.2,3.2039,train
1697,6.173370,nan,0.00009999,layer_1,0.2,3.2039,train
1698,7.172585,nan,0.00009999,layer_1,0.2,3.2039,train
1699,5.984884,nan,0.00009999,layer_1,0.2,3.2039,train
1700,6.103153,nan,0.00009999,layer_1,0.2,3.2039,train
1701,5.451559,nan,0.00009999,layer_2,0.2,3.2039,train
1702,6.223062,nan,0.00009999,layer_2,0.2,3.2039,train
1703,5.261670,nan,0.00009999,layer_2,0.2,3.2039,train
1704,5.877897,nan,0.00009999,layer_2,0.2,3.2039,train
1705,6.372242,nan,0.00009999,layer_2,0.2,3.2039,train
1706,6.780407,nan,0.00009999,layer_2,0.2,3.2039,train
1707,6.214392,nan,0.00009999,layer_2,0.2,3.2039,train
1708,6.202760,nan,0.00009999,layer_2,0.2,3.2039,train
1709,5.872560,nan,0.00009999,layer_2,0.2,3.2039,train
1710,6.411539,nan,0.00009999,layer_2,0.2,3.2039,train
1711,6.515003,nan,0.00009999,layer_3,0.2,3.2039,train
1712,5.549211,nan,0.00009999,layer_3,0.2,3.2039,train
1713,5.884534,nan,0.00009999,layer_3,0.2,3.2039,train
1714,6.252951,nan,0.00009999,layer_3,0.2,3.2039,train
1715,5.635675,nan,0.00009999,layer_3,0.2,3.2039,train
1716,6.102458,nan,0.00009999,layer_3,0.2,3.2039,train
1717,5.478977,nan,0.00009999,layer_3,0.2,3.2039,train
1718,4.660661,nan,0.00009999,layer_3,0.2,3.2039,train
1719,5.860308,nan,0.00009999,layer_3,0.2,3.2039,train
1720,6.213278,nan,0.00009999,layer_3,0.2,3.2039,train
1721,6.253737,nan,0.00009999,layer_4,0.2,3.2039,train
1722,6.405237,nan,0.00009999,layer_4,0.2,3.2039,train
1723,5.852410,nan,0.00009999,layer_4,0.2,3.2039,train
1724,6.822842,nan,0.00009999,layer_4,0.2,3.2039,train
1725,5.624956,nan,0.00009999,layer_4,0.2,3.2039,train
1726,5.800550,nan,0.00009999,layer_4,0.2,3.2039,train
1727,5.989252,nan,0.00009999,layer_4,0.2,3.2039,train
1728,5.977294,nan,0.00009999,layer_4,0.2,3.2039,train
1729,5.777107,nan,0.00009999,layer_4,0.2,3.2039,train
1730,5.367499,nan,0.00009999,layer_4,0.2,3.2039,train
1731,5.797242,nan,0.00009999,layer_5,0.2,3.2039,train
1732,6.087135,nan,0.00009999,layer_5,0.2,3.2039,train
1733,5.044775,nan,0.00009999,layer_5,0.2,3.2039,train
1734,5.815464,nan,0.00009999,layer_5,0.2,3.2039,train
1735,5.901937,nan,0.00009999,layer_5,0.2,3.2039,train
1736,6.254885,nan,0.00009999,layer_5,0.2,3.2039,train
1737,7.170540,nan,0.00009999,layer_5,0.2,3.2039,train
1738,5.521487,nan,0.00009999,layer_5,0.2,3.2039,train
1739,6.060889,nan,0.00009999,layer_5,0.2,3.2039,train
1740,5.813345,nan,0.00009999,layer_5,0.2,3.2039,train
1741,5.922126,nan,0.00009999,layer_6,0.2,3.2039,train
1742,6.190491,nan,0.00009999,layer_6,0.2,3.2039,train
1743,6.324458,nan,0.00009999,layer_6,0.2,3.2039,train
1744,6.110908,nan,0.00009999,layer_6,0.2,3.2039,train
1745,6.027955,nan,0.00009999,layer_6,0.2,3.2039,train
1746,6.107146,nan,0.00009998,layer_6,0.2,3.2039,train
1747,5.801598,nan,0.00009998,layer_6,0.2,3.2039,train
1748,6.011329,nan,0.00009998,layer_6,0.2,3.2039,train
1749,6.533373,nan,0.00009998,layer_6,0.2,3.2039,train
1750,6.090556,nan,0.00009998,layer_6,0.2,3.2039,train
1751,5.654476,nan,0.00009998,layer_7,0.2,3.2039,train
1752,6.376514,nan,0.00009998,layer_7,0.2,3.2039,train
1753,6.328654,nan,0.00009998,layer_7,0.2,3.2039,train
1754,5.976177,nan,0.00009998,layer_7,0.2,3.2039,train
1755,7.955088,nan,0.00009998,layer_7,0.2,3.2039,train
1756,6.607373,nan,0.00009998,layer_7,0.2,3.2039,train
1757,5.951882,nan,0.00009998,layer_7,0.2,3.2039,train
1758,6.430723,nan,0.00009998,layer_7,0.2,3.2039,train
1759,6.251935,nan,0.00009998,layer_7,0.2,3.2039,train
1760,6.269369,nan,0.00009998,layer_7,0.2,3.2039,train
1761,5.710754,nan,0.00009998,layer_8,0.2,3.2039,train
1762,6.331532,nan,0.00009998,layer_8,0.2,3.2039,train
1763,6.407954,nan,0.00009998,layer_8,0.2,3.2039,train
1764,6.491010,nan,0.00009998,layer_8,0.2,3.2039,train
1765,5.688416,nan,0.00009998,layer_8,0.2,3.2039,train
1766,6.043849,nan,0.00009998,layer_8,0.2,3.2039,train
1767,5.904502,nan,0.00009998,layer_8,0.2,3.2039,train
1768,5.728651,nan,0.00009998,layer_8,0.2,3.2039,train
1769,5.545891,nan,0.00009998,layer_8,0.2,3.2039,train
1770,5.390191,nan,0.00009998,layer_8,0.2,3.2039,train
1771,6.409255,nan,0.00009998,layer_9,0.2,3.2039,train
1772,6.039155,nan,0.00009998,layer_9,0.2,3.2039,train
1773,6.374339,nan,0.00009998,layer_9,0.2,3.2039,train
1774,6.187037,nan,0.00009998,layer_9,0.2,3.2039,train
1775,5.571598,nan,0.00009998,layer_9,0.2,3.2039,train
1776,6.467396,nan,0.00009998,layer_9,0.2,3.2039,train
1777,6.211193,nan,0.00009998,layer_9,0.2,3.2039,train
1778,6.740720,nan,0.00009998,layer_9,0.2,3.2039,train
1779,5.947983,nan,0.00009998,layer_9,0.2,3.2039,train
1780,6.432896,nan,0.00009998,layer_9,0.2,3.2039,train
1781,6.059594,nan,0.00009998,layer_10,0.2,3.2039,train
1782,6.146502,nan,0.00009998,layer_10,0.2,3.2039,train
1783,5.755291,nan,0.00009998,layer_10,0.2,3.2039,train
1784,6.646505,nan,0.00009998,layer_10,0.2,3.2039,train
1785,5.854897,nan,0.00009998,layer_10,0.2,3.2039,train
1786,6.001865,nan,0.00009998,layer_10,0.2,3.2039,train
1787,5.614193,nan,0.00009998,layer_10,0.2,3.2039,train
1788,5.508100,nan,0.00009998,layer_10,0.2,3.2039,train
1789,5.480209,nan,0.00009998,layer_10,0.2,3.2039,train
1790,6.300652,nan,0.00009998,layer_10,0.2,3.2039,train
1791,6.065021,nan,0.00009998,layer_11,0.2,3.2039,train
1792,6.876167,nan,0.00009998,layer_11,0.2,3.2039,train
1793,5.909748,nan,0.00009998,layer_11,0.2,3.2039,train
1794,6.453635,nan,0.00009998,layer_11,0.2,3.2039,train
1795,5.782142,nan,0.00009998,layer_11,0.2,3.2039,train
1796,6.172232,nan,0.00009998,layer_11,0.2,3.2039,train
1797,6.326598,nan,0.00009998,layer_11,0.2,3.2039,train
1798,5.975916,nan,0.00009998,layer_11,0.2,3.2039,train
1799,5.999055,nan,0.00009998,layer_11,0.2,3.2039,train
1800,5.900309,nan,0.00009998,layer_11,0.2,3.2039,train
1801,6.235417,nan,0.00009998,layer_0,0.2,3.2039,train
1802,5.660363,nan,0.00009998,layer_0,0.2,3.2039,train
1803,6.359103,nan,0.00009998,layer_0,0.2,3.2039,train
1804,5.673981,nan,0.00009998,layer_0,0.2,3.2039,train
1805,6.404372,nan,0.00009998,layer_0,0.2,3.2039,train
1806,5.895895,nan,0.00009998,layer_0,0.2,3.2039,train
1807,5.941459,nan,0.00009998,layer_0,0.2,3.2039,train
1808,6.172897,nan,0.00009998,layer_0,0.2,3.2039,train
1809,6.013972,nan,0.00009998,layer_0,0.2,3.2039,train
1810,6.357678,nan,0.00009998,layer_0,0.2,3.2039,train
1811,6.571976,nan,0.00009998,layer_1,0.2,3.2039,train
1812,6.388530,nan,0.00009998,layer_1,0.2,3.2039,train
1813,5.886834,nan,0.00009998,layer_1,0.2,3.2039,train
1814,5.690441,nan,0.00009998,layer_1,0.2,3.2039,train
1815,6.235383,nan,0.00009998,layer_1,0.2,3.2039,train
1816,6.114256,nan,0.00009998,layer_1,0.2,3.2039,train
1817,6.510216,nan,0.00009998,layer_1,0.2,3.2039,train
1818,7.036741,nan,0.00009998,layer_1,0.2,3.2039,train
1819,6.219026,nan,0.00009998,layer_1,0.2,3.2039,train
1820,6.099184,nan,0.00009998,layer_1,0.2,3.2039,train
1821,5.781726,nan,0.00009998,layer_2,0.2,3.2039,train
1822,6.004137,nan,0.00009998,layer_2,0.2,3.2039,train
1823,5.524016,nan,0.00009998,layer_2,0.2,3.2039,train
1824,6.808239,nan,0.00009998,layer_2,0.2,3.2039,train
1825,6.491937,nan,0.00009998,layer_2,0.2,3.2039,train
1826,5.878572,nan,0.00009998,layer_2,0.2,3.2039,train
1827,6.322293,nan,0.00009998,layer_2,0.2,3.2039,train
1828,5.437611,nan,0.00009998,layer_2,0.2,3.2039,train
1829,6.253531,nan,0.00009998,layer_2,0.2,3.2039,train
1830,5.342379,nan,0.00009998,layer_2,0.2,3.2039,train
1831,5.666276,nan,0.00009998,layer_3,0.2,3.2039,train
1832,6.235911,nan,0.00009998,layer_3,0.2,3.2039,train
1833,5.925755,nan,0.00009998,layer_3,0.2,3.2039,train
1834,6.548595,nan,0.00009998,layer_3,0.2,3.2039,train
1835,6.168852,nan,0.00009998,layer_3,0.2,3.2039,train
1836,6.378417,nan,0.00009998,layer_3,0.2,3.2039,train
1837,5.459763,nan,0.00009998,layer_3,0.2,3.2039,train
1838,5.709568,nan,0.00009998,layer_3,0.2,3.2039,train
1839,6.588197,nan,0.00009998,layer_3,0.2,3.2039,train
1840,5.777926,nan,0.00009998,layer_3,0.2,3.2039,train
1841,5.540034,nan,0.00009998,layer_4,0.2,3.2039,train
1842,6.809073,nan,0.00009998,layer_4,0.2,3.2039,train
1843,6.183837,nan,0.00009998,layer_4,0.2,3.2039,train
1844,5.490870,nan,0.00009998,layer_4,0.2,3.2039,train
1845,6.133266,nan,0.00009998,layer_4,0.2,3.2039,train
1846,6.137554,nan,0.00009998,layer_4,0.2,3.2039,train
1847,6.194659,nan,0.00009998,layer_4,0.2,3.2039,train
1848,5.978812,nan,0.00009998,layer_4,0.2,3.2039,train
1849,6.683596,nan,0.00009998,layer_4,0.2,3.2039,train
1850,6.041660,nan,0.00009998,layer_4,0.2,3.2039,train
1851,5.739471,nan,0.00009998,layer_5,0.2,3.2039,train
1852,5.759928,nan,0.00009998,layer_5,0.2,3.2039,train
1853,6.314065,nan,0.00009998,layer_5,0.2,3.2039,train
1854,6.014547,nan,0.00009998,layer_5,0.2,3.2039,train
1855,6.472394,nan,0.00009998,layer_5,0.2,3.2039,train
1856,5.646109,nan,0.00009998,layer_5,0.2,3.2039,train
1857,6.575426,nan,0.00009998,layer_5,0.2,3.2039,train
1858,6.065598,nan,0.00009998,layer_5,0.2,3.2039,train
1859,5.899038,nan,0.00009998,layer_5,0.2,3.2039,train
1860,6.205511,nan,0.00009998,layer_5,0.2,3.2039,train
1861,6.019297,nan,0.00009998,layer_6,0.2,3.2039,train
1862,5.285499,nan,0.00009998,layer_6,0.2,3.2039,train
1863,6.212258,nan,0.00009998,layer_6,0.2,3.2039,train
1864,6.264269,nan,0.00009998,layer_6,0.2,3.2039,train
1865,6.335781,nan,0.00009998,layer_6,0.2,3.2039,train
1866,6.104733,nan,0.00009998,layer_6,0.2,3.2039,train
1867,5.890518,nan,0.00009998,layer_6,0.2,3.2039,train
1868,5.953131,nan,0.00009998,layer_6,0.2,3.2039,train
1869,6.061374,nan,0.00009998,layer_6,0.2,3.2039,train
1870,5.597138,nan,0.00009998,layer_6,0.2,3.2039,train
1871,6.043833,nan,0.00009998,layer_7,0.2,3.2039,train
1872,6.552512,nan,0.00009998,layer_7,0.2,3.2039,train
1873,5.974271,nan,0.00009998,layer_7,0.2,3.2039,train
1874,7.031509,nan,0.00009998,layer_7,0.2,3.2039,train
1875,6.642869,nan,0.00009998,layer_7,0.2,3.2039,train
1876,5.841712,nan,0.00009998,layer_7,0.2,3.2039,train
1877,6.139458,nan,0.00009998,layer_7,0.2,3.2039,train
1878,5.691244,nan,0.00009998,layer_7,0.2,3.2039,train
1879,6.128170,nan,0.00009998,layer_7,0.2,3.2039,train
1880,5.700047,nan,0.00009998,layer_7,0.2,3.2039,train
1881,5.823095,nan,0.00009998,layer_8,0.2,3.2039,train
1882,6.261515,nan,0.00009998,layer_8,0.2,3.2039,train
1883,7.109549,nan,0.00009998,layer_8,0.2,3.2039,train
1884,5.806365,nan,0.00009998,layer_8,0.2,3.2039,train
1885,7.556666,nan,0.00009998,layer_8,0.2,3.2039,train
1886,6.139819,nan,0.00009998,layer_8,0.2,3.2039,train
1887,6.862109,nan,0.00009998,layer_8,0.2,3.2039,train
1888,6.025443,nan,0.00009998,layer_8,0.2,3.2039,train
1889,5.919496,nan,0.00009998,layer_8,0.2,3.2039,train
1890,5.942863,nan,0.00009998,layer_8,0.2,3.2039,train
1891,6.464694,nan,0.00009998,layer_9,0.2,3.2039,train
1892,6.350052,nan,0.00009998,layer_9,0.2,3.2039,train
1893,5.805446,nan,0.00009998,layer_9,0.2,3.2039,train
1894,6.227510,nan,0.00009998,layer_9,0.2,3.2039,train
1895,5.578886,nan,0.00009998,layer_9,0.2,3.2039,train
1896,6.117888,nan,0.00009998,layer_9,0.2,3.2039,train
1897,6.346696,nan,0.00009998,layer_9,0.2,3.2039,train
1898,5.638158,nan,0.00009998,layer_9,0.2,3.2039,train
1899,6.423599,nan,0.00009998,layer_9,0.2,3.2039,train
1900,5.630903,nan,0.00009998,layer_9,0.2,3.2039,train
1901,7.520847,nan,0.00009998,layer_10,0.2,3.2039,train
1902,5.401421,nan,0.00009998,layer_10,0.2,3.2039,train
1903,6.630304,nan,0.00009998,layer_10,0.2,3.2039,train
1904,6.207387,nan,0.00009998,layer_10,0.2,3.2039,train
1905,5.844383,nan,0.00009998,layer_10,0.2,3.2039,train
1906,6.229462,nan,0.00009998,layer_10,0.2,3.2039,train
1907,6.155825,nan,0.00009998,layer_10,0.2,3.2039,train
1908,6.397784,nan,0.00009998,layer_10,0.2,3.2039,train
1909,5.835037,nan,0.00009998,layer_10,0.2,3.2039,train
1910,6.423102,nan,0.00009998,layer_10,0.2,3.2039,train
1911,6.339910,nan,0.00009998,layer_11,0.2,3.2039,train
1912,5.280429,nan,0.00009998,layer_11,0.2,3.2039,train
1913,5.926571,nan,0.00009998,layer_11,0.2,3.2039,train
1914,5.828358,nan,0.00009998,layer_11,0.2,3.2039,train
1915,5.907395,nan,0.00009998,layer_11,0.2,3.2039,train
1916,6.317842,nan,0.00009998,layer_11,0.2,3.2039,train
1917,6.123468,nan,0.00009998,layer_11,0.2,3.2039,train
1918,5.974530,nan,0.00009998,layer_11,0.2,3.2039,train
1919,5.705759,nan,0.00009998,layer_11,0.2,3.2039,train
1920,5.807853,nan,0.00009998,layer_11,0.2,3.2039,train
1921,6.244036,nan,0.00009998,layer_0,0.2,3.2039,train
1922,6.084407,nan,0.00009998,layer_0,0.2,3.2039,train
1923,5.569661,nan,0.00009998,layer_0,0.2,3.2039,train
1924,6.356092,nan,0.00009998,layer_0,0.2,3.2039,train
1925,6.449626,nan,0.00009998,layer_0,0.2,3.2039,train
1926,5.499857,nan,0.00009998,layer_0,0.2,3.2039,train
1927,6.332678,nan,0.00009998,layer_0,0.2,3.2039,train
1928,5.953036,nan,0.00009998,layer_0,0.2,3.2039,train
1929,6.446177,nan,0.00009998,layer_0,0.2,3.2039,train
1930,6.020934,nan,0.00009998,layer_0,0.2,3.2039,train
1931,5.841332,nan,0.00009998,layer_1,0.2,3.2039,train
1932,6.162939,nan,0.00009998,layer_1,0.2,3.2039,train
1933,6.470800,nan,0.00009998,layer_1,0.2,3.2039,train
1934,7.582065,nan,0.00009998,layer_1,0.2,3.2039,train
1935,6.178365,nan,0.00009998,layer_1,0.2,3.2039,train
1936,6.075926,nan,0.00009998,layer_1,0.2,3.2039,train
1937,5.401917,nan,0.00009998,layer_1,0.2,3.2039,train
1938,6.253711,nan,0.00009998,layer_1,0.2,3.2039,train
1939,5.671720,nan,0.00009998,layer_1,0.2,3.2039,train
1940,6.160257,nan,0.00009998,layer_1,0.2,3.2039,train
1941,5.493116,nan,0.00009998,layer_2,0.2,3.2039,train
1942,6.538189,nan,0.00009998,layer_2,0.2,3.2039,train
1943,5.703333,nan,0.00009998,layer_2,0.2,3.2039,train
1944,5.767726,nan,0.00009998,layer_2,0.2,3.2039,train
1945,6.130624,nan,0.00009998,layer_2,0.2,3.2039,train
1946,6.848855,nan,0.00009998,layer_2,0.2,3.2039,train
1947,7.088366,nan,0.00009998,layer_2,0.2,3.2039,train
1948,6.503809,nan,0.00009998,layer_2,0.2,3.2039,train
1949,5.679102,nan,0.00009998,layer_2,0.2,3.2039,train
1950,5.739433,nan,0.00009998,layer_2,0.2,3.2039,train
1951,6.361566,nan,0.00009998,layer_3,0.2,3.2039,train
1952,6.108787,nan,0.00009998,layer_3,0.2,3.2039,train
1953,6.064737,nan,0.00009998,layer_3,0.2,3.2039,train
1954,6.293665,nan,0.00009998,layer_3,0.2,3.2039,train
1955,6.866411,nan,0.00009998,layer_3,0.2,3.2039,train
1956,5.745895,nan,0.00009998,layer_3,0.2,3.2039,train
1957,6.581016,nan,0.00009998,layer_3,0.2,3.2039,train
1958,5.758939,nan,0.00009998,layer_3,0.2,3.2039,train
1959,5.848438,nan,0.00009998,layer_3,0.2,3.2039,train
1960,6.218768,nan,0.00009998,layer_3,0.2,3.2039,train
1961,6.494296,nan,0.00009998,layer_4,0.2,3.2039,train
1962,6.045506,nan,0.00009997,layer_4,0.2,3.2039,train
1963,5.805504,nan,0.00009997,layer_4,0.2,3.2039,train
1964,5.758773,nan,0.00009997,layer_4,0.2,3.2039,train
1965,6.047153,nan,0.00009997,layer_4,0.2,3.2039,train
1966,6.087077,nan,0.00009997,layer_4,0.2,3.2039,train
1967,5.859529,nan,0.00009997,layer_4,0.2,3.2039,train
1968,6.746808,nan,0.00009997,layer_4,0.2,3.2039,train
1969,5.534348,nan,0.00009997,layer_4,0.2,3.2039,train
1970,5.503940,nan,0.00009997,layer_4,0.2,3.2039,train
1971,6.644844,nan,0.00009997,layer_5,0.2,3.2039,train
1972,6.064889,nan,0.00009997,layer_5,0.2,3.2039,train
1973,6.237822,nan,0.00009997,layer_5,0.2,3.2039,train
1974,5.588809,nan,0.00009997,layer_5,0.2,3.2039,train
1975,6.024402,nan,0.00009997,layer_5,0.2,3.2039,train
1976,6.346986,nan,0.00009997,layer_5,0.2,3.2039,train
1977,6.305326,nan,0.00009997,layer_5,0.2,3.2039,train
1978,6.039229,nan,0.00009997,layer_5,0.2,3.2039,train
1979,5.317456,nan,0.00009997,layer_5,0.2,3.2039,train
1980,6.157857,nan,0.00009997,layer_5,0.2,3.2039,train
1981,5.199550,nan,0.00009997,layer_6,0.2,3.2039,train
1982,6.105088,nan,0.00009997,layer_6,0.2,3.2039,train
1983,6.164053,nan,0.00009997,layer_6,0.2,3.2039,train
1984,5.822869,nan,0.00009997,layer_6,0.2,3.2039,train
1985,5.614418,nan,0.00009997,layer_6,0.2,3.2039,train
1986,5.632450,nan,0.00009997,layer_6,0.2,3.2039,train
1987,5.995390,nan,0.00009997,layer_6,0.2,3.2039,train
1988,6.049144,nan,0.00009997,layer_6,0.2,3.2039,train
1989,5.083868,nan,0.00009997,layer_6,0.2,3.2039,train
1990,5.681105,nan,0.00009997,layer_6,0.2,3.2039,train
1991,5.852999,nan,0.00009997,layer_7,0.2,3.2039,train
1992,5.700075,nan,0.00009997,layer_7,0.2,3.2039,train
1993,4.659634,nan,0.00009997,layer_7,0.2,3.2039,train
1994,6.024767,nan,0.00009997,layer_7,0.2,3.2039,train
1995,6.522814,nan,0.00009997,layer_7,0.2,3.2039,train
1996,6.159501,nan,0.00009997,layer_7,0.2,3.2039,train
1997,6.160143,nan,0.00009997,layer_7,0.2,3.2039,train
1998,5.435477,nan,0.00009997,layer_7,0.2,3.2039,train
1999,5.730552,nan,0.00009997,layer_7,0.2,3.2039,train
2000,6.407221,nan,0.00009997,layer_7,0.2,3.2039,train
2000,5.972355,6.009325,0.00009997,layer_8,15.0,3.2039,eval
2001,6.295597,nan,0.00009997,layer_8,0.2,3.2039,train
2002,5.498072,nan,0.00009997,layer_8,0.2,3.2039,train
2003,5.955328,nan,0.00009997,layer_8,0.2,3.2039,train
2004,6.261466,nan,0.00009997,layer_8,0.2,3.2039,train
2005,6.756332,nan,0.00009997,layer_8,0.2,3.2039,train
2006,5.374243,nan,0.00009997,layer_8,0.2,3.2039,train
2007,5.704580,nan,0.00009997,layer_8,0.2,3.2039,train
2008,5.846219,nan,0.00009997,layer_8,0.2,3.2039,train
2009,5.785737,nan,0.00009997,layer_8,0.2,3.2039,train
2010,6.525372,nan,0.00009997,layer_8,0.2,3.2039,train
2011,6.625461,nan,0.00009997,layer_9,0.2,3.2039,train
2012,6.527933,nan,0.00009997,layer_9,0.2,3.2039,train
2013,5.869101,nan,0.00009997,layer_9,0.2,3.2039,train
2014,6.193474,nan,0.00009997,layer_9,0.2,3.2039,train
2015,6.048993,nan,0.00009997,layer_9,0.2,3.2039,train
2016,5.560042,nan,0.00009997,layer_9,0.2,3.2039,train
2017,6.355049,nan,0.00009997,layer_9,0.2,3.2039,train
2018,5.981778,nan,0.00009997,layer_9,0.2,3.2039,train
2019,6.343196,nan,0.00009997,layer_9,0.2,3.2039,train
2020,5.367458,nan,0.00009997,layer_9,0.2,3.2039,train
2021,5.869723,nan,0.00009997,layer_10,0.2,3.2039,train
2022,5.632228,nan,0.00009997,layer_10,0.2,3.2039,train
2023,5.993088,nan,0.00009997,layer_10,0.2,3.2039,train
2024,6.310676,nan,0.00009997,layer_10,0.2,3.2039,train
2025,5.802405,nan,0.00009997,layer_10,0.2,3.2039,train
2026,6.033023,nan,0.00009997,layer_10,0.2,3.2039,train
2027,5.758938,nan,0.00009997,layer_10,0.2,3.2039,train
2028,5.544794,nan,0.00009997,layer_10,0.2,3.2039,train
2029,5.612991,nan,0.00009997,layer_10,0.2,3.2039,train
2030,6.081346,nan,0.00009997,layer_10,0.2,3.2039,train
2031,5.956641,nan,0.00009997,layer_11,0.2,3.2039,train
2032,6.220994,nan,0.00009997,layer_11,0.2,3.2039,train
2033,5.901644,nan,0.00009997,layer_11,0.2,3.2039,train
2034,6.521527,nan,0.00009997,layer_11,0.2,3.2039,train
2035,5.568754,nan,0.00009997,layer_11,0.2,3.2039,train
2036,6.103825,nan,0.00009997,layer_11,0.2,3.2039,train
2037,5.627187,nan,0.00009997,layer_11,0.2,3.2039,train
2038,6.165538,nan,0.00009997,layer_11,0.2,3.2039,train
2039,5.989517,nan,0.00009997,layer_11,0.2,3.2039,train
2040,5.369283,nan,0.00009997,layer_11,0.2,3.2039,train
2041,5.607884,nan,0.00009997,layer_0,0.2,3.2039,train
2042,6.631849,nan,0.00009997,layer_0,0.2,3.2039,train
2043,6.581108,nan,0.00009997,layer_0,0.2,3.2039,train
2044,6.251842,nan,0.00009997,layer_0,0.2,3.2039,train
2045,6.647512,nan,0.00009997,layer_0,0.2,3.2039,train
2046,6.340640,nan,0.00009997,layer_0,0.2,3.2039,train
2047,5.572961,nan,0.00009997,layer_0,0.2,3.2039,train
2048,5.354195,nan,0.00009997,layer_0,0.2,3.2039,train
2049,5.274894,nan,0.00009997,layer_0,0.2,3.2039,train
2050,6.562259,nan,0.00009997,layer_0,0.2,3.2039,train
2051,5.866800,nan,0.00009997,layer_1,0.2,3.2039,train
2052,5.915002,nan,0.00009997,layer_1,0.2,3.2039,train
2053,5.713842,nan,0.00009997,layer_1,0.2,3.2039,train
2054,5.145786,nan,0.00009997,layer_1,0.2,3.2039,train
2055,7.001359,nan,0.00009997,layer_1,0.2,3.2039,train
2056,6.271688,nan,0.00009997,layer_1,0.2,3.2039,train
2057,6.815205,nan,0.00009997,layer_1,0.2,3.2039,train
2058,5.926325,nan,0.00009997,layer_1,0.2,3.2039,train
2059,5.623557,nan,0.00009997,layer_1,0.2,3.2039,train
2060,6.073518,nan,0.00009997,layer_1,0.2,3.2039,train
2061,6.208817,nan,0.00009997,layer_2,0.2,3.2039,train
2062,5.976825,nan,0.00009997,layer_2,0.2,3.2039,train
2063,7.057703,nan,0.00009997,layer_2,0.2,3.2039,train
2064,5.660021,nan,0.00009997,layer_2,0.2,3.2039,train
2065,6.526314,nan,0.00009997,layer_2,0.2,3.2039,train
2066,6.504274,nan,0.00009997,layer_2,0.2,3.2039,train
2067,6.047701,nan,0.00009997,layer_2,0.2,3.2039,train
2068,6.388116,nan,0.00009997,layer_2,0.2,3.2039,train
2069,6.013807,nan,0.00009997,layer_2,0.2,3.2039,train
2070,5.565972,nan,0.00009997,layer_2,0.2,3.2039,train
2071,5.459171,nan,0.00009997,layer_3,0.2,3.2039,train
2072,6.402783,nan,0.00009997,layer_3,0.2,3.2039,train
2073,5.736867,nan,0.00009997,layer_3,0.2,3.2039,train
2074,5.859199,nan,0.00009997,layer_3,0.2,3.2039,train
2075,5.261430,nan,0.00009997,layer_3,0.2,3.2039,train
2076,6.491918,nan,0.00009997,layer_3,0.2,3.2039,train
2077,5.965321,nan,0.00009997,layer_3,0.2,3.2039,train
2078,5.665633,nan,0.00009997,layer_3,0.2,3.2039,train
2079,6.430478,nan,0.00009997,layer_3,0.2,3.2039,train
2080,6.084949,nan,0.00009997,layer_3,0.2,3.2039,train
2081,6.122025,nan,0.00009997,layer_4,0.2,3.2039,train
2082,6.311786,nan,0.00009997,layer_4,0.2,3.2039,train
2083,6.819060,nan,0.00009997,layer_4,0.2,3.2039,train
2084,5.693242,nan,0.00009997,layer_4,0.2,3.2039,train
2085,4.711739,nan,0.00009997,layer_4,0.2,3.2039,train
2086,6.734230,nan,0.00009997,layer_4,0.2,3.2039,train
2087,6.157108,nan,0.00009997,layer_4,0.2,3.2039,train
2088,6.599745,nan,0.00009997,layer_4,0.2,3.2039,train
2089,6.343389,nan,0.00009997,layer_4,0.2,3.2039,train
2090,5.622226,nan,0.00009997,layer_4,0.2,3.2039,train
2091,6.057986,nan,0.00009997,layer_5,0.2,3.2039,train
2092,5.742464,nan,0.00009997,layer_5,0.2,3.2039,train
2093,5.576570,nan,0.00009997,layer_5,0.2,3.2039,train
2094,6.068253,nan,0.00009997,layer_5,0.2,3.2039,train
2095,5.737977,nan,0.00009997,layer_5,0.2,3.2039,train
2096,6.341274,nan,0.00009997,layer_5,0.2,3.2039,train
2097,6.393583,nan,0.00009997,layer_5,0.2,3.2039,train
2098,6.856668,nan,0.00009997,layer_5,0.2,3.2039,train
2099,5.794601,nan,0.00009997,layer_5,0.2,3.2039,train
2100,6.058981,nan,0.00009997,layer_5,0.2,3.2039,train
2101,5.845798,nan,0.00009997,layer_6,0.2,3.2039,train
2102,6.132328,nan,0.00009997,layer_6,0.2,3.2039,train
2103,6.232599,nan,0.00009997,layer_6,0.2,3.2039,train
2104,4.918202,nan,0.00009997,layer_6,0.2,3.2039,train
2105,5.657582,nan,0.00009997,layer_6,0.2,3.2039,train
2106,5.927695,nan,0.00009997,layer_6,0.2,3.2039,train
2107,5.932795,nan,0.00009997,layer_6,0.2,3.2039,train
2108,6.293967,nan,0.00009997,layer_6,0.2,3.2039,train
2109,5.846353,nan,0.00009997,layer_6,0.2,3.2039,train
2110,6.781778,nan,0.00009997,layer_6,0.2,3.2039,train
2111,6.243165,nan,0.00009997,layer_7,0.2,3.2039,train
2112,6.429090,nan,0.00009997,layer_7,0.2,3.2039,train
2113,5.503184,nan,0.00009997,layer_7,0.2,3.2039,train
2114,5.494851,nan,0.00009997,layer_7,0.2,3.2039,train
2115,6.351422,nan,0.00009997,layer_7,0.2,3.2039,train
2116,6.429746,nan,0.00009997,layer_7,0.2,3.2039,train
2117,6.291435,nan,0.00009997,layer_7,0.2,3.2039,train
2118,5.903451,nan,0.00009997,layer_7,0.2,3.2039,train
2119,5.808254,nan,0.00009997,layer_7,0.2,3.2039,train
2120,5.144469,nan,0.00009997,layer_7,0.2,3.2039,train
2121,6.691350,nan,0.00009997,layer_8,0.2,3.2039,train
2122,5.242522,nan,0.00009997,layer_8,0.2,3.2039,train
2123,5.289577,nan,0.00009997,layer_8,0.2,3.2039,train
2124,5.754249,nan,0.00009997,layer_8,0.2,3.2039,train
2125,5.940350,nan,0.00009997,layer_8,0.2,3.2039,train
2126,5.823317,nan,0.00009997,layer_8,0.2,3.2039,train
2127,5.722940,nan,0.00009997,layer_8,0.2,3.2039,train
2128,6.349827,nan,0.00009997,layer_8,0.2,3.2039,train
2129,6.298060,nan,0.00009997,layer_8,0.2,3.2039,train
2130,5.568387,nan,0.00009997,layer_8,0.2,3.2039,train
2131,6.320773,nan,0.00009997,layer_9,0.2,3.2039,train
2132,5.478621,nan,0.00009997,layer_9,0.2,3.2039,train
2133,6.154021,nan,0.00009997,layer_9,0.2,3.2039,train
2134,5.417194,nan,0.00009997,layer_9,0.2,3.2039,train
2135,6.026688,nan,0.00009997,layer_9,0.2,3.2039,train
2136,5.494071,nan,0.00009997,layer_9,0.2,3.2039,train
2137,5.632189,nan,0.00009997,layer_9,0.2,3.2039,train
2138,6.222925,nan,0.00009996,layer_9,0.2,3.2039,train
2139,6.344227,nan,0.00009996,layer_9,0.2,3.2039,train
2140,5.944446,nan,0.00009996,layer_9,0.2,3.2039,train
2141,6.188861,nan,0.00009996,layer_10,0.2,3.2039,train
2142,5.807826,nan,0.00009996,layer_10,0.2,3.2039,train
2143,6.415540,nan,0.00009996,layer_10,0.2,3.2039,train
2144,5.965199,nan,0.00009996,layer_10,0.2,3.2039,train
2145,5.640157,nan,0.00009996,layer_10,0.2,3.2039,train
2146,5.860734,nan,0.00009996,layer_10,0.2,3.2039,train
2147,5.748925,nan,0.00009996,layer_10,0.2,3.2039,train
2148,6.047907,nan,0.00009996,layer_10,0.2,3.2039,train
2149,5.765901,nan,0.00009996,layer_10,0.2,3.2039,train
2150,6.355882,nan,0.00009996,layer_10,0.2,3.2039,train
2151,5.632233,nan,0.00009996,layer_11,0.2,3.2039,train
2152,6.000638,nan,0.00009996,layer_11,0.2,3.2039,train
2153,5.951597,nan,0.00009996,layer_11,0.2,3.2039,train
2154,5.611891,nan,0.00009996,layer_11,0.2,3.2039,train
2155,5.881908,nan,0.00009996,layer_11,0.2,3.2039,train
2156,5.476306,nan,0.00009996,layer_11,0.2,3.2039,train
2157,5.945530,nan,0.00009996,layer_11,0.2,3.2039,train
2158,5.909691,nan,0.00009996,layer_11,0.2,3.2039,train
2159,5.705782,nan,0.00009996,layer_11,0.2,3.2039,train
2160,6.339478,nan,0.00009996,layer_11,0.2,3.2039,train
2161,5.778709,nan,0.00009996,layer_0,0.2,3.2039,train
2162,6.400685,nan,0.00009996,layer_0,0.2,3.2039,train
2163,5.677882,nan,0.00009996,layer_0,0.2,3.2039,train
2164,6.341774,nan,0.00009996,layer_0,0.2,3.2039,train
2165,5.662343,nan,0.00009996,layer_0,0.2,3.2039,train
2166,5.710443,nan,0.00009996,layer_0,0.2,3.2039,train
2167,6.300962,nan,0.00009996,layer_0,0.2,3.2039,train
2168,5.562462,nan,0.00009996,layer_0,0.2,3.2039,train
2169,5.684898,nan,0.00009996,layer_0,0.2,3.2039,train
2170,5.853984,nan,0.00009996,layer_0,0.2,3.2039,train
2171,6.079375,nan,0.00009996,layer_1,0.2,3.2039,train
2172,6.076888,nan,0.00009996,layer_1,0.2,3.2039,train
2173,5.813223,nan,0.00009996,layer_1,0.2,3.2039,train
2174,5.934113,nan,0.00009996,layer_1,0.2,3.2039,train
2175,5.966739,nan,0.00009996,layer_1,0.2,3.2039,train
2176,6.206760,nan,0.00009996,layer_1,0.2,3.2039,train
2177,6.236170,nan,0.00009996,layer_1,0.2,3.2039,train
2178,6.349583,nan,0.00009996,layer_1,0.2,3.2039,train
2179,6.051632,nan,0.00009996,layer_1,0.2,3.2039,train
2180,5.994436,nan,0.00009996,layer_1,0.2,3.2039,train
2181,5.667655,nan,0.00009996,layer_2,0.2,3.2039,train
2182,5.028586,nan,0.00009996,layer_2,0.2,3.2039,train
2183,5.414163,nan,0.00009996,layer_2,0.2,3.2039,train
2184,5.145899,nan,0.00009996,layer_2,0.2,3.2039,train
2185,6.360231,nan,0.00009996,layer_2,0.2,3.2039,train
2186,5.856226,nan,0.00009996,layer_2,0.2,3.2039,train
2187,6.062770,nan,0.00009996,layer_2,0.2,3.2039,train
2188,6.368901,nan,0.00009996,layer_2,0.2,3.2039,train
2189,6.302618,nan,0.00009996,layer_2,0.2,3.2039,train
2190,5.489332,nan,0.00009996,layer_2,0.2,3.2039,train
2191,5.886977,nan,0.00009996,layer_3,0.2,3.2039,train
2192,5.719163,nan,0.00009996,layer_3,0.2,3.2039,train
2193,5.903730,nan,0.00009996,layer_3,0.2,3.2039,train
2194,6.097879,nan,0.00009996,layer_3,0.2,3.2039,train
2195,6.079486,nan,0.00009996,layer_3,0.2,3.2039,train
2196,6.490714,nan,0.00009996,layer_3,0.2,3.2039,train
2197,6.383080,nan,0.00009996,layer_3,0.2,3.2039,train
2198,5.736614,nan,0.00009996,layer_3,0.2,3.2039,train
2199,5.255424,nan,0.00009996,layer_3,0.2,3.2039,train
2200,6.580990,nan,0.00009996,layer_3,0.2,3.2039,train
2201,5.661874,nan,0.00009996,layer_4,0.2,3.2039,train
2202,5.820204,nan,0.00009996,layer_4,0.2,3.2039,train
2203,5.623232,nan,0.00009996,layer_4,0.2,3.2039,train
2204,6.231795,nan,0.00009996,layer_4,0.2,3.2039,train
2205,5.767042,nan,0.00009996,layer_4,0.2,3.2039,train
2206,5.687921,nan,0.00009996,layer_4,0.2,3.2039,train
2207,6.327242,nan,0.00009996,layer_4,0.2,3.2039,train
2208,6.136928,nan,0.00009996,layer_4,0.2,3.2039,train
2209,5.857552,nan,0.00009996,layer_4,0.2,3.2039,train
2210,6.187136,nan,0.00009996,layer_4,0.2,3.2039,train
2211,7.299024,nan,0.00009996,layer_5,0.2,3.2039,train
2212,5.872002,nan,0.00009996,layer_5,0.2,3.2039,train
2213,6.518594,nan,0.00009996,layer_5,0.2,3.2039,train
2214,4.946040,nan,0.00009996,layer_5,0.2,3.2039,train
2215,6.228560,nan,0.00009996,layer_5,0.2,3.2039,train
2216,6.035864,nan,0.00009996,layer_5,0.2,3.2039,train
2217,5.832095,nan,0.00009996,layer_5,0.2,3.2039,train
2218,5.532257,nan,0.00009996,layer_5,0.2,3.2039,train
2219,6.549752,nan,0.00009996,layer_5,0.2,3.2039,train
2220,6.077700,nan,0.00009996,layer_5,0.2,3.2039,train
2221,6.225414,nan,0.00009996,layer_6,0.2,3.2039,train
2222,6.224980,nan,0.00009996,layer_6,0.2,3.2039,train
2223,5.991927,nan,0.00009996,layer_6,0.2,3.2039,train
2224,6.394976,nan,0.00009996,layer_6,0.2,3.2039,train
2225,5.789490,nan,0.00009996,layer_6,0.2,3.2039,train
2226,5.229518,nan,0.00009996,layer_6,0.2,3.2039,train
2227,6.865560,nan,0.00009996,layer_6,0.2,3.2039,train
2228,6.060267,nan,0.00009996,layer_6,0.2,3.2039,train
2229,5.345114,nan,0.00009996,layer_6,0.2,3.2039,train
2230,6.086697,nan,0.00009996,layer_6,0.2,3.2039,train
2231,6.301811,nan,0.00009996,layer_7,0.2,3.2039,train
2232,6.107909,nan,0.00009996,layer_7,0.2,3.2039,train
2233,5.907033,nan,0.00009996,layer_7,0.2,3.2039,train
2234,6.099628,nan,0.00009996,layer_7,0.2,3.2039,train
2235,5.023916,nan,0.00009996,layer_7,0.2,3.2039,train
2236,6.218706,nan,0.00009996,layer_7,0.2,3.2039,train
2237,6.703003,nan,0.00009996,layer_7,0.2,3.2039,train
2238,6.343952,nan,0.00009996,layer_7,0.2,3.2039,train
2239,5.461158,nan,0.00009996,layer_7,0.2,3.2039,train
2240,5.962561,nan,0.00009996,layer_7,0.2,3.2039,train
2241,6.184503,nan,0.00009996,layer_8,0.2,3.2039,train
2242,6.247316,nan,0.00009996,layer_8,0.2,3.2039,train
2243,5.536971,nan,0.00009996,layer_8,0.2,3.2039,train
2244,5.324526,nan,0.00009996,layer_8,0.2,3.2039,train
2245,4.711489,nan,0.00009996,layer_8,0.2,3.2039,train
2246,6.001936,nan,0.00009996,layer_8,0.2,3.2039,train
2247,6.297105,nan,0.00009996,layer_8,0.2,3.2039,train
2248,6.294038,nan,0.00009996,layer_8,0.2,3.2039,train
2249,5.719701,nan,0.00009996,layer_8,0.2,3.2039,train
2250,5.677551,nan,0.00009996,layer_8,0.2,3.2039,train
2251,6.034034,nan,0.00009996,layer_9,0.2,3.2039,train
2252,5.809604,nan,0.00009996,layer_9,0.2,3.2039,train
2253,6.100716,nan,0.00009996,layer_9,0.2,3.2039,train
2254,5.812377,nan,0.00009996,layer_9,0.2,3.2039,train
2255,5.972981,nan,0.00009996,layer_9,0.2,3.2039,train
2256,5.768340,nan,0.00009996,layer_9,0.2,3.2039,train
2257,6.351722,nan,0.00009996,layer_9,0.2,3.2039,train
2258,6.127394,nan,0.00009996,layer_9,0.2,3.2039,train
2259,5.665895,nan,0.00009996,layer_9,0.2,3.2039,train
2260,5.944643,nan,0.00009996,layer_9,0.2,3.2039,train
2261,5.864962,nan,0.00009996,layer_10,0.2,3.2039,train
2262,6.009268,nan,0.00009996,layer_10,0.2,3.2039,train
2263,5.739768,nan,0.00009996,layer_10,0.2,3.2039,train
2264,6.337811,nan,0.00009996,layer_10,0.2,3.2039,train
2265,6.290192,nan,0.00009996,layer_10,0.2,3.2039,train
2266,5.420331,nan,0.00009996,layer_10,0.2,3.2039,train
2267,6.330997,nan,0.00009996,layer_10,0.2,3.2039,train
2268,5.025700,nan,0.00009996,layer_10,0.2,3.2039,train
2269,6.177439,nan,0.00009996,layer_10,0.2,3.2039,train
2270,6.442896,nan,0.00009996,layer_10,0.2,3.2039,train
2271,5.919242,nan,0.00009996,layer_11,0.2,3.2039,train
2272,6.001572,nan,0.00009996,layer_11,0.2,3.2039,train
2273,6.387589,nan,0.00009996,layer_11,0.2,3.2039,train
2274,5.857038,nan,0.00009996,layer_11,0.2,3.2039,train
2275,5.298193,nan,0.00009996,layer_11,0.2,3.2039,train
2276,5.348592,nan,0.00009996,layer_11,0.2,3.2039,train
2277,5.860280,nan,0.00009996,layer_11,0.2,3.2039,train
2278,5.644625,nan,0.00009996,layer_11,0.2,3.2039,train
2279,4.965638,nan,0.00009996,layer_11,0.2,3.2039,train
2280,6.010166,nan,0.00009996,layer_11,0.2,3.2039,train
2281,5.778212,nan,0.00009996,layer_0,0.2,3.2039,train
2282,5.847241,nan,0.00009996,layer_0,0.2,3.2039,train
2283,5.901556,nan,0.00009996,layer_0,0.2,3.2039,train
2284,5.749578,nan,0.00009996,layer_0,0.2,3.2039,train
2285,5.710856,nan,0.00009996,layer_0,0.2,3.2039,train
2286,6.321857,nan,0.00009996,layer_0,0.2,3.2039,train
2287,8.056396,nan,0.00009996,layer_0,0.2,3.2039,train
2288,6.300192,nan,0.00009996,layer_0,0.2,3.2039,train
2289,6.198993,nan,0.00009996,layer_0,0.2,3.2039,train
2290,4.981779,nan,0.00009996,layer_0,0.2,3.2039,train
2291,6.270155,nan,0.00009995,layer_1,0.2,3.2039,train
2292,5.706252,nan,0.00009995,layer_1,0.2,3.2039,train
2293,5.331795,nan,0.00009995,layer_1,0.2,3.2039,train
2294,6.304442,nan,0.00009995,layer_1,0.2,3.2039,train
2295,5.652326,nan,0.00009995,layer_1,0.2,3.2039,train
2296,5.609874,nan,0.00009995,layer_1,0.2,3.2039,train
2297,6.136985,nan,0.00009995,layer_1,0.2,3.2039,train
2298,5.550664,nan,0.00009995,layer_1,0.2,3.2039,train
2299,6.724882,nan,0.00009995,layer_1,0.2,3.2039,train
2300,6.174524,nan,0.00009995,layer_1,0.2,3.2039,train
2301,6.011533,nan,0.00009995,layer_2,0.2,3.2039,train
2302,6.084482,nan,0.00009995,layer_2,0.2,3.2039,train
2303,5.924921,nan,0.00009995,layer_2,0.2,3.2039,train
2304,5.799880,nan,0.00009995,layer_2,0.2,3.2039,train
2305,6.105212,nan,0.00009995,layer_2,0.2,3.2039,train
2306,5.621229,nan,0.00009995,layer_2,0.2,3.2039,train
2307,6.094038,nan,0.00009995,layer_2,0.2,3.2039,train
2308,6.088428,nan,0.00009995,layer_2,0.2,3.2039,train
2309,6.730830,nan,0.00009995,layer_2,0.2,3.2039,train
2310,5.485176,nan,0.00009995,layer_2,0.2,3.2039,train
2311,5.661107,nan,0.00009995,layer_3,0.2,3.2039,train
2312,5.936034,nan,0.00009995,layer_3,0.2,3.2039,train
2313,6.319094,nan,0.00009995,layer_3,0.2,3.2039,train
2314,6.189099,nan,0.00009995,layer_3,0.2,3.2039,train
2315,5.902552,nan,0.00009995,layer_3,0.2,3.2039,train
2316,6.539489,nan,0.00009995,layer_3,0.2,3.2039,train
2317,5.807249,nan,0.00009995,layer_3,0.2,3.2039,train
2318,5.735806,nan,0.00009995,layer_3,0.2,3.2039,train
2319,6.670421,nan,0.00009995,layer_3,0.2,3.2039,train
2320,6.303820,nan,0.00009995,layer_3,0.2,3.2039,train
2321,5.810637,nan,0.00009995,layer_4,0.2,3.2039,train
2322,5.853596,nan,0.00009995,layer_4,0.2,3.2039,train
2323,6.134670,nan,0.00009995,layer_4,0.2,3.2039,train
2324,6.070014,nan,0.00009995,layer_4,0.2,3.2039,train
2325,5.879128,nan,0.00009995,layer_4,0.2,3.2039,train
2326,6.598850,nan,0.00009995,layer_4,0.2,3.2039,train
2327,6.009700,nan,0.00009995,layer_4,0.2,3.2039,train
2328,5.919581,nan,0.00009995,layer_4,0.2,3.2039,train
2329,6.455363,nan,0.00009995,layer_4,0.2,3.2039,train
2330,6.247747,nan,0.00009995,layer_4,0.2,3.2039,train
2331,6.667879,nan,0.00009995,layer_5,0.2,3.2039,train
2332,6.356292,nan,0.00009995,layer_5,0.2,3.2039,train
2333,5.873830,nan,0.00009995,layer_5,0.2,3.2039,train
2334,6.526345,nan,0.00009995,layer_5,0.2,3.2039,train
2335,5.943510,nan,0.00009995,layer_5,0.2,3.2039,train
2336,5.922394,nan,0.00009995,layer_5,0.2,3.2039,train
2337,6.373401,nan,0.00009995,layer_5,0.2,3.2039,train
2338,6.173741,nan,0.00009995,layer_5,0.2,3.2039,train
2339,5.870161,nan,0.00009995,layer_5,0.2,3.2039,train
2340,5.581110,nan,0.00009995,layer_5,0.2,3.2039,train
2341,6.586388,nan,0.00009995,layer_6,0.2,3.2039,train
2342,5.955633,nan,0.00009995,layer_6,0.2,3.2039,train
2343,7.315536,nan,0.00009995,layer_6,0.2,3.2039,train
2344,6.304291,nan,0.00009995,layer_6,0.2,3.2039,train
2345,6.549784,nan,0.00009995,layer_6,0.2,3.2039,train
2346,6.421607,nan,0.00009995,layer_6,0.2,3.2039,train
2347,5.500313,nan,0.00009995,layer_6,0.2,3.2039,train
2348,5.207403,nan,0.00009995,layer_6,0.2,3.2039,train
2349,5.086217,nan,0.00009995,layer_6,0.2,3.2039,train
2350,5.859344,nan,0.00009995,layer_6,0.2,3.2039,train
2351,6.294177,nan,0.00009995,layer_7,0.2,3.2039,train
2352,6.205158,nan,0.00009995,layer_7,0.2,3.2039,train
2353,6.223223,nan,0.00009995,layer_7,0.2,3.2039,train
2354,5.632099,nan,0.00009995,layer_7,0.2,3.2039,train
2355,5.973959,nan,0.00009995,layer_7,0.2,3.2039,train
2356,5.723348,nan,0.00009995,layer_7,0.2,3.2039,train
2357,6.733639,nan,0.00009995,layer_7,0.2,3.2039,train
2358,6.049201,nan,0.00009995,layer_7,0.2,3.2039,train
2359,5.871840,nan,0.00009995,layer_7,0.2,3.2039,train
2360,5.346052,nan,0.00009995,layer_7,0.2,3.2039,train
2361,5.997766,nan,0.00009995,layer_8,0.2,3.2039,train
2362,5.747463,nan,0.00009995,layer_8,0.2,3.2039,train
2363,6.639033,nan,0.00009995,layer_8,0.2,3.2039,train
2364,6.012939,nan,0.00009995,layer_8,0.2,3.2039,train
2365,5.647337,nan,0.00009995,layer_8,0.2,3.2039,train
2366,6.090619,nan,0.00009995,layer_8,0.2,3.2039,train
2367,6.172931,nan,0.00009995,layer_8,0.2,3.2039,train
2368,6.740374,nan,0.00009995,layer_8,0.2,3.2039,train
2369,6.355980,nan,0.00009995,layer_8,0.2,3.2039,train
2370,5.477571,nan,0.00009995,layer_8,0.2,3.2039,train
2371,5.406374,nan,0.00009995,layer_9,0.2,3.2039,train
2372,5.815061,nan,0.00009995,layer_9,0.2,3.2039,train
2373,5.304638,nan,0.00009995,layer_9,0.2,3.2039,train
2374,6.183829,nan,0.00009995,layer_9,0.2,3.2039,train
2375,6.176665,nan,0.00009995,layer_9,0.2,3.2039,train
2376,5.996058,nan,0.00009995,layer_9,0.2,3.2039,train
2377,6.278177,nan,0.00009995,layer_9,0.2,3.2039,train
2378,6.242551,nan,0.00009995,layer_9,0.2,3.2039,train
2379,5.992252,nan,0.00009995,layer_9,0.2,3.2039,train
2380,6.534949,nan,0.00009995,layer_9,0.2,3.2039,train
2381,6.805202,nan,0.00009995,layer_10,0.2,3.2039,train
2382,6.093097,nan,0.00009995,layer_10,0.2,3.2039,train
2383,5.736693,nan,0.00009995,layer_10,0.2,3.2039,train
2384,6.760218,nan,0.00009995,layer_10,0.2,3.2039,train
2385,5.797097,nan,0.00009995,layer_10,0.2,3.2039,train
2386,5.431278,nan,0.00009995,layer_10,0.2,3.2039,train
2387,5.912259,nan,0.00009995,layer_10,0.2,3.2039,train
2388,6.146036,nan,0.00009995,layer_10,0.2,3.2039,train
2389,5.772622,nan,0.00009995,layer_10,0.2,3.2039,train
2390,6.069847,nan,0.00009995,layer_10,0.2,3.2039,train
2391,5.854211,nan,0.00009995,layer_11,0.2,3.2039,train
2392,5.108281,nan,0.00009995,layer_11,0.2,3.2039,train
2393,4.978403,nan,0.00009995,layer_11,0.2,3.2039,train
2394,5.439654,nan,0.00009995,layer_11,0.2,3.2039,train
2395,6.404823,nan,0.00009995,layer_11,0.2,3.2039,train
2396,5.741502,nan,0.00009995,layer_11,0.2,3.2039,train
2397,6.184609,nan,0.00009995,layer_11,0.2,3.2039,train
2398,5.300031,nan,0.00009995,layer_11,0.2,3.2039,train
2399,6.335774,nan,0.00009995,layer_11,0.2,3.2039,train
2400,5.339150,nan,0.00009995,layer_11,0.2,3.2039,train
2401,5.822993,nan,0.00009995,layer_0,0.2,3.2039,train
2402,5.333359,nan,0.00009995,layer_0,0.2,3.2039,train
2403,5.697799,nan,0.00009995,layer_0,0.2,3.2039,train
2404,5.813138,nan,0.00009995,layer_0,0.2,3.2039,train
2405,5.722260,nan,0.00009995,layer_0,0.2,3.2039,train
2406,6.445512,nan,0.00009995,layer_0,0.2,3.2039,train
2407,6.395503,nan,0.00009995,layer_0,0.2,3.2039,train
2408,6.230884,nan,0.00009995,layer_0,0.2,3.2039,train
2409,6.220906,nan,0.00009995,layer_0,0.2,3.2039,train
2410,5.496442,nan,0.00009995,layer_0,0.2,3.2039,train
2411,6.179004,nan,0.00009995,layer_1,0.2,3.2039,train
2412,6.019938,nan,0.00009995,layer_1,0.2,3.2039,train
2413,5.352406,nan,0.00009995,layer_1,0.2,3.2039,train
2414,6.287944,nan,0.00009995,layer_1,0.2,3.2039,train
2415,5.597227,nan,0.00009995,layer_1,0.2,3.2039,train
2416,7.393465,nan,0.00009995,layer_1,0.2,3.2039,train
2417,5.925580,nan,0.00009995,layer_1,0.2,3.2039,train
2418,6.084903,nan,0.00009995,layer_1,0.2,3.2039,train
2419,5.428328,nan,0.00009995,layer_1,0.2,3.2039,train
2420,6.139430,nan,0.00009995,layer_1,0.2,3.2039,train
2421,5.731205,nan,0.00009995,layer_2,0.2,3.2039,train
2422,6.329654,nan,0.00009995,layer_2,0.2,3.2039,train
2423,5.845509,nan,0.00009995,layer_2,0.2,3.2039,train
2424,5.985933,nan,0.00009995,layer_2,0.2,3.2039,train
2425,5.569589,nan,0.00009995,layer_2,0.2,3.2039,train
2426,6.347393,nan,0.00009995,layer_2,0.2,3.2039,train
2427,5.755417,nan,0.00009994,layer_2,0.2,3.2039,train
2428,5.826945,nan,0.00009994,layer_2,0.2,3.2039,train
2429,5.204335,nan,0.00009994,layer_2,0.2,3.2039,train
2430,6.186253,nan,0.00009994,layer_2,0.2,3.2039,train
2431,5.042907,nan,0.00009994,layer_3,0.2,3.2039,train
2432,5.833915,nan,0.00009994,layer_3,0.2,3.2039,train
2433,6.068219,nan,0.00009994,layer_3,0.2,3.2039,train
2434,5.849826,nan,0.00009994,layer_3,0.2,3.2039,train
2435,5.608050,nan,0.00009994,layer_3,0.2,3.2039,train
2436,5.994968,nan,0.00009994,layer_3,0.2,3.2039,train
2437,6.616306,nan,0.00009994,layer_3,0.2,3.2039,train
2438,6.065534,nan,0.00009994,layer_3,0.2,3.2039,train
2439,6.095449,nan,0.00009994,layer_3,0.2,3.2039,train
2440,5.814327,nan,0.00009994,layer_3,0.2,3.2039,train
2441,6.003242,nan,0.00009994,layer_4,0.2,3.2039,train
2442,5.615479,nan,0.00009994,layer_4,0.2,3.2039,train
2443,6.021949,nan,0.00009994,layer_4,0.2,3.2039,train
2444,6.092721,nan,0.00009994,layer_4,0.2,3.2039,train
2445,6.809513,nan,0.00009994,layer_4,0.2,3.2039,train
2446,5.828260,nan,0.00009994,layer_4,0.2,3.2039,train
2447,5.876245,nan,0.00009994,layer_4,0.2,3.2039,train
2448,5.854614,nan,0.00009994,layer_4,0.2,3.2039,train
2449,5.943326,nan,0.00009994,layer_4,0.2,3.2039,train
2450,5.779527,nan,0.00009994,layer_4,0.2,3.2039,train
2451,5.420624,nan,0.00009994,layer_5,0.2,3.2039,train
2452,5.981036,nan,0.00009994,layer_5,0.2,3.2039,train
2453,5.827593,nan,0.00009994,layer_5,0.2,3.2039,train
2454,5.743239,nan,0.00009994,layer_5,0.2,3.2039,train
2455,5.868632,nan,0.00009994,layer_5,0.2,3.2039,train
2456,5.760560,nan,0.00009994,layer_5,0.2,3.2039,train
2457,6.024870,nan,0.00009994,layer_5,0.2,3.2039,train
2458,5.977898,nan,0.00009994,layer_5,0.2,3.2039,train
2459,6.444481,nan,0.00009994,layer_5,0.2,3.2039,train
2460,5.955372,nan,0.00009994,layer_5,0.2,3.2039,train
2461,6.007340,nan,0.00009994,layer_6,0.2,3.2039,train
2462,6.180716,nan,0.00009994,layer_6,0.2,3.2039,train
2463,5.589993,nan,0.00009994,layer_6,0.2,3.2039,train
2464,5.716574,nan,0.00009994,layer_6,0.2,3.2039,train
2465,5.818800,nan,0.00009994,layer_6,0.2,3.2039,train
2466,5.858171,nan,0.00009994,layer_6,0.2,3.2039,train
2467,5.782104,nan,0.00009994,layer_6,0.2,3.2039,train
2468,6.114715,nan,0.00009994,layer_6,0.2,3.2039,train
2469,6.079869,nan,0.00009994,layer_6,0.2,3.2039,train
2470,6.542735,nan,0.00009994,layer_6,0.2,3.2039,train
2471,6.188450,nan,0.00009994,layer_7,0.2,3.2039,train
2472,5.335724,nan,0.00009994,layer_7,0.2,3.2039,train
2473,5.991111,nan,0.00009994,layer_7,0.2,3.2039,train
2474,6.081935,nan,0.00009994,layer_7,0.2,3.2039,train
2475,4.955770,nan,0.00009994,layer_7,0.2,3.2039,train
2476,5.610505,nan,0.00009994,layer_7,0.2,3.2039,train
2477,6.067291,nan,0.00009994,layer_7,0.2,3.2039,train
2478,5.740933,nan,0.00009994,layer_7,0.2,3.2039,train
2479,6.003501,nan,0.00009994,layer_7,0.2,3.2039,train
2480,6.033285,nan,0.00009994,layer_7,0.2,3.2039,train
2481,5.998531,nan,0.00009994,layer_8,0.2,3.2039,train
2482,6.253191,nan,0.00009994,layer_8,0.2,3.2039,train
2483,6.267371,nan,0.00009994,layer_8,0.2,3.2039,train
2484,5.577741,nan,0.00009994,layer_8,0.2,3.2039,train
2485,5.837904,nan,0.00009994,layer_8,0.2,3.2039,train
2486,6.121503,nan,0.00009994,layer_8,0.2,3.2039,train
2487,5.842634,nan,0.00009994,layer_8,0.2,3.2039,train
2488,6.159590,nan,0.00009994,layer_8,0.2,3.2039,train
2489,5.954956,nan,0.00009994,layer_8,0.2,3.2039,train
2490,5.592100,nan,0.00009994,layer_8,0.2,3.2039,train
2491,6.305246,nan,0.00009994,layer_9,0.2,3.2039,train
2492,5.855163,nan,0.00009994,layer_9,0.2,3.2039,train
2493,6.049432,nan,0.00009994,layer_9,0.2,3.2039,train
2494,5.910988,nan,0.00009994,layer_9,0.2,3.2039,train
2495,6.019801,nan,0.00009994,layer_9,0.2,3.2039,train
2496,5.889298,nan,0.00009994,layer_9,0.2,3.2039,train
2497,5.459080,nan,0.00009994,layer_9,0.2,3.2039,train
2498,5.982329,nan,0.00009994,layer_9,0.2,3.2039,train
2499,5.916745,nan,0.00009994,layer_9,0.2,3.2039,train
2500,6.221851,nan,0.00009994,layer_9,0.2,3.2039,train
2500,5.896543,5.963478,0.00009994,layer_10,15.0,3.2039,eval
2501,5.691754,nan,0.00009994,layer_10,0.2,3.2039,train
2502,6.988109,nan,0.00009994,layer_10,0.2,3.2039,train
2503,5.847662,nan,0.00009994,layer_10,0.2,3.2039,train
2504,6.433154,nan,0.00009994,layer_10,0.2,3.2039,train
2505,5.825906,nan,0.00009994,layer_10,0.2,3.2039,train
2506,6.444528,nan,0.00009994,layer_10,0.2,3.2039,train
2507,6.095377,nan,0.00009994,layer_10,0.2,3.2039,train
2508,5.876511,nan,0.00009994,layer_10,0.2,3.2039,train
2509,6.061786,nan,0.00009994,layer_10,0.2,3.2039,train
2510,5.589442,nan,0.00009994,layer_10,0.2,3.2039,train
2511,5.710635,nan,0.00009994,layer_11,0.2,3.2039,train
2512,6.224316,nan,0.00009994,layer_11,0.2,3.2039,train
2513,5.401688,nan,0.00009994,layer_11,0.2,3.2039,train
2514,5.578059,nan,0.00009994,layer_11,0.2,3.2039,train
2515,5.903304,nan,0.00009994,layer_11,0.2,3.2039,train
2516,5.977947,nan,0.00009994,layer_11,0.2,3.2039,train
2517,5.921639,nan,0.00009994,layer_11,0.2,3.2039,train
2518,6.043250,nan,0.00009994,layer_11,0.2,3.2039,train
2519,6.494138,nan,0.00009994,layer_11,0.2,3.2039,train
2520,5.686986,nan,0.00009994,layer_11,0.2,3.2039,train
2521,5.505140,nan,0.00009994,layer_0,0.2,3.2039,train
2522,5.729819,nan,0.00009994,layer_0,0.2,3.2039,train
2523,6.045558,nan,0.00009994,layer_0,0.2,3.2039,train
2524,5.839396,nan,0.00009994,layer_0,0.2,3.2039,train
2525,6.080468,nan,0.00009994,layer_0,0.2,3.2039,train
2526,6.088371,nan,0.00009994,layer_0,0.2,3.2039,train
2527,5.935161,nan,0.00009994,layer_0,0.2,3.2039,train
2528,5.849695,nan,0.00009994,layer_0,0.2,3.2039,train
2529,5.352845,nan,0.00009994,layer_0,0.2,3.2039,train
2530,6.363396,nan,0.00009994,layer_0,0.2,3.2039,train
2531,6.435951,nan,0.00009994,layer_1,0.2,3.2039,train
2532,6.605009,nan,0.00009994,layer_1,0.2,3.2039,train
2533,5.810739,nan,0.00009994,layer_1,0.2,3.2039,train
2534,6.206985,nan,0.00009994,layer_1,0.2,3.2039,train
2535,5.982486,nan,0.00009994,layer_1,0.2,3.2039,train
2536,5.567352,nan,0.00009994,layer_1,0.2,3.2039,train
2537,6.315711,nan,0.00009994,layer_1,0.2,3.2039,train
2538,6.042575,nan,0.00009994,layer_1,0.2,3.2039,train
2539,6.506383,nan,0.00009994,layer_1,0.2,3.2039,train
2540,6.234618,nan,0.00009994,layer_1,0.2,3.2039,train
2541,5.124957,nan,0.00009994,layer_2,0.2,3.2039,train
2542,5.991369,nan,0.00009994,layer_2,0.2,3.2039,train
2543,5.821024,nan,0.00009994,layer_2,0.2,3.2039,train
2544,5.862020,nan,0.00009994,layer_2,0.2,3.2039,train
2545,6.150116,nan,0.00009994,layer_2,0.2,3.2039,train
2546,6.086946,nan,0.00009994,layer_2,0.2,3.2039,train
2547,5.919645,nan,0.00009994,layer_2,0.2,3.2039,train
2548,4.687700,nan,0.00009994,layer_2,0.2,3.2039,train
2549,5.655024,nan,0.00009994,layer_2,0.2,3.2039,train
2550,5.997190,nan,0.00009994,layer_2,0.2,3.2039,train
2551,5.665466,nan,0.00009993,layer_3,0.2,3.2039,train
2552,6.358835,nan,0.00009993,layer_3,0.2,3.2039,train
2553,5.454856,nan,0.00009993,layer_3,0.2,3.2039,train
2554,5.109989,nan,0.00009993,layer_3,0.2,3.2039,train
2555,6.225714,nan,0.00009993,layer_3,0.2,3.2039,train
2556,6.010983,nan,0.00009993,layer_3,0.2,3.2039,train
2557,6.049213,nan,0.00009993,layer_3,0.2,3.2039,train
2558,5.778969,nan,0.00009993,layer_3,0.2,3.2039,train
2559,5.147169,nan,0.00009993,layer_3,0.2,3.2039,train
2560,6.025281,nan,0.00009993,layer_3,0.2,3.2039,train
2561,4.782376,nan,0.00009993,layer_4,0.2,3.2039,train
2562,6.272716,nan,0.00009993,layer_4,0.2,3.2039,train
2563,5.284161,nan,0.00009993,layer_4,0.2,3.2039,train
2564,5.881639,nan,0.00009993,layer_4,0.2,3.2039,train
2565,5.975227,nan,0.00009993,layer_4,0.2,3.2039,train
2566,5.767517,nan,0.00009993,layer_4,0.2,3.2039,train
2567,6.654925,nan,0.00009993,layer_4,0.2,3.2039,train
2568,5.853454,nan,0.00009993,layer_4,0.2,3.2039,train
2569,6.614355,nan,0.00009993,layer_4,0.2,3.2039,train
2570,5.440789,nan,0.00009993,layer_4,0.2,3.2039,train
2571,5.980146,nan,0.00009993,layer_5,0.2,3.2039,train
2572,6.144449,nan,0.00009993,layer_5,0.2,3.2039,train
2573,5.830777,nan,0.00009993,layer_5,0.2,3.2039,train
2574,5.949113,nan,0.00009993,layer_5,0.2,3.2039,train
2575,4.881932,nan,0.00009993,layer_5,0.2,3.2039,train
2576,5.719377,nan,0.00009993,layer_5,0.2,3.2039,train
2577,5.619793,nan,0.00009993,layer_5,0.2,3.2039,train
2578,6.081211,nan,0.00009993,layer_5,0.2,3.2039,train
2579,6.371840,nan,0.00009993,layer_5,0.2,3.2039,train
2580,5.512812,nan,0.00009993,layer_5,0.2,3.2039,train
2581,5.694293,nan,0.00009993,layer_6,0.2,3.2039,train
2582,5.697869,nan,0.00009993,layer_6,0.2,3.2039,train
2583,5.665826,nan,0.00009993,layer_6,0.2,3.2039,train
2584,6.044589,nan,0.00009993,layer_6,0.2,3.2039,train
2585,5.617475,nan,0.00009993,layer_6,0.2,3.2039,train
2586,5.698202,nan,0.00009993,layer_6,0.2,3.2039,train
2587,6.037113,nan,0.00009993,layer_6,0.2,3.2039,train
2588,6.420329,nan,0.00009993,layer_6,0.2,3.2039,train
2589,5.769491,nan,0.00009993,layer_6,0.2,3.2039,train
2590,5.792080,nan,0.00009993,layer_6,0.2,3.2039,train
2591,5.677708,nan,0.00009993,layer_7,0.2,3.2039,train
2592,6.009920,nan,0.00009993,layer_7,0.2,3.2039,train
2593,5.724756,nan,0.00009993,layer_7,0.2,3.2039,train
2594,5.851008,nan,0.00009993,layer_7,0.2,3.2039,train
2595,5.829331,nan,0.00009993,layer_7,0.2,3.2039,train
2596,6.186935,nan,0.00009993,layer_7,0.2,3.2039,train
2597,4.866393,nan,0.00009993,layer_7,0.2,3.2039,train
2598,5.981698,nan,0.00009993,layer_7,0.2,3.2039,train
2599,5.458561,nan,0.00009993,layer_7,0.2,3.2039,train
2600,5.564075,nan,0.00009993,layer_7,0.2,3.2039,train
2601,5.619947,nan,0.00009993,layer_8,0.2,3.2039,train
2602,6.273972,nan,0.00009993,layer_8,0.2,3.2039,train
2603,5.617395,nan,0.00009993,layer_8,0.2,3.2039,train
2604,5.514349,nan,0.00009993,layer_8,0.2,3.2039,train
2605,5.220983,nan,0.00009993,layer_8,0.2,3.2039,train
2606,6.156191,nan,0.00009993,layer_8,0.2,3.2039,train
2607,5.672922,nan,0.00009993,layer_8,0.2,3.2039,train
2608,5.998341,nan,0.00009993,layer_8,0.2,3.2039,train
2609,5.854148,nan,0.00009993,layer_8,0.2,3.2039,train
2610,6.005665,nan,0.00009993,layer_8,0.2,3.2039,train
2611,6.040498,nan,0.00009993,layer_9,0.2,3.2039,train
2612,5.937840,nan,0.00009993,layer_9,0.2,3.2039,train
2613,5.577202,nan,0.00009993,layer_9,0.2,3.2039,train
2614,5.791328,nan,0.00009993,layer_9,0.2,3.2039,train
2615,5.898472,nan,0.00009993,layer_9,0.2,3.2039,train
2616,5.600396,nan,0.00009993,layer_9,0.2,3.2039,train
2617,6.097023,nan,0.00009993,layer_9,0.2,3.2039,train
2618,6.187739,nan,0.00009993,layer_9,0.2,3.2039,train
2619,6.060702,nan,0.00009993,layer_9,0.2,3.2039,train
2620,5.623942,nan,0.00009993,layer_9,0.2,3.2039,train
2621,5.987409,nan,0.00009993,layer_10,0.2,3.2039,train
2622,5.840028,nan,0.00009993,layer_10,0.2,3.2039,train
2623,5.503951,nan,0.00009993,layer_10,0.2,3.2039,train
2624,5.835752,nan,0.00009993,layer_10,0.2,3.2039,train
2625,6.213377,nan,0.00009993,layer_10,0.2,3.2039,train
2626,5.947898,nan,0.00009993,layer_10,0.2,3.2039,train
2627,5.648728,nan,0.00009993,layer_10,0.2,3.2039,train
2628,5.547223,nan,0.00009993,layer_10,0.2,3.2039,train
2629,5.914161,nan,0.00009993,layer_10,0.2,3.2039,train
2630,6.422319,nan,0.00009993,layer_10,0.2,3.2039,train
2631,6.146587,nan,0.00009993,layer_11,0.2,3.2039,train
2632,6.481906,nan,0.00009993,layer_11,0.2,3.2039,train
2633,6.014831,nan,0.00009993,layer_11,0.2,3.2039,train
2634,6.299210,nan,0.00009993,layer_11,0.2,3.2039,train
2635,5.606490,nan,0.00009993,layer_11,0.2,3.2039,train
2636,5.939976,nan,0.00009993,layer_11,0.2,3.2039,train
2637,6.124121,nan,0.00009993,layer_11,0.2,3.2039,train
2638,5.754607,nan,0.00009993,layer_11,0.2,3.2039,train
2639,6.180709,nan,0.00009993,layer_11,0.2,3.2039,train
2640,5.596479,nan,0.00009993,layer_11,0.2,3.2039,train
2641,5.883688,nan,0.00009993,layer_0,0.2,3.2039,train
2642,6.012564,nan,0.00009993,layer_0,0.2,3.2039,train
2643,5.066446,nan,0.00009993,layer_0,0.2,3.2039,train
2644,5.611877,nan,0.00009993,layer_0,0.2,3.2039,train
2645,5.548684,nan,0.00009993,layer_0,0.2,3.2039,train
2646,5.268462,nan,0.00009993,layer_0,0.2,3.2039,train
2647,6.027563,nan,0.00009993,layer_0,0.2,3.2039,train
2648,5.824542,nan,0.00009993,layer_0,0.2,3.2039,train
2649,5.974482,nan,0.00009993,layer_0,0.2,3.2039,train
2650,5.546527,nan,0.00009993,layer_0,0.2,3.2039,train
2651,6.181195,nan,0.00009993,layer_1,0.2,3.2039,train
2652,6.250661,nan,0.00009993,layer_1,0.2,3.2039,train
2653,6.373462,nan,0.00009993,layer_1,0.2,3.2039,train
2654,5.710627,nan,0.00009993,layer_1,0.2,3.2039,train
2655,5.817866,nan,0.00009993,layer_1,0.2,3.2039,train
2656,5.502052,nan,0.00009993,layer_1,0.2,3.2039,train
2657,6.769150,nan,0.00009993,layer_1,0.2,3.2039,train
2658,5.789252,nan,0.00009993,layer_1,0.2,3.2039,train
2659,6.546865,nan,0.00009993,layer_1,0.2,3.2039,train
2660,6.905807,nan,0.00009993,layer_1,0.2,3.2039,train
2661,5.645404,nan,0.00009993,layer_2,0.2,3.2039,train
2662,6.129884,nan,0.00009993,layer_2,0.2,3.2039,train
2663,5.944207,nan,0.00009993,layer_2,0.2,3.2039,train
2664,6.371652,nan,0.00009993,layer_2,0.2,3.2039,train
2665,5.708170,nan,0.00009993,layer_2,0.2,3.2039,train
2666,6.465986,nan,0.00009992,layer_2,0.2,3.2039,train
2667,5.918025,nan,0.00009992,layer_2,0.2,3.2039,train
2668,5.537902,nan,0.00009992,layer_2,0.2,3.2039,train
2669,6.034151,nan,0.00009992,layer_2,0.2,3.2039,train
2670,6.288327,nan,0.00009992,layer_2,0.2,3.2039,train
2671,5.602240,nan,0.00009992,layer_3,0.2,3.2039,train
2672,6.176651,nan,0.00009992,layer_3,0.2,3.2039,train
2673,5.743087,nan,0.00009992,layer_3,0.2,3.2039,train
2674,6.275353,nan,0.00009992,layer_3,0.2,3.2039,train
2675,5.764567,nan,0.00009992,layer_3,0.2,3.2039,train
2676,5.523222,nan,0.00009992,layer_3,0.2,3.2039,train
2677,5.709383,nan,0.00009992,layer_3,0.2,3.2039,train
2678,6.786187,nan,0.00009992,layer_3,0.2,3.2039,train
2679,5.496258,nan,0.00009992,layer_3,0.2,3.2039,train
2680,5.840316,nan,0.00009992,layer_3,0.2,3.2039,train
2681,5.947815,nan,0.00009992,layer_4,0.2,3.2039,train
2682,6.346796,nan,0.00009992,layer_4,0.2,3.2039,train
2683,5.582753,nan,0.00009992,layer_4,0.2,3.2039,train
2684,5.511534,nan,0.00009992,layer_4,0.2,3.2039,train
2685,5.178003,nan,0.00009992,layer_4,0.2,3.2039,train
2686,6.025270,nan,0.00009992,layer_4,0.2,3.2039,train
2687,5.923426,nan,0.00009992,layer_4,0.2,3.2039,train
2688,5.924289,nan,0.00009992,layer_4,0.2,3.2039,train
2689,5.539392,nan,0.00009992,layer_4,0.2,3.2039,train
2690,6.473655,nan,0.00009992,layer_4,0.2,3.2039,train
2691,6.061312,nan,0.00009992,layer_5,0.2,3.2039,train
2692,6.769843,nan,0.00009992,layer_5,0.2,3.2039,train
2693,5.285102,nan,0.00009992,layer_5,0.2,3.2039,train
2694,6.488428,nan,0.00009992,layer_5,0.2,3.2039,train
2695,5.791491,nan,0.00009992,layer_5,0.2,3.2039,train
2696,6.164543,nan,0.00009992,layer_5,0.2,3.2039,train
2697,5.762629,nan,0.00009992,layer_5,0.2,3.2039,train
2698,5.566414,nan,0.00009992,layer_5,0.2,3.2039,train
2699,6.011770,nan,0.00009992,layer_5,0.2,3.2039,train
2700,5.941689,nan,0.00009992,layer_5,0.2,3.2039,train
2701,5.514290,nan,0.00009992,layer_6,0.2,3.2039,train
2702,5.724288,nan,0.00009992,layer_6,0.2,3.2039,train
2703,6.670785,nan,0.00009992,layer_6,0.2,3.2039,train
2704,5.851465,nan,0.00009992,layer_6,0.2,3.2039,train
2705,5.897990,nan,0.00009992,layer_6,0.2,3.2039,train
2706,6.011631,nan,0.00009992,layer_6,0.2,3.2039,train
2707,4.690336,nan,0.00009992,layer_6,0.2,3.2039,train
2708,6.343502,nan,0.00009992,layer_6,0.2,3.2039,train
2709,7.286355,nan,0.00009992,layer_6,0.2,3.2039,train
2710,5.594232,nan,0.00009992,layer_6,0.2,3.2039,train
2711,5.769829,nan,0.00009992,layer_7,0.2,3.2039,train
2712,5.755982,nan,0.00009992,layer_7,0.2,3.2039,train
2713,5.717223,nan,0.00009992,layer_7,0.2,3.2039,train
2714,6.673761,nan,0.00009992,layer_7,0.2,3.2039,train
2715,5.704586,nan,0.00009992,layer_7,0.2,3.2039,train
2716,5.760969,nan,0.00009992,layer_7,0.2,3.2039,train
2717,5.841084,nan,0.00009992,layer_7,0.2,3.2039,train
2718,5.893838,nan,0.00009992,layer_7,0.2,3.2039,train
2719,5.236362,nan,0.00009992,layer_7,0.2,3.2039,train
2720,6.064986,nan,0.00009992,layer_7,0.2,3.2039,train
2721,5.603692,nan,0.00009992,layer_8,0.2,3.2039,train
2722,6.219956,nan,0.00009992,layer_8,0.2,3.2039,train
2723,5.810657,nan,0.00009992,layer_8,0.2,3.2039,train
2724,6.328327,nan,0.00009992,layer_8,0.2,3.2039,train
2725,5.946142,nan,0.00009992,layer_8,0.2,3.2039,train
2726,5.845759,nan,0.00009992,layer_8,0.2,3.2039,train
2727,5.883053,nan,0.00009992,layer_8,0.2,3.2039,train
2728,5.795671,nan,0.00009992,layer_8,0.2,3.2039,train
2729,6.192183,nan,0.00009992,layer_8,0.2,3.2039,train
2730,5.892654,nan,0.00009992,layer_8,0.2,3.2039,train
2731,5.726681,nan,0.00009992,layer_9,0.2,3.2039,train
2732,5.659128,nan,0.00009992,layer_9,0.2,3.2039,train
2733,6.078077,nan,0.00009992,layer_9,0.2,3.2039,train
2734,6.197775,nan,0.00009992,layer_9,0.2,3.2039,train
2735,5.092251,nan,0.00009992,layer_9,0.2,3.2039,train
2736,5.827400,nan,0.00009992,layer_9,0.2,3.2039,train
2737,6.029781,nan,0.00009992,layer_9,0.2,3.2039,train
2738,5.876689,nan,0.00009992,layer_9,0.2,3.2039,train
2739,5.367138,nan,0.00009992,layer_9,0.2,3.2039,train
2740,5.701959,nan,0.00009992,layer_9,0.2,3.2039,train
2741,5.563895,nan,0.00009992,layer_10,0.2,3.2039,train
2742,6.026490,nan,0.00009992,layer_10,0.2,3.2039,train
2743,5.936411,nan,0.00009992,layer_10,0.2,3.2039,train
2744,5.949428,nan,0.00009992,layer_10,0.2,3.2039,train
2745,5.839666,nan,0.00009992,layer_10,0.2,3.2039,train
2746,6.293096,nan,0.00009992,layer_10,0.2,3.2039,train
2747,6.208558,nan,0.00009992,layer_10,0.2,3.2039,train
2748,5.824005,nan,0.00009992,layer_10,0.2,3.2039,train
2749,5.964946,nan,0.00009992,layer_10,0.2,3.2039,train
2750,5.438757,nan,0.00009992,layer_10,0.2,3.2039,train
2751,6.985060,nan,0.00009992,layer_11,0.2,3.2039,train
2752,5.898718,nan,0.00009992,layer_11,0.2,3.2039,train
2753,5.894251,nan,0.00009992,layer_11,0.2,3.2039,train
2754,5.847784,nan,0.00009992,layer_11,0.2,3.2039,train
2755,6.080966,nan,0.00009992,layer_11,0.2,3.2039,train
2756,5.984147,nan,0.00009992,layer_11,0.2,3.2039,train
2757,5.501844,nan,0.00009992,layer_11,0.2,3.2039,train
2758,6.308347,nan,0.00009992,layer_11,0.2,3.2039,train
2759,5.607244,nan,0.00009992,layer_11,0.2,3.2039,train
2760,5.943947,nan,0.00009992,layer_11,0.2,3.2039,train
2761,6.018550,nan,0.00009992,layer_0,0.2,3.2039,train
2762,5.605570,nan,0.00009992,layer_0,0.2,3.2039,train
2763,6.387794,nan,0.00009992,layer_0,0.2,3.2039,train
2764,5.414270,nan,0.00009992,layer_0,0.2,3.2039,train
2765,5.071885,nan,0.00009992,layer_0,0.2,3.2039,train
2766,5.458337,nan,0.00009992,layer_0,0.2,3.2039,train
2767,5.560263,nan,0.00009992,layer_0,0.2,3.2039,train
2768,5.872631,nan,0.00009992,layer_0,0.2,3.2039,train
2769,5.754761,nan,0.00009992,layer_0,0.2,3.2039,train
2770,6.198836,nan,0.00009992,layer_0,0.2,3.2039,train
2771,5.811389,nan,0.00009992,layer_1,0.2,3.2039,train
2772,6.131330,nan,0.00009992,layer_1,0.2,3.2039,train
2773,5.939771,nan,0.00009991,layer_1,0.2,3.2039,train
2774,5.550795,nan,0.00009991,layer_1,0.2,3.2039,train
2775,5.182331,nan,0.00009991,layer_1,0.2,3.2039,train
2776,5.369621,nan,0.00009991,layer_1,0.2,3.2039,train
2777,5.479668,nan,0.00009991,layer_1,0.2,3.2039,train
2778,6.279031,nan,0.00009991,layer_1,0.2,3.2039,train
2779,6.491616,nan,0.00009991,layer_1,0.2,3.2039,train
2780,6.279003,nan,0.00009991,layer_1,0.2,3.2039,train
2781,6.500156,nan,0.00009991,layer_2,0.2,3.2039,train
2782,6.190894,nan,0.00009991,layer_2,0.2,3.2039,train
2783,6.137775,nan,0.00009991,layer_2,0.2,3.2039,train
2784,5.836501,nan,0.00009991,layer_2,0.2,3.2039,train
2785,5.134583,nan,0.00009991,layer_2,0.2,3.2039,train
2786,6.807775,nan,0.00009991,layer_2,0.2,3.2039,train
2787,5.625621,nan,0.00009991,layer_2,0.2,3.2039,train
2788,5.421015,nan,0.00009991,layer_2,0.2,3.2039,train
2789,6.042025,nan,0.00009991,layer_2,0.2,3.2039,train
2790,5.514423,nan,0.00009991,layer_2,0.2,3.2039,train
2791,5.444782,nan,0.00009991,layer_3,0.2,3.2039,train
2792,6.192624,nan,0.00009991,layer_3,0.2,3.2039,train
2793,6.185616,nan,0.00009991,layer_3,0.2,3.2039,train
2794,5.789458,nan,0.00009991,layer_3,0.2,3.2039,train
2795,5.710880,nan,0.00009991,layer_3,0.2,3.2039,train
2796,5.928372,nan,0.00009991,layer_3,0.2,3.2039,train
2797,5.990164,nan,0.00009991,layer_3,0.2,3.2039,train
2798,6.009539,nan,0.00009991,layer_3,0.2,3.2039,train
2799,6.361682,nan,0.00009991,layer_3,0.2,3.2039,train
2800,5.795405,nan,0.00009991,layer_3,0.2,3.2039,train
2801,4.276160,nan,0.00009991,layer_4,0.2,3.2039,train
2802,5.555525,nan,0.00009991,layer_4,0.2,3.2039,train
2803,6.170370,nan,0.00009991,layer_4,0.2,3.2039,train
2804,6.083195,nan,0.00009991,layer_4,0.2,3.2039,train
2805,6.163386,nan,0.00009991,layer_4,0.2,3.2039,train
2806,5.830822,nan,0.00009991,layer_4,0.2,3.2039,train
2807,6.273125,nan,0.00009991,layer_4,0.2,3.2039,train
2808,6.192155,nan,0.00009991,layer_4,0.2,3.2039,train
2809,5.576750,nan,0.00009991,layer_4,0.2,3.2039,train
2810,6.656020,nan,0.00009991,layer_4,0.2,3.2039,train
2811,6.108255,nan,0.00009991,layer_5,0.2,3.2039,train
2812,5.960631,nan,0.00009991,layer_5,0.2,3.2039,train
2813,5.721515,nan,0.00009991,layer_5,0.2,3.2039,train
2814,5.851317,nan,0.00009991,layer_5,0.2,3.2039,train
2815,6.278423,nan,0.00009991,layer_5,0.2,3.2039,train
2816,5.994817,nan,0.00009991,layer_5,0.2,3.2039,train
2817,5.838673,nan,0.00009991,layer_5,0.2,3.2039,train
2818,6.085955,nan,0.00009991,layer_5,0.2,3.2039,train
2819,6.621086,nan,0.00009991,layer_5,0.2,3.2039,train
2820,6.733233,nan,0.00009991,layer_5,0.2,3.2039,train
2821,5.810418,nan,0.00009991,layer_6,0.2,3.2039,train
2822,6.057504,nan,0.00009991,layer_6,0.2,3.2039,train
2823,6.488740,nan,0.00009991,layer_6,0.2,3.2039,train
2824,5.142425,nan,0.00009991,layer_6,0.2,3.2039,train
2825,6.002374,nan,0.00009991,layer_6,0.2,3.2039,train
2826,6.190344,nan,0.00009991,layer_6,0.2,3.2039,train
2827,5.899405,nan,0.00009991,layer_6,0.2,3.2039,train
2828,6.115629,nan,0.00009991,layer_6,0.2,3.2039,train
2829,5.661004,nan,0.00009991,layer_6,0.2,3.2039,train
2830,5.951719,nan,0.00009991,layer_6,0.2,3.2039,train
2831,6.608122,nan,0.00009991,layer_7,0.2,3.2039,train
2832,5.892166,nan,0.00009991,layer_7,0.2,3.2039,train
2833,5.724259,nan,0.00009991,layer_7,0.2,3.2039,train
2834,5.771869,nan,0.00009991,layer_7,0.2,3.2039,train
2835,6.853848,nan,0.00009991,layer_7,0.2,3.2039,train
2836,6.285587,nan,0.00009991,layer_7,0.2,3.2039,train
2837,5.873493,nan,0.00009991,layer_7,0.2,3.2039,train
2838,6.061191,nan,0.00009991,layer_7,0.2,3.2039,train
2839,5.742803,nan,0.00009991,layer_7,0.2,3.2039,train
2840,5.706334,nan,0.00009991,layer_7,0.2,3.2039,train
2841,6.117940,nan,0.00009991,layer_8,0.2,3.2039,train
2842,6.061476,nan,0.00009991,layer_8,0.2,3.2039,train
2843,6.060666,nan,0.00009991,layer_8,0.2,3.2039,train
2844,6.645432,nan,0.00009991,layer_8,0.2,3.2039,train
2845,5.837430,nan,0.00009991,layer_8,0.2,3.2039,train
2846,6.306410,nan,0.00009991,layer_8,0.2,3.2039,train
2847,5.728499,nan,0.00009991,layer_8,0.2,3.2039,train
2848,5.894571,nan,0.00009991,layer_8,0.2,3.2039,train
2849,6.125602,nan,0.00009991,layer_8,0.2,3.2039,train
2850,5.653636,nan,0.00009991,layer_8,0.2,3.2039,train
2851,5.795959,nan,0.00009991,layer_9,0.2,3.2039,train
2852,5.995632,nan,0.00009991,layer_9,0.2,3.2039,train
2853,5.033004,nan,0.00009991,layer_9,0.2,3.2039,train
2854,6.121303,nan,0.00009991,layer_9,0.2,3.2039,train
2855,6.425209,nan,0.00009991,layer_9,0.2,3.2039,train
2856,5.665383,nan,0.00009991,layer_9,0.2,3.2039,train
2857,5.822006,nan,0.00009991,layer_9,0.2,3.2039,train
2858,5.798253,nan,0.00009991,layer_9,0.2,3.2039,train
2859,6.151081,nan,0.00009991,layer_9,0.2,3.2039,train
2860,5.430397,nan,0.00009991,layer_9,0.2,3.2039,train
2861,4.897922,nan,0.00009991,layer_10,0.2,3.2039,train
2862,5.342734,nan,0.00009991,layer_10,0.2,3.2039,train
2863,6.628892,nan,0.00009991,layer_10,0.2,3.2039,train
2864,5.720716,nan,0.00009991,layer_10,0.2,3.2039,train
2865,6.107808,nan,0.00009991,layer_10,0.2,3.2039,train
2866,5.628290,nan,0.00009991,layer_10,0.2,3.2039,train
2867,5.597418,nan,0.00009991,layer_10,0.2,3.2039,train
2868,5.188661,nan,0.00009991,layer_10,0.2,3.2039,train
2869,6.083626,nan,0.00009991,layer_10,0.2,3.2039,train
2870,5.937650,nan,0.00009991,layer_10,0.2,3.2039,train
2871,6.345432,nan,0.00009991,layer_11,0.2,3.2039,train
2872,6.213197,nan,0.00009991,layer_11,0.2,3.2039,train
2873,6.265356,nan,0.00009991,layer_11,0.2,3.2039,train
2874,6.156922,nan,0.00009991,layer_11,0.2,3.2039,train
2875,5.666280,nan,0.00009990,layer_11,0.2,3.2039,train
2876,6.155975,nan,0.00009990,layer_11,0.2,3.2039,train
2877,5.835177,nan,0.00009990,layer_11,0.2,3.2039,train
2878,5.903311,nan,0.00009990,layer_11,0.2,3.2039,train
2879,6.572822,nan,0.00009990,layer_11,0.2,3.2039,train
2880,5.669245,nan,0.00009990,layer_11,0.2,3.2039,train
2881,5.578672,nan,0.00009990,layer_0,0.2,3.2039,train
2882,6.442626,nan,0.00009990,layer_0,0.2,3.2040,train
2883,5.657299,nan,0.00009990,layer_0,0.2,3.2040,train
2884,5.296022,nan,0.00009990,layer_0,0.2,3.2040,train
2885,5.835114,nan,0.00009990,layer_0,0.2,3.2040,train
2886,5.558688,nan,0.00009990,layer_0,0.2,3.2040,train
2887,5.610326,nan,0.00009990,layer_0,0.2,3.2040,train
2888,5.792175,nan,0.00009990,layer_0,0.2,3.2040,train
2889,6.334531,nan,0.00009990,layer_0,0.2,3.2040,train
2890,5.945608,nan,0.00009990,layer_0,0.2,3.2040,train
2891,5.426555,nan,0.00009990,layer_1,0.2,3.2040,train
2892,5.595396,nan,0.00009990,layer_1,0.2,3.2040,train
2893,6.086410,nan,0.00009990,layer_1,0.2,3.2040,train
2894,5.158679,nan,0.00009990,layer_1,0.2,3.2040,train
2895,5.825468,nan,0.00009990,layer_1,0.2,3.2040,train
2896,5.523934,nan,0.00009990,layer_1,0.2,3.2040,train
2897,5.559319,nan,0.00009990,layer_1,0.2,3.2040,train
2898,5.809189,nan,0.00009990,layer_1,0.2,3.2040,train
2899,5.315605,nan,0.00009990,layer_1,0.2,3.2040,train
2900,5.999021,nan,0.00009990,layer_1,0.2,3.2040,train
2901,5.281702,nan,0.00009990,layer_2,0.2,3.2040,train
2902,5.927710,nan,0.00009990,layer_2,0.2,3.2040,train
2903,4.834719,nan,0.00009990,layer_2,0.2,3.2040,train
2904,5.777798,nan,0.00009990,layer_2,0.2,3.2040,train
2905,5.249773,nan,0.00009990,layer_2,0.2,3.2040,train
2906,5.543949,nan,0.00009990,layer_2,0.2,3.2040,train
2907,6.099826,nan,0.00009990,layer_2,0.2,3.2040,train
2908,5.901328,nan,0.00009990,layer_2,0.2,3.2040,train
2909,6.253781,nan,0.00009990,layer_2,0.2,3.2040,train
2910,5.562135,nan,0.00009990,layer_2,0.2,3.2040,train
2911,6.349812,nan,0.00009990,layer_3,0.2,3.2040,train
2912,5.535506,nan,0.00009990,layer_3,0.2,3.2040,train
2913,6.321061,nan,0.00009990,layer_3,0.2,3.2040,train
2914,5.602726,nan,0.00009990,layer_3,0.2,3.2040,train
2915,5.807702,nan,0.00009990,layer_3,0.2,3.2040,train
2916,5.703386,nan,0.00009990,layer_3,0.2,3.2040,train
2917,6.064436,nan,0.00009990,layer_3,0.2,3.2040,train
2918,6.310158,nan,0.00009990,layer_3,0.2,3.2040,train
2919,6.275316,nan,0.00009990,layer_3,0.2,3.2040,train
2920,5.541506,nan,0.00009990,layer_3,0.1,3.2040,train
2921,5.666793,nan,0.00009990,layer_4,0.2,3.2040,train
2922,6.239740,nan,0.00009990,layer_4,0.2,3.2040,train
2923,6.380993,nan,0.00009990,layer_4,0.2,3.2040,train
2924,5.538348,nan,0.00009990,layer_4,0.2,3.2040,train
2925,6.911110,nan,0.00009990,layer_4,0.2,3.2040,train
2926,5.654116,nan,0.00009990,layer_4,0.2,3.2040,train
2927,5.444368,nan,0.00009990,layer_4,0.2,3.2040,train
2928,5.482710,nan,0.00009990,layer_4,0.2,3.2040,train
2929,5.648767,nan,0.00009990,layer_4,0.2,3.2040,train
2930,6.223055,nan,0.00009990,layer_4,0.2,3.2040,train
2931,6.289376,nan,0.00009990,layer_5,0.2,3.2040,train
2932,5.796179,nan,0.00009990,layer_5,0.2,3.2040,train
2933,5.896500,nan,0.00009990,layer_5,0.2,3.2040,train
2934,5.004059,nan,0.00009990,layer_5,0.2,3.2040,train
2935,5.933355,nan,0.00009990,layer_5,0.2,3.2040,train
2936,5.995327,nan,0.00009990,layer_5,0.2,3.2040,train
2937,5.759885,nan,0.00009990,layer_5,0.2,3.2040,train
2938,5.357059,nan,0.00009990,layer_5,0.2,3.2040,train
2939,5.969687,nan,0.00009990,layer_5,0.2,3.2040,train
2940,6.777559,nan,0.00009990,layer_5,0.2,3.2040,train
2941,6.180715,nan,0.00009990,layer_6,0.2,3.2040,train
2942,5.539238,nan,0.00009990,layer_6,0.2,3.2040,train
2943,6.565667,nan,0.00009990,layer_6,0.2,3.2040,train
2944,5.355459,nan,0.00009990,layer_6,0.2,3.2040,train
2945,5.613753,nan,0.00009990,layer_6,0.2,3.2040,train
2946,5.349002,nan,0.00009990,layer_6,0.2,3.2040,train
2947,6.485228,nan,0.00009990,layer_6,0.2,3.2040,train
2948,5.863450,nan,0.00009990,layer_6,0.2,3.2040,train
2949,5.043746,nan,0.00009990,layer_6,0.2,3.2040,train
2950,5.815794,nan,0.00009990,layer_6,0.2,3.2040,train
2951,4.934537,nan,0.00009990,layer_7,0.2,3.2040,train
2952,6.222473,nan,0.00009990,layer_7,0.2,3.2040,train
2953,5.277425,nan,0.00009990,layer_7,0.2,3.2040,train
2954,5.814249,nan,0.00009990,layer_7,0.2,3.2040,train
2955,5.504434,nan,0.00009990,layer_7,0.2,3.2040,train
2956,5.928236,nan,0.00009990,layer_7,0.2,3.2040,train
2957,5.723348,nan,0.00009990,layer_7,0.2,3.2040,train
2958,5.847881,nan,0.00009990,layer_7,0.2,3.2040,train
2959,6.540633,nan,0.00009990,layer_7,0.2,3.2040,train
2960,6.252436,nan,0.00009990,layer_7,0.2,3.2040,train
2961,5.883914,nan,0.00009990,layer_8,0.2,3.2040,train
2962,6.056607,nan,0.00009990,layer_8,0.2,3.2040,train
2963,6.344733,nan,0.00009990,layer_8,0.2,3.2040,train
2964,6.424982,nan,0.00009990,layer_8,0.2,3.2040,train
2965,6.371167,nan,0.00009990,layer_8,0.2,3.2040,train
2966,5.863040,nan,0.00009990,layer_8,0.2,3.2040,train
2967,5.348138,nan,0.00009990,layer_8,0.2,3.2040,train
2968,6.549040,nan,0.00009990,layer_8,0.2,3.2040,train
2969,6.168401,nan,0.00009990,layer_8,0.2,3.2040,train
2970,6.165154,nan,0.00009990,layer_8,0.2,3.2040,train
2971,5.959551,nan,0.00009989,layer_9,0.2,3.2040,train
2972,6.545690,nan,0.00009989,layer_9,0.2,3.2040,train
2973,5.877333,nan,0.00009989,layer_9,0.2,3.2040,train
2974,6.065264,nan,0.00009989,layer_9,0.2,3.2040,train
2975,4.616727,nan,0.00009989,layer_9,0.2,3.2040,train
2976,6.114905,nan,0.00009989,layer_9,0.2,3.2040,train
2977,5.881076,nan,0.00009989,layer_9,0.2,3.2040,train
2978,6.178363,nan,0.00009989,layer_9,0.2,3.2040,train
2979,6.020410,nan,0.00009989,layer_9,0.2,3.2040,train
2980,5.626845,nan,0.00009989,layer_9,0.2,3.2040,train
2981,5.204836,nan,0.00009989,layer_10,0.2,3.2040,train
2982,5.819391,nan,0.00009989,layer_10,0.2,3.2040,train
2983,5.678667,nan,0.00009989,layer_10,0.2,3.2040,train
2984,6.039508,nan,0.00009989,layer_10,0.2,3.2040,train
2985,5.542874,nan,0.00009989,layer_10,0.2,3.2040,train
2986,5.968787,nan,0.00009989,layer_10,0.2,3.2040,train
2987,6.132067,nan,0.00009989,layer_10,0.2,3.2040,train
2988,5.534417,nan,0.00009989,layer_10,0.2,3.2040,train
2989,5.967103,nan,0.00009989,layer_10,0.2,3.2040,train
2990,5.581175,nan,0.00009989,layer_10,0.2,3.2040,train
2991,5.603109,nan,0.00009989,layer_11,0.2,3.2040,train
2992,7.680325,nan,0.00009989,layer_11,0.2,3.2040,train
2993,5.854916,nan,0.00009989,layer_11,0.2,3.2040,train
2994,5.745842,nan,0.00009989,layer_11,0.2,3.2040,train
2995,5.969584,nan,0.00009989,layer_11,0.2,3.2040,train
2996,5.592459,nan,0.00009989,layer_11,0.2,3.2040,train
2997,5.922644,nan,0.00009989,layer_11,0.2,3.2040,train
2998,5.748470,nan,0.00009989,layer_11,0.2,3.2040,train
2999,5.890054,nan,0.00009989,layer_11,0.2,3.2040,train
3000,5.816037,nan,0.00009989,layer_11,0.2,3.2040,train
3000,5.857356,5.866823,0.00009989,layer_0,15.1,3.2040,eval
3001,6.685001,nan,0.00009989,layer_0,0.2,3.2040,train
3002,6.035336,nan,0.00009989,layer_0,0.2,3.2040,train
3003,5.774601,nan,0.00009989,layer_0,0.2,3.2040,train
3004,6.094718,nan,0.00009989,layer_0,0.2,3.2040,train
3005,5.793476,nan,0.00009989,layer_0,0.2,3.2040,train
3006,5.964823,nan,0.00009989,layer_0,0.2,3.2040,train
3007,5.779291,nan,0.00009989,layer_0,0.2,3.2040,train
3008,5.681871,nan,0.00009989,layer_0,0.2,3.2040,train
3009,5.897076,nan,0.00009989,layer_0,0.2,3.2040,train
3010,5.446936,nan,0.00009989,layer_0,0.2,3.2040,train
3011,5.088637,nan,0.00009989,layer_1,0.2,3.2040,train
3012,5.838367,nan,0.00009989,layer_1,0.2,3.2040,train
3013,5.385942,nan,0.00009989,layer_1,0.2,3.2040,train
3014,6.358830,nan,0.00009989,layer_1,0.2,3.2040,train
3015,5.717007,nan,0.00009989,layer_1,0.2,3.2040,train
3016,5.901354,nan,0.00009989,layer_1,0.2,3.2040,train
3017,5.153526,nan,0.00009989,layer_1,0.2,3.2040,train
3018,5.671628,nan,0.00009989,layer_1,0.2,3.2040,train
3019,5.654267,nan,0.00009989,layer_1,0.2,3.2040,train
3020,4.866213,nan,0.00009989,layer_1,0.2,3.2040,train
3021,5.245593,nan,0.00009989,layer_2,0.2,3.2040,train
3022,5.981277,nan,0.00009989,layer_2,0.2,3.2040,train
3023,5.626676,nan,0.00009989,layer_2,0.2,3.2040,train
3024,6.055076,nan,0.00009989,layer_2,0.2,3.2040,train
3025,5.377829,nan,0.00009989,layer_2,0.2,3.2040,train
3026,5.768938,nan,0.00009989,layer_2,0.2,3.2040,train
3027,6.267908,nan,0.00009989,layer_2,0.2,3.2040,train
3028,5.742298,nan,0.00009989,layer_2,0.2,3.2040,train
3029,5.638125,nan,0.00009989,layer_2,0.2,3.2040,train
3030,6.607505,nan,0.00009989,layer_2,0.2,3.2040,train
3031,5.329517,nan,0.00009989,layer_3,0.2,3.2040,train
3032,4.707012,nan,0.00009989,layer_3,0.2,3.2040,train
3033,6.099643,nan,0.00009989,layer_3,0.2,3.2040,train
3034,5.393434,nan,0.00009989,layer_3,0.2,3.2040,train
3035,6.134434,nan,0.00009989,layer_3,0.2,3.2040,train
3036,5.396595,nan,0.00009989,layer_3,0.2,3.2040,train
3037,5.353632,nan,0.00009989,layer_3,0.2,3.2040,train
3038,5.464359,nan,0.00009989,layer_3,0.2,3.2040,train
3039,5.666266,nan,0.00009989,layer_3,0.2,3.2040,train
3040,5.918132,nan,0.00009989,layer_3,0.2,3.2040,train
3041,6.092175,nan,0.00009989,layer_4,0.2,3.2040,train
3042,6.076105,nan,0.00009989,layer_4,0.2,3.2040,train
3043,5.891241,nan,0.00009989,layer_4,0.2,3.2040,train
3044,5.433088,nan,0.00009989,layer_4,0.2,3.2040,train
3045,6.094650,nan,0.00009989,layer_4,0.2,3.2040,train
3046,6.856930,nan,0.00009989,layer_4,0.2,3.2040,train
3047,5.938624,nan,0.00009989,layer_4,0.2,3.2040,train
3048,5.677188,nan,0.00009989,layer_4,0.2,3.2040,train
3049,5.756699,nan,0.00009989,layer_4,0.2,3.2040,train
3050,6.453796,nan,0.00009989,layer_4,0.2,3.2040,train
3051,6.003458,nan,0.00009989,layer_5,0.2,3.2040,train
3052,5.998024,nan,0.00009989,layer_5,0.2,3.2040,train
3053,6.424060,nan,0.00009989,layer_5,0.2,3.2040,train
3054,5.755894,nan,0.00009989,layer_5,0.2,3.2040,train
3055,6.204827,nan,0.00009989,layer_5,0.2,3.2040,train
3056,5.835814,nan,0.00009989,layer_5,0.2,3.2040,train
3057,6.032518,nan,0.00009989,layer_5,0.2,3.2040,train
3058,5.677813,nan,0.00009989,layer_5,0.2,3.2040,train
3059,5.272328,nan,0.00009989,layer_5,0.2,3.2040,train
3060,6.161224,nan,0.00009989,layer_5,0.2,3.2040,train
3061,5.806695,nan,0.00009989,layer_6,0.2,3.2040,train
3062,4.871707,nan,0.00009989,layer_6,0.2,3.2040,train
3063,6.302096,nan,0.00009988,layer_6,0.2,3.2040,train
3064,5.303519,nan,0.00009988,layer_6,0.2,3.2040,train
3065,5.868060,nan,0.00009988,layer_6,0.2,3.2040,train
3066,5.750648,nan,0.00009988,layer_6,0.2,3.2040,train
3067,6.316024,nan,0.00009988,layer_6,0.2,3.2040,train
3068,5.291101,nan,0.00009988,layer_6,0.2,3.2040,train
3069,5.800464,nan,0.00009988,layer_6,0.2,3.2040,train
3070,5.794590,nan,0.00009988,layer_6,0.2,3.2040,train
3071,6.004450,nan,0.00009988,layer_7,0.2,3.2040,train
3072,6.108120,nan,0.00009988,layer_7,0.2,3.2040,train
3073,5.054903,nan,0.00009988,layer_7,0.2,3.2040,train
3074,5.803987,nan,0.00009988,layer_7,0.2,3.2040,train
3075,5.817362,nan,0.00009988,layer_7,0.2,3.2040,train
3076,4.970290,nan,0.00009988,layer_7,0.2,3.2040,train
3077,5.664122,nan,0.00009988,layer_7,0.2,3.2040,train
3078,5.971433,nan,0.00009988,layer_7,0.2,3.2040,train
3079,5.911581,nan,0.00009988,layer_7,0.2,3.2040,train
3080,5.834173,nan,0.00009988,layer_7,0.2,3.2040,train
3081,6.135507,nan,0.00009988,layer_8,0.2,3.2040,train
3082,5.645739,nan,0.00009988,layer_8,0.2,3.2040,train
3083,6.006488,nan,0.00009988,layer_8,0.2,3.2040,train
3084,5.702252,nan,0.00009988,layer_8,0.2,3.2040,train
3085,5.790728,nan,0.00009988,layer_8,0.2,3.2040,train
3086,5.860945,nan,0.00009988,layer_8,0.2,3.2040,train
3087,6.185588,nan,0.00009988,layer_8,0.2,3.2040,train
3088,5.626183,nan,0.00009988,layer_8,0.2,3.2040,train
3089,5.968169,nan,0.00009988,layer_8,0.2,3.2040,train
3090,5.171325,nan,0.00009988,layer_8,0.2,3.2040,train
3091,5.952619,nan,0.00009988,layer_9,0.2,3.2040,train
3092,5.804659,nan,0.00009988,layer_9,0.2,3.2040,train
3093,5.725577,nan,0.00009988,layer_9,0.2,3.2040,train
3094,5.783747,nan,0.00009988,layer_9,0.2,3.2040,train
3095,4.907417,nan,0.00009988,layer_9,0.2,3.2040,train
3096,5.588357,nan,0.00009988,layer_9,0.2,3.2040,train
3097,6.377610,nan,0.00009988,layer_9,0.2,3.2040,train
3098,6.013488,nan,0.00009988,layer_9,0.2,3.2040,train
3099,5.585465,nan,0.00009988,layer_9,0.2,3.2040,train
3100,5.970390,nan,0.00009988,layer_9,0.2,3.2040,train
3101,6.223539,nan,0.00009988,layer_10,0.2,3.2040,train
3102,6.074067,nan,0.00009988,layer_10,0.2,3.2040,train
3103,5.777847,nan,0.00009988,layer_10,0.2,3.2040,train
3104,5.846273,nan,0.00009988,layer_10,0.2,3.2040,train
3105,5.996914,nan,0.00009988,layer_10,0.2,3.2040,train
3106,5.857282,nan,0.00009988,layer_10,0.2,3.2040,train
3107,5.549067,nan,0.00009988,layer_10,0.2,3.2040,train
3108,6.085618,nan,0.00009988,layer_10,0.2,3.2040,train
3109,5.791794,nan,0.00009988,layer_10,0.2,3.2040,train
3110,5.811489,nan,0.00009988,layer_10,0.2,3.2040,train
3111,6.313130,nan,0.00009988,layer_11,0.2,3.2040,train
3112,6.205405,nan,0.00009988,layer_11,0.2,3.2040,train
3113,5.475822,nan,0.00009988,layer_11,0.2,3.2040,train
3114,5.951248,nan,0.00009988,layer_11,0.2,3.2040,train
3115,5.486599,nan,0.00009988,layer_11,0.2,3.2040,train
3116,5.818295,nan,0.00009988,layer_11,0.2,3.2040,train
3117,5.425072,nan,0.00009988,layer_11,0.2,3.2040,train
3118,6.005031,nan,0.00009988,layer_11,0.2,3.2040,train
3119,6.258111,nan,0.00009988,layer_11,0.2,3.2040,train
3120,5.809735,nan,0.00009988,layer_11,0.2,3.2040,train
3121,5.713071,nan,0.00009988,layer_0,0.2,3.2040,train
3122,5.577444,nan,0.00009988,layer_0,0.2,3.2040,train
3123,5.966080,nan,0.00009988,layer_0,0.2,3.2040,train
3124,5.214322,nan,0.00009988,layer_0,0.2,3.2040,train
3125,5.656142,nan,0.00009988,layer_0,0.2,3.2040,train
3126,5.738421,nan,0.00009988,layer_0,0.2,3.2040,train
3127,6.085035,nan,0.00009988,layer_0,0.2,3.2040,train
3128,6.102179,nan,0.00009988,layer_0,0.2,3.2040,train
3129,6.160026,nan,0.00009988,layer_0,0.2,3.2040,train
3130,6.095054,nan,0.00009988,layer_0,0.2,3.2040,train
3131,5.570831,nan,0.00009988,layer_1,0.2,3.2040,train
3132,5.968987,nan,0.00009988,layer_1,0.2,3.2040,train
3133,5.710275,nan,0.00009988,layer_1,0.2,3.2040,train
3134,5.783890,nan,0.00009988,layer_1,0.2,3.2040,train
3135,5.242569,nan,0.00009988,layer_1,0.2,3.2040,train
3136,6.378433,nan,0.00009988,layer_1,0.2,3.2040,train
3137,7.343921,nan,0.00009988,layer_1,0.2,3.2040,train
3138,5.918023,nan,0.00009988,layer_1,0.2,3.2040,train
3139,5.686011,nan,0.00009988,layer_1,0.2,3.2040,train
3140,6.362885,nan,0.00009988,layer_1,0.2,3.2040,train
3141,5.184052,nan,0.00009988,layer_2,0.2,3.2040,train
3142,5.812466,nan,0.00009988,layer_2,0.2,3.2040,train
3143,5.994249,nan,0.00009988,layer_2,0.2,3.2040,train
3144,5.635239,nan,0.00009988,layer_2,0.2,3.2040,train
3145,6.606063,nan,0.00009988,layer_2,0.2,3.2040,train
3146,5.700596,nan,0.00009988,layer_2,0.2,3.2040,train
3147,7.573377,nan,0.00009988,layer_2,0.2,3.2040,train
3148,5.870426,nan,0.00009988,layer_2,0.2,3.2040,train
3149,6.101989,nan,0.00009988,layer_2,0.2,3.2040,train
3150,5.471741,nan,0.00009987,layer_2,0.2,3.2040,train
3151,5.685848,nan,0.00009987,layer_3,0.2,3.2040,train
3152,6.282322,nan,0.00009987,layer_3,0.2,3.2040,train
3153,5.790833,nan,0.00009987,layer_3,0.2,3.2040,train
3154,5.582028,nan,0.00009987,layer_3,0.2,3.2040,train
3155,6.092969,nan,0.00009987,layer_3,0.2,3.2040,train
3156,5.591701,nan,0.00009987,layer_3,0.2,3.2040,train
3157,5.456102,nan,0.00009987,layer_3,0.2,3.2040,train
3158,7.057383,nan,0.00009987,layer_3,0.2,3.2040,train
3159,6.075760,nan,0.00009987,layer_3,0.2,3.2040,train
3160,6.109021,nan,0.00009987,layer_3,0.2,3.2040,train
3161,6.435340,nan,0.00009987,layer_4,0.2,3.2040,train
3162,5.589400,nan,0.00009987,layer_4,0.2,3.2040,train
3163,5.811377,nan,0.00009987,layer_4,0.2,3.2040,train
3164,5.036157,nan,0.00009987,layer_4,0.2,3.2040,train
3165,5.641904,nan,0.00009987,layer_4,0.2,3.2040,train
3166,5.671851,nan,0.00009987,layer_4,0.2,3.2040,train
3167,5.442070,nan,0.00009987,layer_4,0.2,3.2040,train
3168,5.695498,nan,0.00009987,layer_4,0.2,3.2040,train
3169,5.512028,nan,0.00009987,layer_4,0.2,3.2040,train
3170,5.687445,nan,0.00009987,layer_4,0.2,3.2040,train
3171,5.610255,nan,0.00009987,layer_5,0.2,3.2040,train
3172,6.066947,nan,0.00009987,layer_5,0.2,3.2040,train
3173,6.027237,nan,0.00009987,layer_5,0.2,3.2040,train
3174,5.956384,nan,0.00009987,layer_5,0.2,3.2040,train
3175,6.293671,nan,0.00009987,layer_5,0.2,3.2040,train
3176,5.866179,nan,0.00009987,layer_5,0.2,3.2040,train
3177,6.129356,nan,0.00009987,layer_5,0.2,3.2040,train
3178,5.631502,nan,0.00009987,layer_5,0.2,3.2040,train
3179,6.086459,nan,0.00009987,layer_5,0.2,3.2040,train
3180,5.999917,nan,0.00009987,layer_5,0.2,3.2040,train
3181,5.897885,nan,0.00009987,layer_6,0.2,3.2040,train
3182,5.916032,nan,0.00009987,layer_6,0.2,3.2040,train
3183,5.512857,nan,0.00009987,layer_6,0.2,3.2040,train
3184,6.187171,nan,0.00009987,layer_6,0.2,3.2040,train
3185,6.160478,nan,0.00009987,layer_6,0.2,3.2040,train
3186,5.613088,nan,0.00009987,layer_6,0.2,3.2040,train
3187,6.320520,nan,0.00009987,layer_6,0.2,3.2040,train
3188,5.657623,nan,0.00009987,layer_6,0.2,3.2040,train
3189,4.808614,nan,0.00009987,layer_6,0.2,3.2040,train
3190,5.999958,nan,0.00009987,layer_6,0.2,3.2040,train
3191,6.126842,nan,0.00009987,layer_7,0.2,3.2040,train
3192,5.928377,nan,0.00009987,layer_7,0.2,3.2040,train
3193,5.636682,nan,0.00009987,layer_7,0.2,3.2040,train
3194,5.442327,nan,0.00009987,layer_7,0.2,3.2040,train
3195,5.952502,nan,0.00009987,layer_7,0.2,3.2040,train
3196,5.782778,nan,0.00009987,layer_7,0.2,3.2040,train
3197,6.129811,nan,0.00009987,layer_7,0.2,3.2040,train
3198,5.049241,nan,0.00009987,layer_7,0.2,3.2040,train
3199,5.706366,nan,0.00009987,layer_7,0.2,3.2040,train
3200,5.901123,nan,0.00009987,layer_7,0.2,3.2040,train
3201,6.193916,nan,0.00009987,layer_8,0.2,3.2040,train
3202,5.882257,nan,0.00009987,layer_8,0.2,3.2040,train
3203,5.647712,nan,0.00009987,layer_8,0.2,3.2040,train
3204,6.080023,nan,0.00009987,layer_8,0.2,3.2040,train
3205,5.265286,nan,0.00009987,layer_8,0.2,3.2040,train
3206,5.357494,nan,0.00009987,layer_8,0.2,3.2040,train
3207,5.638249,nan,0.00009987,layer_8,0.2,3.2040,train
3208,6.574619,nan,0.00009987,layer_8,0.2,3.2040,train
3209,5.246552,nan,0.00009987,layer_8,0.2,3.2040,train
3210,5.635663,nan,0.00009987,layer_8,0.2,3.2040,train
3211,5.914804,nan,0.00009987,layer_9,0.2,3.2040,train
3212,5.838655,nan,0.00009987,layer_9,0.2,3.2040,train
3213,5.169352,nan,0.00009987,layer_9,0.2,3.2040,train
3214,5.185369,nan,0.00009987,layer_9,0.2,3.2040,train
3215,6.531833,nan,0.00009987,layer_9,0.2,3.2040,train
3216,5.127076,nan,0.00009987,layer_9,0.2,3.2040,train
3217,5.625582,nan,0.00009987,layer_9,0.2,3.2040,train
3218,5.370618,nan,0.00009987,layer_9,0.2,3.2040,train
3219,5.992718,nan,0.00009987,layer_9,0.2,3.2040,train
3220,5.600615,nan,0.00009987,layer_9,0.2,3.2040,train
3221,5.711428,nan,0.00009987,layer_10,0.2,3.2040,train
3222,5.484681,nan,0.00009987,layer_10,0.2,3.2040,train
3223,6.128844,nan,0.00009987,layer_10,0.2,3.2040,train
3224,5.900945,nan,0.00009987,layer_10,0.2,3.2040,train
3225,6.291474,nan,0.00009987,layer_10,0.2,3.2040,train
3226,6.175158,nan,0.00009987,layer_10,0.2,3.2040,train
3227,5.687217,nan,0.00009987,layer_10,0.2,3.2040,train
3228,5.825245,nan,0.00009987,layer_10,0.2,3.2040,train
3229,6.373306,nan,0.00009987,layer_10,0.2,3.2040,train
3230,6.018989,nan,0.00009987,layer_10,0.2,3.2040,train
3231,6.116289,nan,0.00009987,layer_11,0.2,3.2049,train
3232,5.434758,nan,0.00009987,layer_11,0.2,3.2049,train
3233,6.112171,nan,0.00009987,layer_11,0.2,3.2049,train
3234,5.271231,nan,0.00009987,layer_11,0.2,3.2049,train
3235,6.132330,nan,0.00009986,layer_11,0.2,3.2049,train
3236,4.838702,nan,0.00009986,layer_11,0.2,3.2049,train
3237,5.691531,nan,0.00009986,layer_11,0.2,3.2049,train
3238,6.189562,nan,0.00009986,layer_11,0.2,3.2049,train
3239,5.426360,nan,0.00009986,layer_11,0.2,3.2049,train
3240,5.596021,nan,0.00009986,layer_11,0.2,3.2049,train
3241,5.371429,nan,0.00009986,layer_0,0.2,3.2049,train
3242,6.469625,nan,0.00009986,layer_0,0.2,3.2049,train
3243,5.951634,nan,0.00009986,layer_0,0.2,3.2049,train
3244,5.884478,nan,0.00009986,layer_0,0.2,3.2049,train
3245,5.181687,nan,0.00009986,layer_0,0.2,3.2049,train
3246,5.721722,nan,0.00009986,layer_0,0.2,3.2049,train
3247,6.069654,nan,0.00009986,layer_0,0.2,3.2049,train
3248,6.065024,nan,0.00009986,layer_0,0.2,3.2049,train
3249,6.174954,nan,0.00009986,layer_0,0.2,3.2049,train
3250,5.916152,nan,0.00009986,layer_0,0.2,3.2049,train
3251,5.084702,nan,0.00009986,layer_1,0.2,3.2049,train
3252,5.591204,nan,0.00009986,layer_1,0.2,3.2049,train
3253,5.773103,nan,0.00009986,layer_1,0.2,3.2049,train
3254,5.747639,nan,0.00009986,layer_1,0.2,3.2049,train
3255,5.796268,nan,0.00009986,layer_1,0.2,3.2049,train
3256,6.724038,nan,0.00009986,layer_1,0.2,3.2049,train
3257,5.950499,nan,0.00009986,layer_1,0.2,3.2049,train
3258,6.084586,nan,0.00009986,layer_1,0.2,3.2049,train
3259,5.974365,nan,0.00009986,layer_1,0.2,3.2049,train
3260,5.737593,nan,0.00009986,layer_1,0.2,3.2049,train
3261,5.941563,nan,0.00009986,layer_2,0.2,3.2049,train
3262,5.565053,nan,0.00009986,layer_2,0.2,3.2049,train
3263,6.368375,nan,0.00009986,layer_2,0.2,3.2049,train
3264,7.012131,nan,0.00009986,layer_2,0.2,3.2049,train
3265,5.178171,nan,0.00009986,layer_2,0.2,3.2049,train
3266,6.038901,nan,0.00009986,layer_2,0.2,3.2049,train
3267,5.986952,nan,0.00009986,layer_2,0.2,3.2049,train
3268,5.689250,nan,0.00009986,layer_2,0.2,3.2049,train
3269,6.334583,nan,0.00009986,layer_2,0.2,3.2049,train
3270,6.708726,nan,0.00009986,layer_2,0.2,3.2049,train
3271,6.088538,nan,0.00009986,layer_3,0.2,3.2049,train
3272,6.081716,nan,0.00009986,layer_3,0.2,3.2049,train
3273,6.350481,nan,0.00009986,layer_3,0.2,3.2049,train
3274,5.670368,nan,0.00009986,layer_3,0.2,3.2049,train
3275,5.973017,nan,0.00009986,layer_3,0.2,3.2049,train
3276,5.933893,nan,0.00009986,layer_3,0.2,3.2049,train
3277,6.255965,nan,0.00009986,layer_3,0.2,3.2049,train
3278,5.175146,nan,0.00009986,layer_3,0.2,3.2049,train
3279,5.414822,nan,0.00009986,layer_3,0.2,3.2049,train
3280,5.815176,nan,0.00009986,layer_3,0.2,3.2049,train
3281,6.341537,nan,0.00009986,layer_4,0.2,3.2049,train
3282,5.701911,nan,0.00009986,layer_4,0.2,3.2049,train
3283,5.860179,nan,0.00009986,layer_4,0.2,3.2049,train
3284,5.571874,nan,0.00009986,layer_4,0.2,3.2049,train
3285,5.568133,nan,0.00009986,layer_4,0.2,3.2049,train
3286,5.593822,nan,0.00009986,layer_4,0.2,3.2049,train
3287,6.241375,nan,0.00009986,layer_4,0.2,3.2049,train
3288,5.207447,nan,0.00009986,layer_4,0.2,3.2049,train
3289,5.937673,nan,0.00009986,layer_4,0.2,3.2049,train
3290,5.935885,nan,0.00009986,layer_4,0.2,3.2049,train
3291,5.845599,nan,0.00009986,layer_5,0.2,3.2049,train
3292,5.737139,nan,0.00009986,layer_5,0.2,3.2049,train
3293,6.103933,nan,0.00009986,layer_5,0.2,3.2049,train
3294,5.776422,nan,0.00009986,layer_5,0.2,3.2049,train
3295,5.975395,nan,0.00009986,layer_5,0.2,3.2049,train
3296,5.705211,nan,0.00009986,layer_5,0.2,3.2049,train
3297,6.099108,nan,0.00009986,layer_5,0.2,3.2049,train
3298,5.744612,nan,0.00009986,layer_5,0.2,3.2049,train
3299,5.531552,nan,0.00009986,layer_5,0.2,3.2049,train
3300,5.723755,nan,0.00009986,layer_5,0.2,3.2049,train
3301,5.763548,nan,0.00009986,layer_6,0.2,3.2049,train
3302,6.056500,nan,0.00009986,layer_6,0.2,3.2049,train
3303,5.583392,nan,0.00009986,layer_6,0.2,3.2049,train
3304,5.530592,nan,0.00009986,layer_6,0.2,3.2049,train
3305,5.688570,nan,0.00009986,layer_6,0.2,3.2049,train
3306,5.341498,nan,0.00009986,layer_6,0.2,3.2049,train
3307,5.679301,nan,0.00009986,layer_6,0.2,3.2049,train
3308,5.766607,nan,0.00009986,layer_6,0.2,3.2049,train
3309,5.170908,nan,0.00009986,layer_6,0.2,3.2049,train
3310,5.498325,nan,0.00009986,layer_6,0.2,3.2049,train
3311,5.665041,nan,0.00009986,layer_7,0.2,3.2049,train
3312,6.202754,nan,0.00009986,layer_7,0.2,3.2049,train
3313,5.720826,nan,0.00009986,layer_7,0.2,3.2049,train
3314,5.240517,nan,0.00009986,layer_7,0.2,3.2049,train
3315,5.915281,nan,0.00009986,layer_7,0.2,3.2049,train
3316,5.929482,nan,0.00009985,layer_7,0.2,3.2049,train
3317,5.807828,nan,0.00009985,layer_7,0.2,3.2049,train
3318,5.842055,nan,0.00009985,layer_7,0.2,3.2049,train
3319,6.122128,nan,0.00009985,layer_7,0.2,3.2049,train
3320,5.112592,nan,0.00009985,layer_7,0.2,3.2049,train
3321,6.563542,nan,0.00009985,layer_8,0.2,3.2049,train
3322,5.872081,nan,0.00009985,layer_8,0.2,3.2049,train
3323,5.836496,nan,0.00009985,layer_8,0.2,3.2049,train
3324,4.947949,nan,0.00009985,layer_8,0.2,3.2049,train
3325,5.693707,nan,0.00009985,layer_8,0.2,3.2049,train
3326,5.655170,nan,0.00009985,layer_8,0.2,3.2049,train
3327,5.771229,nan,0.00009985,layer_8,0.2,3.2049,train
3328,5.774035,nan,0.00009985,layer_8,0.2,3.2049,train
3329,5.469343,nan,0.00009985,layer_8,0.2,3.2049,train
3330,5.752933,nan,0.00009985,layer_8,0.2,3.2049,train
3331,5.240174,nan,0.00009985,layer_9,0.2,3.2049,train
3332,5.925032,nan,0.00009985,layer_9,0.2,3.2049,train
3333,5.840710,nan,0.00009985,layer_9,0.2,3.2049,train
3334,5.934969,nan,0.00009985,layer_9,0.2,3.2049,train
3335,6.603295,nan,0.00009985,layer_9,0.2,3.2049,train
3336,5.502513,nan,0.00009985,layer_9,0.2,3.2049,train
3337,5.822917,nan,0.00009985,layer_9,0.2,3.2049,train
3338,6.073640,nan,0.00009985,layer_9,0.2,3.2049,train
3339,5.457109,nan,0.00009985,layer_9,0.2,3.2049,train
3340,5.633607,nan,0.00009985,layer_9,0.2,3.2049,train
3341,5.741029,nan,0.00009985,layer_10,0.2,3.2049,train
3342,6.183002,nan,0.00009985,layer_10,0.2,3.2049,train
3343,5.295201,nan,0.00009985,layer_10,0.2,3.2049,train
3344,5.941278,nan,0.00009985,layer_10,0.2,3.2049,train
3345,5.795977,nan,0.00009985,layer_10,0.2,3.2049,train
3346,5.436911,nan,0.00009985,layer_10,0.2,3.2049,train
3347,5.479992,nan,0.00009985,layer_10,0.2,3.2049,train
3348,5.950545,nan,0.00009985,layer_10,0.2,3.2049,train
3349,5.148353,nan,0.00009985,layer_10,0.2,3.2049,train
3350,6.065167,nan,0.00009985,layer_10,0.2,3.2049,train
3351,6.205732,nan,0.00009985,layer_11,0.2,3.2049,train
3352,5.705722,nan,0.00009985,layer_11,0.2,3.2049,train
3353,5.572507,nan,0.00009985,layer_11,0.2,3.2049,train
3354,5.788021,nan,0.00009985,layer_11,0.2,3.2049,train
3355,5.438217,nan,0.00009985,layer_11,0.2,3.2049,train
3356,5.928812,nan,0.00009985,layer_11,0.2,3.2049,train
3357,5.479548,nan,0.00009985,layer_11,0.2,3.2049,train
3358,6.107203,nan,0.00009985,layer_11,0.2,3.2049,train
3359,6.039141,nan,0.00009985,layer_11,0.2,3.2049,train
3360,6.269384,nan,0.00009985,layer_11,0.2,3.2049,train
3361,5.478204,nan,0.00009985,layer_0,0.2,3.2049,train
3362,6.131027,nan,0.00009985,layer_0,0.2,3.2049,train
3363,5.714452,nan,0.00009985,layer_0,0.2,3.2049,train
3364,5.966921,nan,0.00009985,layer_0,0.2,3.2049,train
3365,6.014742,nan,0.00009985,layer_0,0.2,3.2049,train
3366,5.674258,nan,0.00009985,layer_0,0.2,3.2049,train
3367,5.606992,nan,0.00009985,layer_0,0.2,3.2049,train
3368,6.148635,nan,0.00009985,layer_0,0.2,3.2049,train
3369,5.695627,nan,0.00009985,layer_0,0.2,3.2049,train
3370,6.382612,nan,0.00009985,layer_0,0.2,3.2049,train
3371,5.940062,nan,0.00009985,layer_1,0.2,3.2049,train
3372,5.842837,nan,0.00009985,layer_1,0.2,3.2049,train
3373,4.731153,nan,0.00009985,layer_1,0.2,3.2049,train
3374,5.606503,nan,0.00009985,layer_1,0.2,3.2049,train
3375,5.677270,nan,0.00009985,layer_1,0.2,3.2049,train
3376,5.388123,nan,0.00009985,layer_1,0.2,3.2049,train
3377,6.360121,nan,0.00009985,layer_1,0.2,3.2049,train
3378,5.439291,nan,0.00009985,layer_1,0.2,3.2049,train
3379,5.317402,nan,0.00009985,layer_1,0.2,3.2049,train
3380,6.167054,nan,0.00009985,layer_1,0.2,3.2049,train
3381,5.853883,nan,0.00009985,layer_2,0.2,3.2049,train
3382,5.621112,nan,0.00009985,layer_2,0.2,3.2049,train
3383,6.261739,nan,0.00009985,layer_2,0.2,3.2049,train
3384,5.625457,nan,0.00009985,layer_2,0.2,3.2049,train
3385,6.251605,nan,0.00009985,layer_2,0.2,3.2049,train
3386,5.852876,nan,0.00009985,layer_2,0.2,3.2049,train
3387,5.709709,nan,0.00009985,layer_2,0.2,3.2049,train
3388,6.585500,nan,0.00009985,layer_2,0.2,3.2049,train
3389,5.574108,nan,0.00009985,layer_2,0.2,3.2049,train
3390,6.372738,nan,0.00009985,layer_2,0.2,3.2049,train
3391,6.199413,nan,0.00009985,layer_3,0.2,3.2049,train
3392,5.929683,nan,0.00009985,layer_3,0.2,3.2049,train
3393,6.206655,nan,0.00009985,layer_3,0.2,3.2049,train
3394,5.409859,nan,0.00009985,layer_3,0.2,3.2049,train
3395,5.177984,nan,0.00009984,layer_3,0.2,3.2049,train
3396,5.837666,nan,0.00009984,layer_3,0.2,3.2049,train
3397,5.359945,nan,0.00009984,layer_3,0.2,3.2049,train
3398,6.052939,nan,0.00009984,layer_3,0.2,3.2049,train
3399,6.062387,nan,0.00009984,layer_3,0.2,3.2049,train
3400,5.743230,nan,0.00009984,layer_3,0.2,3.2049,train
3401,5.298072,nan,0.00009984,layer_4,0.2,3.2049,train
3402,5.150517,nan,0.00009984,layer_4,0.2,3.2049,train
3403,6.412520,nan,0.00009984,layer_4,0.2,3.2049,train
3404,5.369248,nan,0.00009984,layer_4,0.2,3.2049,train
3405,5.845948,nan,0.00009984,layer_4,0.2,3.2049,train
3406,5.601887,nan,0.00009984,layer_4,0.2,3.2049,train
3407,5.771076,nan,0.00009984,layer_4,0.2,3.2049,train
3408,5.590390,nan,0.00009984,layer_4,0.2,3.2049,train
3409,5.645822,nan,0.00009984,layer_4,0.2,3.2049,train
3410,5.674084,nan,0.00009984,layer_4,0.2,3.2049,train
3411,5.940462,nan,0.00009984,layer_5,0.2,3.2049,train
3412,5.103783,nan,0.00009984,layer_5,0.2,3.2049,train
3413,5.493408,nan,0.00009984,layer_5,0.2,3.2049,train
3414,5.703772,nan,0.00009984,layer_5,0.2,3.2049,train
3415,5.975069,nan,0.00009984,layer_5,0.2,3.2049,train
3416,5.769397,nan,0.00009984,layer_5,0.2,3.2049,train
3417,4.986261,nan,0.00009984,layer_5,0.2,3.2049,train
3418,5.801318,nan,0.00009984,layer_5,0.2,3.2049,train
3419,6.460495,nan,0.00009984,layer_5,0.2,3.2049,train
3420,5.174875,nan,0.00009984,layer_5,0.2,3.2049,train
3421,5.602818,nan,0.00009984,layer_6,0.2,3.2049,train
3422,4.952081,nan,0.00009984,layer_6,0.2,3.2049,train
3423,5.391051,nan,0.00009984,layer_6,0.2,3.2049,train
3424,5.731046,nan,0.00009984,layer_6,0.2,3.2049,train
3425,5.804063,nan,0.00009984,layer_6,0.2,3.2049,train
3426,5.376510,nan,0.00009984,layer_6,0.2,3.2049,train
3427,5.754112,nan,0.00009984,layer_6,0.2,3.2049,train
3428,6.945994,nan,0.00009984,layer_6,0.2,3.2049,train
3429,6.059576,nan,0.00009984,layer_6,0.2,3.2049,train
3430,5.722522,nan,0.00009984,layer_6,0.2,3.2049,train
3431,5.005604,nan,0.00009984,layer_7,0.2,3.2049,train
3432,5.839312,nan,0.00009984,layer_7,0.2,3.2049,train
3433,5.529103,nan,0.00009984,layer_7,0.2,3.2049,train
3434,5.147708,nan,0.00009984,layer_7,0.2,3.2049,train
3435,5.557588,nan,0.00009984,layer_7,0.2,3.2049,train
3436,5.600566,nan,0.00009984,layer_7,0.2,3.2049,train
3437,6.140286,nan,0.00009984,layer_7,0.2,3.2049,train
3438,6.046201,nan,0.00009984,layer_7,0.2,3.2049,train
3439,6.209609,nan,0.00009984,layer_7,0.2,3.2049,train
3440,5.715198,nan,0.00009984,layer_7,0.2,3.2049,train
3441,5.659112,nan,0.00009984,layer_8,0.2,3.2049,train
3442,5.529169,nan,0.00009984,layer_8,0.2,3.2049,train
3443,5.748930,nan,0.00009984,layer_8,0.2,3.2049,train
3444,5.245403,nan,0.00009984,layer_8,0.2,3.2049,train
3445,5.635547,nan,0.00009984,layer_8,0.2,3.2049,train
3446,5.311561,nan,0.00009984,layer_8,0.2,3.2049,train
3447,5.771990,nan,0.00009984,layer_8,0.2,3.2049,train
3448,5.935620,nan,0.00009984,layer_8,0.2,3.2049,train
3449,5.838838,nan,0.00009984,layer_8,0.2,3.2049,train
3450,6.113500,nan,0.00009984,layer_8,0.2,3.2049,train
3451,5.677720,nan,0.00009984,layer_9,0.2,3.2049,train
3452,5.625926,nan,0.00009984,layer_9,0.2,3.2049,train
3453,6.035204,nan,0.00009984,layer_9,0.2,3.2049,train
3454,5.455426,nan,0.00009984,layer_9,0.2,3.2049,train
3455,5.784579,nan,0.00009984,layer_9,0.2,3.2049,train
3456,6.138974,nan,0.00009984,layer_9,0.2,3.2049,train
3457,5.304038,nan,0.00009984,layer_9,0.2,3.2049,train
3458,5.496180,nan,0.00009984,layer_9,0.2,3.2049,train
3459,5.200222,nan,0.00009984,layer_9,0.2,3.2049,train
3460,5.778960,nan,0.00009984,layer_9,0.2,3.2049,train
3461,5.940609,nan,0.00009984,layer_10,0.2,3.2049,train
3462,5.736055,nan,0.00009984,layer_10,0.2,3.2049,train
3463,5.577510,nan,0.00009984,layer_10,0.2,3.2049,train
3464,6.159354,nan,0.00009984,layer_10,0.2,3.2049,train
3465,6.123247,nan,0.00009984,layer_10,0.2,3.2049,train
3466,5.963990,nan,0.00009984,layer_10,0.2,3.2049,train
3467,5.790127,nan,0.00009984,layer_10,0.2,3.2049,train
3468,5.475935,nan,0.00009984,layer_10,0.2,3.2049,train
3469,5.385725,nan,0.00009984,layer_10,0.2,3.2049,train
3470,5.921973,nan,0.00009984,layer_10,0.2,3.2049,train
3471,5.528174,nan,0.00009983,layer_11,0.2,3.2049,train
3472,5.298943,nan,0.00009983,layer_11,0.2,3.2049,train
3473,5.864671,nan,0.00009983,layer_11,0.2,3.2049,train
3474,5.911670,nan,0.00009983,layer_11,0.2,3.2049,train
3475,5.817816,nan,0.00009983,layer_11,0.2,3.2049,train
3476,5.056364,nan,0.00009983,layer_11,0.2,3.2049,train
3477,5.570212,nan,0.00009983,layer_11,0.2,3.2049,train
3478,5.953196,nan,0.00009983,layer_11,0.2,3.2049,train
3479,5.868081,nan,0.00009983,layer_11,0.2,3.2049,train
3480,5.805505,nan,0.00009983,layer_11,0.2,3.2049,train
3481,5.504626,nan,0.00009983,layer_0,0.2,3.2049,train
3482,6.186475,nan,0.00009983,layer_0,0.2,3.2049,train
3483,5.388442,nan,0.00009983,layer_0,0.2,3.2049,train
3484,6.241292,nan,0.00009983,layer_0,0.2,3.2049,train
3485,5.222579,nan,0.00009983,layer_0,0.2,3.2049,train
3486,5.740064,nan,0.00009983,layer_0,0.2,3.2049,train
3487,5.221052,nan,0.00009983,layer_0,0.2,3.2049,train
3488,5.628428,nan,0.00009983,layer_0,0.2,3.2049,train
3489,5.895463,nan,0.00009983,layer_0,0.2,3.2049,train
3490,6.087898,nan,0.00009983,layer_0,0.2,3.2049,train
3491,5.813627,nan,0.00009983,layer_1,0.2,3.2049,train
3492,6.110217,nan,0.00009983,layer_1,0.2,3.2049,train
3493,6.152047,nan,0.00009983,layer_1,0.2,3.2049,train
3494,5.616455,nan,0.00009983,layer_1,0.2,3.2049,train
3495,5.274412,nan,0.00009983,layer_1,0.2,3.2049,train
3496,5.551678,nan,0.00009983,layer_1,0.2,3.2049,train
3497,5.314695,nan,0.00009983,layer_1,0.2,3.2049,train
3498,5.708516,nan,0.00009983,layer_1,0.2,3.2049,train
3499,6.158903,nan,0.00009983,layer_1,0.2,3.2049,train
3500,6.185214,nan,0.00009983,layer_1,0.2,3.2049,train
3500,5.760067,5.766215,0.00009983,layer_2,15.1,3.2049,eval
3501,5.901714,nan,0.00009983,layer_2,0.2,3.2049,train
3502,5.900449,nan,0.00009983,layer_2,0.2,3.2049,train
3503,6.302072,nan,0.00009983,layer_2,0.2,3.2049,train
3504,6.655216,nan,0.00009983,layer_2,0.2,3.2049,train
3505,5.774217,nan,0.00009983,layer_2,0.2,3.2049,train
3506,6.103369,nan,0.00009983,layer_2,0.2,3.2049,train
3507,5.567410,nan,0.00009983,layer_2,0.2,3.2049,train
3508,5.156335,nan,0.00009983,layer_2,0.2,3.2049,train
3509,5.661628,nan,0.00009983,layer_2,0.2,3.2049,train
3510,5.739834,nan,0.00009983,layer_2,0.2,3.2049,train
3511,4.555042,nan,0.00009983,layer_3,0.2,3.2049,train
3512,5.827273,nan,0.00009983,layer_3,0.2,3.2049,train
3513,5.859050,nan,0.00009983,layer_3,0.2,3.2049,train
3514,6.291510,nan,0.00009983,layer_3,0.2,3.2049,train
3515,6.017755,nan,0.00009983,layer_3,0.2,3.2049,train
3516,5.519464,nan,0.00009983,layer_3,0.2,3.2049,train
3517,5.718299,nan,0.00009983,layer_3,0.2,3.2049,train
3518,5.357005,nan,0.00009983,layer_3,0.2,3.2049,train
3519,5.578363,nan,0.00009983,layer_3,0.2,3.2049,train
3520,5.743145,nan,0.00009983,layer_3,0.2,3.2049,train
3521,5.732797,nan,0.00009983,layer_4,0.2,3.2049,train
3522,5.475596,nan,0.00009983,layer_4,0.2,3.2049,train
3523,5.416885,nan,0.00009983,layer_4,0.2,3.2049,train
3524,5.879752,nan,0.00009983,layer_4,0.2,3.2049,train
3525,5.733777,nan,0.00009983,layer_4,0.2,3.2049,train
3526,6.376775,nan,0.00009983,layer_4,0.2,3.2049,train
3527,6.100154,nan,0.00009983,layer_4,0.2,3.2049,train
3528,6.021245,nan,0.00009983,layer_4,0.2,3.2049,train
3529,5.517140,nan,0.00009983,layer_4,0.2,3.2049,train
3530,6.156970,nan,0.00009983,layer_4,0.2,3.2049,train
3531,5.751329,nan,0.00009983,layer_5,0.2,3.2049,train
3532,5.947790,nan,0.00009983,layer_5,0.2,3.2049,train
3533,5.558196,nan,0.00009983,layer_5,0.2,3.2049,train
3534,5.578109,nan,0.00009983,layer_5,0.2,3.2049,train
3535,5.467438,nan,0.00009983,layer_5,0.2,3.2049,train
3536,6.636560,nan,0.00009983,layer_5,0.2,3.2049,train
3537,5.879641,nan,0.00009983,layer_5,0.2,3.2049,train
3538,5.526946,nan,0.00009983,layer_5,0.2,3.2049,train
3539,5.680715,nan,0.00009983,layer_5,0.2,3.2049,train
3540,5.846037,nan,0.00009983,layer_5,0.2,3.2049,train
3541,6.021421,nan,0.00009983,layer_6,0.2,3.2049,train
3542,6.023417,nan,0.00009983,layer_6,0.2,3.2049,train
3543,5.276920,nan,0.00009983,layer_6,0.2,3.2049,train
3544,5.760243,nan,0.00009982,layer_6,0.2,3.2049,train
3545,5.509054,nan,0.00009982,layer_6,0.2,3.2049,train
3546,5.777605,nan,0.00009982,layer_6,0.2,3.2049,train
3547,5.346193,nan,0.00009982,layer_6,0.2,3.2049,train
3548,6.185716,nan,0.00009982,layer_6,0.2,3.2049,train
3549,5.985868,nan,0.00009982,layer_6,0.2,3.2049,train
3550,6.083808,nan,0.00009982,layer_6,0.2,3.2049,train
3551,5.475431,nan,0.00009982,layer_7,0.2,3.2049,train
3552,5.263993,nan,0.00009982,layer_7,0.2,3.2049,train
3553,5.911798,nan,0.00009982,layer_7,0.2,3.2049,train
3554,6.261682,nan,0.00009982,layer_7,0.2,3.2049,train
3555,5.788463,nan,0.00009982,layer_7,0.2,3.2049,train
3556,5.937510,nan,0.00009982,layer_7,0.2,3.2049,train
3557,5.186953,nan,0.00009982,layer_7,0.2,3.2049,train
3558,6.644611,nan,0.00009982,layer_7,0.2,3.2049,train
3559,5.436142,nan,0.00009982,layer_7,0.2,3.2049,train
3560,5.923363,nan,0.00009982,layer_7,0.2,3.2049,train
3561,5.986166,nan,0.00009982,layer_8,0.2,3.2049,train
3562,6.077199,nan,0.00009982,layer_8,0.2,3.2049,train
3563,5.105691,nan,0.00009982,layer_8,0.2,3.2049,train
3564,4.440898,nan,0.00009982,layer_8,0.2,3.2049,train
3565,5.636550,nan,0.00009982,layer_8,0.2,3.2049,train
3566,5.447792,nan,0.00009982,layer_8,0.2,3.2049,train
3567,5.079101,nan,0.00009982,layer_8,0.2,3.2049,train
3568,5.447402,nan,0.00009982,layer_8,0.2,3.2049,train
3569,5.834995,nan,0.00009982,layer_8,0.2,3.2049,train
3570,6.076168,nan,0.00009982,layer_8,0.2,3.2049,train
3571,5.597937,nan,0.00009982,layer_9,0.2,3.2049,train
3572,5.392154,nan,0.00009982,layer_9,0.2,3.2049,train
3573,5.352381,nan,0.00009982,layer_9,0.2,3.2049,train
3574,5.896985,nan,0.00009982,layer_9,0.2,3.2049,train
3575,6.083297,nan,0.00009982,layer_9,0.2,3.2049,train
3576,5.658248,nan,0.00009982,layer_9,0.2,3.2049,train
3577,5.878850,nan,0.00009982,layer_9,0.2,3.2049,train
3578,5.529354,nan,0.00009982,layer_9,0.2,3.2049,train
3579,5.630109,nan,0.00009982,layer_9,0.2,3.2049,train
3580,5.786555,nan,0.00009982,layer_9,0.2,3.2049,train
3581,5.405532,nan,0.00009982,layer_10,0.2,3.2049,train
3582,5.507761,nan,0.00009982,layer_10,0.2,3.2049,train
3583,6.084821,nan,0.00009982,layer_10,0.2,3.2049,train
3584,5.468416,nan,0.00009982,layer_10,0.2,3.2049,train
3585,5.421947,nan,0.00009982,layer_10,0.2,3.2049,train
3586,5.750264,nan,0.00009982,layer_10,0.2,3.2049,train
3587,5.416802,nan,0.00009982,layer_10,0.2,3.2049,train
3588,5.602761,nan,0.00009982,layer_10,0.2,3.2049,train
3589,6.716653,nan,0.00009982,layer_10,0.2,3.2049,train
3590,5.887798,nan,0.00009982,layer_10,0.2,3.2049,train
3591,5.950377,nan,0.00009982,layer_11,0.2,3.2049,train
3592,5.709309,nan,0.00009982,layer_11,0.2,3.2049,train
3593,5.821529,nan,0.00009982,layer_11,0.2,3.2049,train
3594,6.042376,nan,0.00009982,layer_11,0.2,3.2049,train
3595,5.126245,nan,0.00009982,layer_11,0.2,3.2049,train
3596,5.883044,nan,0.00009982,layer_11,0.2,3.2049,train
3597,6.175603,nan,0.00009982,layer_11,0.2,3.2049,train
3598,5.385208,nan,0.00009982,layer_11,0.2,3.2049,train
3599,6.512987,nan,0.00009982,layer_11,0.2,3.2049,train
3600,5.850226,nan,0.00009982,layer_11,0.2,3.2049,train
3601,6.105020,nan,0.00009982,layer_0,0.2,3.2049,train
3602,5.432977,nan,0.00009982,layer_0,0.2,3.2049,train
3603,5.948062,nan,0.00009982,layer_0,0.2,3.2049,train
3604,5.385512,nan,0.00009982,layer_0,0.2,3.2049,train
3605,5.730136,nan,0.00009982,layer_0,0.2,3.2049,train
3606,5.422941,nan,0.00009982,layer_0,0.2,3.2049,train
3607,6.003888,nan,0.00009982,layer_0,0.2,3.2049,train
3608,4.920023,nan,0.00009982,layer_0,0.2,3.2049,train
3609,5.528446,nan,0.00009982,layer_0,0.2,3.2049,train
3610,5.597540,nan,0.00009982,layer_0,0.2,3.2049,train
3611,5.909970,nan,0.00009982,layer_1,0.2,3.2049,train
3612,5.313554,nan,0.00009982,layer_1,0.2,3.2049,train
3613,5.727166,nan,0.00009982,layer_1,0.2,3.2049,train
3614,5.550999,nan,0.00009982,layer_1,0.2,3.2049,train
3615,5.617410,nan,0.00009982,layer_1,0.2,3.2049,train
3616,5.323462,nan,0.00009981,layer_1,0.2,3.2049,train
3617,5.196915,nan,0.00009981,layer_1,0.2,3.2049,train
3618,6.024867,nan,0.00009981,layer_1,0.2,3.2049,train
3619,5.997908,nan,0.00009981,layer_1,0.2,3.2049,train
3620,5.167982,nan,0.00009981,layer_1,0.2,3.2049,train
3621,5.871597,nan,0.00009981,layer_2,0.2,3.2049,train
3622,5.922895,nan,0.00009981,layer_2,0.2,3.2049,train
3623,5.376925,nan,0.00009981,layer_2,0.2,3.2049,train
3624,5.729105,nan,0.00009981,layer_2,0.2,3.2049,train
3625,5.243605,nan,0.00009981,layer_2,0.2,3.2049,train
3626,6.051656,nan,0.00009981,layer_2,0.2,3.2049,train
3627,5.829869,nan,0.00009981,layer_2,0.2,3.2049,train
3628,6.047332,nan,0.00009981,layer_2,0.2,3.2049,train
3629,4.677060,nan,0.00009981,layer_2,0.2,3.2049,train
3630,5.652445,nan,0.00009981,layer_2,0.2,3.2049,train
3631,5.862249,nan,0.00009981,layer_3,0.2,3.2049,train
3632,5.256242,nan,0.00009981,layer_3,0.2,3.2049,train
3633,6.298073,nan,0.00009981,layer_3,0.2,3.2049,train
3634,6.935521,nan,0.00009981,layer_3,0.2,3.2049,train
3635,5.912205,nan,0.00009981,layer_3,0.2,3.2049,train
3636,5.908615,nan,0.00009981,layer_3,0.2,3.2049,train
3637,5.765429,nan,0.00009981,layer_3,0.2,3.2049,train
3638,5.606516,nan,0.00009981,layer_3,0.2,3.2049,train
3639,5.552837,nan,0.00009981,layer_3,0.2,3.2049,train
3640,6.182469,nan,0.00009981,layer_3,0.2,3.2049,train
3641,5.090061,nan,0.00009981,layer_4,0.2,3.2049,train
3642,5.800391,nan,0.00009981,layer_4,0.2,3.2049,train
3643,5.499965,nan,0.00009981,layer_4,0.2,3.2049,train
3644,5.951824,nan,0.00009981,layer_4,0.2,3.2049,train
3645,5.857957,nan,0.00009981,layer_4,0.2,3.2049,train
3646,5.774252,nan,0.00009981,layer_4,0.2,3.2049,train
3647,5.539967,nan,0.00009981,layer_4,0.2,3.2049,train
3648,5.832894,nan,0.00009981,layer_4,0.2,3.2049,train
3649,5.577973,nan,0.00009981,layer_4,0.2,3.2049,train
3650,5.267265,nan,0.00009981,layer_4,0.2,3.2049,train
3651,5.327968,nan,0.00009981,layer_5,0.2,3.2049,train
3652,6.292033,nan,0.00009981,layer_5,0.2,3.2049,train
3653,5.260831,nan,0.00009981,layer_5,0.2,3.2049,train
3654,6.175406,nan,0.00009981,layer_5,0.2,3.2049,train
3655,4.838369,nan,0.00009981,layer_5,0.2,3.2049,train
3656,6.302800,nan,0.00009981,layer_5,0.2,3.2049,train
3657,5.543948,nan,0.00009981,layer_5,0.2,3.2049,train
3658,5.411933,nan,0.00009981,layer_5,0.2,3.2049,train
3659,5.790236,nan,0.00009981,layer_5,0.2,3.2049,train
3660,5.433593,nan,0.00009981,layer_5,0.2,3.2049,train
3661,5.006147,nan,0.00009981,layer_6,0.2,3.2049,train
3662,5.212197,nan,0.00009981,layer_6,0.2,3.2049,train
3663,5.768710,nan,0.00009981,layer_6,0.2,3.2049,train
3664,6.783686,nan,0.00009981,layer_6,0.2,3.2049,train
3665,5.701140,nan,0.00009981,layer_6,0.2,3.2049,train
3666,5.812498,nan,0.00009981,layer_6,0.2,3.2049,train
3667,5.614343,nan,0.00009981,layer_6,0.2,3.2049,train
3668,5.550471,nan,0.00009981,layer_6,0.2,3.2049,train
3669,6.281050,nan,0.00009981,layer_6,0.2,3.2049,train
3670,5.681966,nan,0.00009981,layer_6,0.2,3.2049,train
3671,4.771732,nan,0.00009981,layer_7,0.2,3.2049,train
3672,6.749794,nan,0.00009981,layer_7,0.2,3.2049,train
3673,5.443060,nan,0.00009981,layer_7,0.2,3.2049,train
3674,5.910540,nan,0.00009981,layer_7,0.2,3.2049,train
3675,5.994322,nan,0.00009981,layer_7,0.2,3.2049,train
3676,5.071311,nan,0.00009981,layer_7,0.2,3.2049,train
3677,5.398401,nan,0.00009981,layer_7,0.2,3.2049,train
3678,5.345105,nan,0.00009981,layer_7,0.2,3.2049,train
3679,5.716238,nan,0.00009981,layer_7,0.2,3.2049,train
3680,6.139694,nan,0.00009981,layer_7,0.2,3.2049,train
3681,5.521064,nan,0.00009981,layer_8,0.2,3.2049,train
3682,5.317802,nan,0.00009981,layer_8,0.2,3.2049,train
3683,5.246149,nan,0.00009981,layer_8,0.2,3.2049,train
3684,5.159292,nan,0.00009981,layer_8,0.2,3.2049,train
3685,5.805574,nan,0.00009981,layer_8,0.2,3.2049,train
3686,5.032140,nan,0.00009980,layer_8,0.2,3.2049,train
3687,5.747904,nan,0.00009980,layer_8,0.2,3.2049,train
3688,5.835110,nan,0.00009980,layer_8,0.2,3.2049,train
3689,5.966490,nan,0.00009980,layer_8,0.2,3.2049,train
3690,5.920622,nan,0.00009980,layer_8,0.2,3.2049,train
3691,5.347174,nan,0.00009980,layer_9,0.2,3.2049,train
3692,6.581430,nan,0.00009980,layer_9,0.2,3.2049,train
3693,5.192630,nan,0.00009980,layer_9,0.2,3.2049,train
3694,5.361670,nan,0.00009980,layer_9,0.2,3.2049,train
3695,4.361124,nan,0.00009980,layer_9,0.2,3.2049,train
3696,4.903719,nan,0.00009980,layer_9,0.2,3.2049,train
3697,6.179763,nan,0.00009980,layer_9,0.2,3.2049,train
3698,5.901128,nan,0.00009980,layer_9,0.2,3.2049,train
3699,5.767128,nan,0.00009980,layer_9,0.2,3.2049,train
3700,5.260119,nan,0.00009980,layer_9,0.2,3.2049,train
3701,6.299618,nan,0.00009980,layer_10,0.2,3.2049,train
3702,4.772413,nan,0.00009980,layer_10,0.2,3.2049,train
3703,5.695568,nan,0.00009980,layer_10,0.2,3.2049,train
3704,5.594469,nan,0.00009980,layer_10,0.2,3.2049,train
3705,5.219161,nan,0.00009980,layer_10,0.2,3.2049,train
3706,5.434808,nan,0.00009980,layer_10,0.2,3.2049,train
3707,5.753114,nan,0.00009980,layer_10,0.2,3.2049,train
3708,5.189231,nan,0.00009980,layer_10,0.2,3.2049,train
3709,5.831192,nan,0.00009980,layer_10,0.2,3.2049,train
3710,5.926548,nan,0.00009980,layer_10,0.2,3.2049,train
3711,5.765874,nan,0.00009980,layer_11,0.2,3.2049,train
3712,5.872792,nan,0.00009980,layer_11,0.2,3.2049,train
3713,6.019051,nan,0.00009980,layer_11,0.2,3.2049,train
3714,5.470347,nan,0.00009980,layer_11,0.2,3.2049,train
3715,5.458617,nan,0.00009980,layer_11,0.2,3.2049,train
3716,5.581052,nan,0.00009980,layer_11,0.2,3.2049,train
3717,5.205841,nan,0.00009980,layer_11,0.2,3.2049,train
3718,5.638304,nan,0.00009980,layer_11,0.2,3.2049,train
3719,5.741327,nan,0.00009980,layer_11,0.2,3.2049,train
3720,6.046206,nan,0.00009980,layer_11,0.2,3.2049,train
3721,5.559513,nan,0.00009980,layer_0,0.2,3.2049,train
3722,5.795943,nan,0.00009980,layer_0,0.2,3.2049,train
3723,5.460982,nan,0.00009980,layer_0,0.2,3.2049,train
3724,6.800190,nan,0.00009980,layer_0,0.2,3.2049,train
3725,5.834154,nan,0.00009980,layer_0,0.2,3.2049,train
3726,5.751385,nan,0.00009980,layer_0,0.2,3.2049,train
3727,5.359260,nan,0.00009980,layer_0,0.2,3.2049,train
3728,5.286854,nan,0.00009980,layer_0,0.2,3.2049,train
3729,5.099925,nan,0.00009980,layer_0,0.2,3.2049,train
3730,5.820127,nan,0.00009980,layer_0,0.2,3.2049,train
3731,6.221292,nan,0.00009980,layer_1,0.2,3.2049,train
3732,4.761854,nan,0.00009980,layer_1,0.2,3.2049,train
3733,5.783791,nan,0.00009980,layer_1,0.2,3.2049,train
3734,5.819783,nan,0.00009980,layer_1,0.2,3.2049,train
3735,6.180563,nan,0.00009980,layer_1,0.2,3.2049,train
3736,6.142566,nan,0.00009980,layer_1,0.2,3.2049,train
3737,5.574992,nan,0.00009980,layer_1,0.2,3.2049,train
3738,6.439692,nan,0.00009980,layer_1,0.2,3.2049,train
3739,6.220933,nan,0.00009980,layer_1,0.2,3.2049,train
3740,5.269329,nan,0.00009980,layer_1,0.2,3.2049,train
3741,5.669697,nan,0.00009980,layer_2,0.2,3.2049,train
3742,5.673393,nan,0.00009980,layer_2,0.2,3.2049,train
3743,5.226309,nan,0.00009980,layer_2,0.2,3.2049,train
3744,5.840275,nan,0.00009980,layer_2,0.2,3.2049,train
3745,5.141972,nan,0.00009980,layer_2,0.2,3.2049,train
3746,5.972480,nan,0.00009980,layer_2,0.2,3.2049,train
3747,5.366684,nan,0.00009980,layer_2,0.2,3.2049,train
3748,5.551130,nan,0.00009980,layer_2,0.2,3.2049,train
3749,5.892107,nan,0.00009980,layer_2,0.2,3.2049,train
3750,6.246456,nan,0.00009980,layer_2,0.2,3.2049,train
3751,5.546905,nan,0.00009980,layer_3,0.2,3.2049,train
3752,5.744585,nan,0.00009980,layer_3,0.2,3.2049,train
3753,5.041506,nan,0.00009980,layer_3,0.2,3.2049,train
3754,5.381299,nan,0.00009979,layer_3,0.2,3.2049,train
3755,5.058834,nan,0.00009979,layer_3,0.2,3.2049,train
3756,5.629912,nan,0.00009979,layer_3,0.2,3.2049,train
3757,5.563525,nan,0.00009979,layer_3,0.2,3.2049,train
3758,6.584172,nan,0.00009979,layer_3,0.2,3.2049,train
3759,5.431647,nan,0.00009979,layer_3,0.2,3.2049,train
3760,6.592670,nan,0.00009979,layer_3,0.2,3.2049,train
3761,5.736641,nan,0.00009979,layer_4,0.2,3.2049,train
3762,5.578596,nan,0.00009979,layer_4,0.2,3.2049,train
3763,5.546074,nan,0.00009979,layer_4,0.2,3.2049,train
3764,5.563514,nan,0.00009979,layer_4,0.2,3.2049,train
3765,5.452300,nan,0.00009979,layer_4,0.2,3.2049,train
3766,4.897481,nan,0.00009979,layer_4,0.2,3.2049,train
3767,5.579661,nan,0.00009979,layer_4,0.2,3.2049,train
3768,4.621518,nan,0.00009979,layer_4,0.2,3.2049,train
3769,4.979819,nan,0.00009979,layer_4,0.2,3.2049,train
3770,5.366453,nan,0.00009979,layer_4,0.2,3.2049,train
3771,6.029149,nan,0.00009979,layer_5,0.2,3.2049,train
3772,5.412001,nan,0.00009979,layer_5,0.2,3.2049,train
3773,6.046052,nan,0.00009979,layer_5,0.2,3.2049,train
3774,6.131771,nan,0.00009979,layer_5,0.2,3.2049,train
3775,5.776282,nan,0.00009979,layer_5,0.2,3.2049,train
3776,5.564103,nan,0.00009979,layer_5,0.2,3.2049,train
3777,6.966685,nan,0.00009979,layer_5,0.2,3.2049,train
3778,5.578792,nan,0.00009979,layer_5,0.2,3.2049,train
3779,6.254531,nan,0.00009979,layer_5,0.2,3.2049,train
3780,5.816707,nan,0.00009979,layer_5,0.2,3.2049,train
3781,5.528583,nan,0.00009979,layer_6,0.2,3.2049,train
3782,6.078993,nan,0.00009979,layer_6,0.2,3.2049,train
3783,5.931622,nan,0.00009979,layer_6,0.2,3.2049,train
3784,5.367393,nan,0.00009979,layer_6,0.2,3.2049,train
3785,6.280901,nan,0.00009979,layer_6,0.2,3.2049,train
3786,6.066787,nan,0.00009979,layer_6,0.2,3.2049,train
3787,5.721606,nan,0.00009979,layer_6,0.2,3.2049,train
3788,5.509660,nan,0.00009979,layer_6,0.2,3.2049,train
3789,5.550466,nan,0.00009979,layer_6,0.2,3.2049,train
3790,5.274510,nan,0.00009979,layer_6,0.2,3.2049,train
3791,5.677465,nan,0.00009979,layer_7,0.2,3.2049,train
3792,6.309317,nan,0.00009979,layer_7,0.2,3.2049,train
3793,5.527782,nan,0.00009979,layer_7,0.2,3.2049,train
3794,5.301743,nan,0.00009979,layer_7,0.2,3.2049,train
3795,5.337581,nan,0.00009979,layer_7,0.2,3.2049,train
3796,5.583298,nan,0.00009979,layer_7,0.2,3.2049,train
3797,6.037638,nan,0.00009979,layer_7,0.2,3.2049,train
3798,5.759384,nan,0.00009979,layer_7,0.2,3.2049,train
3799,5.644394,nan,0.00009979,layer_7,0.2,3.2049,train
3800,5.703711,nan,0.00009979,layer_7,0.2,3.2049,train
3801,5.306853,nan,0.00009979,layer_8,0.2,3.2049,train
3802,5.887895,nan,0.00009979,layer_8,0.2,3.2049,train
3803,5.319764,nan,0.00009979,layer_8,0.2,3.2049,train
3804,5.627343,nan,0.00009979,layer_8,0.2,3.2049,train
3805,5.482814,nan,0.00009979,layer_8,0.2,3.2049,train
3806,5.480309,nan,0.00009979,layer_8,0.2,3.2049,train
3807,6.790136,nan,0.00009979,layer_8,0.2,3.2049,train
3808,5.834530,nan,0.00009979,layer_8,0.2,3.2049,train
3809,5.187122,nan,0.00009979,layer_8,0.2,3.2049,train
3810,5.749967,nan,0.00009979,layer_8,0.2,3.2049,train
3811,5.702521,nan,0.00009979,layer_9,0.2,3.2049,train
3812,5.166022,nan,0.00009979,layer_9,0.2,3.2049,train
3813,6.145611,nan,0.00009979,layer_9,0.2,3.2049,train
3814,6.028826,nan,0.00009979,layer_9,0.2,3.2049,train
3815,5.502935,nan,0.00009979,layer_9,0.2,3.2049,train
3816,4.662983,nan,0.00009979,layer_9,0.2,3.2049,train
3817,5.611054,nan,0.00009979,layer_9,0.2,3.2049,train
3818,5.500213,nan,0.00009979,layer_9,0.2,3.2049,train
3819,6.014057,nan,0.00009979,layer_9,0.2,3.2049,train
3820,5.864547,nan,0.00009978,layer_9,0.2,3.2049,train
3821,5.450354,nan,0.00009978,layer_10,0.2,3.2049,train
3822,5.262114,nan,0.00009978,layer_10,0.2,3.2049,train
3823,5.660410,nan,0.00009978,layer_10,0.2,3.2049,train
3824,5.381457,nan,0.00009978,layer_10,0.2,3.2049,train
3825,5.890760,nan,0.00009978,layer_10,0.2,3.2049,train
3826,5.506713,nan,0.00009978,layer_10,0.2,3.2049,train
3827,5.377475,nan,0.00009978,layer_10,0.2,3.2049,train
3828,6.115696,nan,0.00009978,layer_10,0.2,3.2049,train
3829,5.441234,nan,0.00009978,layer_10,0.2,3.2049,train
3830,5.366374,nan,0.00009978,layer_10,0.2,3.2049,train
3831,6.020738,nan,0.00009978,layer_11,0.2,3.2049,train
3832,4.942033,nan,0.00009978,layer_11,0.2,3.2049,train
3833,5.430326,nan,0.00009978,layer_11,0.2,3.2049,train
3834,6.064593,nan,0.00009978,layer_11,0.2,3.2049,train
3835,6.277339,nan,0.00009978,layer_11,0.2,3.2049,train
3836,6.177627,nan,0.00009978,layer_11,0.2,3.2049,train
3837,4.994646,nan,0.00009978,layer_11,0.2,3.2049,train
3838,5.263951,nan,0.00009978,layer_11,0.2,3.2049,train
3839,5.556187,nan,0.00009978,layer_11,0.2,3.2049,train
3840,5.562282,nan,0.00009978,layer_11,0.2,3.2049,train
3841,5.750304,nan,0.00009978,layer_0,0.2,3.2049,train
3842,5.627379,nan,0.00009978,layer_0,0.2,3.2049,train
3843,5.023494,nan,0.00009978,layer_0,0.2,3.2049,train
3844,4.546599,nan,0.00009978,layer_0,0.2,3.2049,train
3845,5.265542,nan,0.00009978,layer_0,0.2,3.2049,train
3846,5.315921,nan,0.00009978,layer_0,0.2,3.2049,train
3847,6.489463,nan,0.00009978,layer_0,0.2,3.2049,train
3848,5.665967,nan,0.00009978,layer_0,0.2,3.2049,train
3849,5.332032,nan,0.00009978,layer_0,0.2,3.2049,train
3850,5.928471,nan,0.00009978,layer_0,0.2,3.2049,train
3851,5.811570,nan,0.00009978,layer_1,0.2,3.2049,train
3852,5.287513,nan,0.00009978,layer_1,0.2,3.2049,train
3853,5.543015,nan,0.00009978,layer_1,0.2,3.2049,train
3854,5.478552,nan,0.00009978,layer_1,0.2,3.2049,train
3855,6.077512,nan,0.00009978,layer_1,0.2,3.2049,train
3856,5.963208,nan,0.00009978,layer_1,0.2,3.2049,train
3857,6.263229,nan,0.00009978,layer_1,0.2,3.2049,train
3858,6.016349,nan,0.00009978,layer_1,0.2,3.2049,train
3859,5.185679,nan,0.00009978,layer_1,0.2,3.2049,train
3860,6.271945,nan,0.00009978,layer_1,0.2,3.2049,train
3861,4.894397,nan,0.00009978,layer_2,0.2,3.2049,train
3862,5.944129,nan,0.00009978,layer_2,0.2,3.2049,train
3863,6.055038,nan,0.00009978,layer_2,0.2,3.2049,train
3864,5.762532,nan,0.00009978,layer_2,0.2,3.2049,train
3865,5.455656,nan,0.00009978,layer_2,0.2,3.2049,train
3866,5.795870,nan,0.00009978,layer_2,0.2,3.2049,train
3867,5.586357,nan,0.00009978,layer_2,0.2,3.2049,train
3868,5.686115,nan,0.00009978,layer_2,0.2,3.2049,train
3869,5.848725,nan,0.00009978,layer_2,0.2,3.2049,train
3870,5.591977,nan,0.00009978,layer_2,0.2,3.2049,train
3871,5.874621,nan,0.00009978,layer_3,0.2,3.2049,train
3872,5.515330,nan,0.00009978,layer_3,0.2,3.2049,train
3873,5.774982,nan,0.00009978,layer_3,0.2,3.2049,train
3874,5.683918,nan,0.00009978,layer_3,0.2,3.2049,train
3875,5.424879,nan,0.00009978,layer_3,0.2,3.2049,train
3876,5.494382,nan,0.00009978,layer_3,0.2,3.2049,train
3877,6.125161,nan,0.00009978,layer_3,0.2,3.2049,train
3878,5.625495,nan,0.00009978,layer_3,0.2,3.2049,train
3879,6.190461,nan,0.00009978,layer_3,0.2,3.2049,train
3880,5.139652,nan,0.00009978,layer_3,0.2,3.2049,train
3881,5.888732,nan,0.00009978,layer_4,0.2,3.2049,train
3882,5.425447,nan,0.00009978,layer_4,0.2,3.2049,train
3883,5.355396,nan,0.00009978,layer_4,0.2,3.2049,train
3884,5.768620,nan,0.00009978,layer_4,0.2,3.2049,train
3885,5.377053,nan,0.00009977,layer_4,0.2,3.2049,train
3886,5.459512,nan,0.00009977,layer_4,0.2,3.2049,train
3887,6.064418,nan,0.00009977,layer_4,0.2,3.2049,train
3888,5.596412,nan,0.00009977,layer_4,0.2,3.2049,train
3889,5.307371,nan,0.00009977,layer_4,0.2,3.2049,train
3890,5.030008,nan,0.00009977,layer_4,0.2,3.2049,train
3891,5.663922,nan,0.00009977,layer_5,0.2,3.2049,train
3892,5.782093,nan,0.00009977,layer_5,0.2,3.2049,train
3893,5.759396,nan,0.00009977,layer_5,0.2,3.2049,train
3894,5.670339,nan,0.00009977,layer_5,0.2,3.2049,train
3895,5.473185,nan,0.00009977,layer_5,0.2,3.2049,train
3896,6.051293,nan,0.00009977,layer_5,0.2,3.2049,train
3897,5.532881,nan,0.00009977,layer_5,0.2,3.2049,train
3898,5.372681,nan,0.00009977,layer_5,0.2,3.2049,train
3899,5.503588,nan,0.00009977,layer_5,0.2,3.2049,train
3900,5.544746,nan,0.00009977,layer_5,0.2,3.2049,train
3901,5.079213,nan,0.00009977,layer_6,0.2,3.2049,train
3902,5.434065,nan,0.00009977,layer_6,0.2,3.2049,train
3903,5.496000,nan,0.00009977,layer_6,0.2,3.2049,train
3904,5.602725,nan,0.00009977,layer_6,0.2,3.2049,train
3905,5.062825,nan,0.00009977,layer_6,0.2,3.2049,train
3906,5.971668,nan,0.00009977,layer_6,0.2,3.2049,train
3907,5.505814,nan,0.00009977,layer_6,0.2,3.2049,train
3908,5.434450,nan,0.00009977,layer_6,0.2,3.2049,train
3909,4.675762,nan,0.00009977,layer_6,0.2,3.2049,train
3910,6.081775,nan,0.00009977,layer_6,0.2,3.2049,train
3911,6.018099,nan,0.00009977,layer_7,0.2,3.2049,train
3912,5.782612,nan,0.00009977,layer_7,0.2,3.2049,train
3913,5.372491,nan,0.00009977,layer_7,0.2,3.2049,train
3914,6.044945,nan,0.00009977,layer_7,0.2,3.2049,train
3915,5.353988,nan,0.00009977,layer_7,0.2,3.2049,train
3916,5.318212,nan,0.00009977,layer_7,0.2,3.2049,train
3917,5.663064,nan,0.00009977,layer_7,0.2,3.2049,train
3918,6.341104,nan,0.00009977,layer_7,0.2,3.2049,train
3919,5.456114,nan,0.00009977,layer_7,0.2,3.2049,train
3920,6.453404,nan,0.00009977,layer_7,0.2,3.2049,train
3921,5.757709,nan,0.00009977,layer_8,0.2,3.2049,train
3922,6.080122,nan,0.00009977,layer_8,0.2,3.2049,train
3923,5.917408,nan,0.00009977,layer_8,0.2,3.2049,train
3924,5.545399,nan,0.00009977,layer_8,0.2,3.2049,train
3925,5.806159,nan,0.00009977,layer_8,0.2,3.2049,train
3926,5.362608,nan,0.00009977,layer_8,0.2,3.2049,train
3927,5.454178,nan,0.00009977,layer_8,0.2,3.2049,train
3928,5.456171,nan,0.00009977,layer_8,0.2,3.2049,train
3929,6.087350,nan,0.00009977,layer_8,0.2,3.2049,train
3930,5.247053,nan,0.00009977,layer_8,0.2,3.2049,train
3931,5.621203,nan,0.00009977,layer_9,0.2,3.2049,train
3932,5.618737,nan,0.00009977,layer_9,0.2,3.2049,train
3933,5.586932,nan,0.00009977,layer_9,0.2,3.2049,train
3934,6.003409,nan,0.00009977,layer_9,0.2,3.2049,train
3935,4.967806,nan,0.00009977,layer_9,0.2,3.2049,train
3936,5.251107,nan,0.00009977,layer_9,0.2,3.2049,train
3937,5.499735,nan,0.00009977,layer_9,0.2,3.2049,train
3938,5.721927,nan,0.00009977,layer_9,0.2,3.2049,train
3939,5.995110,nan,0.00009977,layer_9,0.2,3.2049,train
3940,5.042165,nan,0.00009977,layer_9,0.2,3.2049,train
3941,6.568532,nan,0.00009977,layer_10,0.2,3.2049,train
3942,5.865667,nan,0.00009977,layer_10,0.2,3.2049,train
3943,5.520559,nan,0.00009977,layer_10,0.2,3.2049,train
3944,5.531185,nan,0.00009977,layer_10,0.2,3.2049,train
3945,5.463686,nan,0.00009977,layer_10,0.2,3.2049,train
3946,5.775385,nan,0.00009977,layer_10,0.2,3.2049,train
3947,5.698047,nan,0.00009977,layer_10,0.2,3.2049,train
3948,5.496240,nan,0.00009977,layer_10,0.2,3.2049,train
3949,5.115430,nan,0.00009976,layer_10,0.2,3.2049,train
3950,5.363117,nan,0.00009976,layer_10,0.2,3.2049,train
3951,4.970794,nan,0.00009976,layer_11,0.2,3.2049,train
3952,4.724555,nan,0.00009976,layer_11,0.2,3.2049,train
3953,5.841704,nan,0.00009976,layer_11,0.2,3.2049,train
3954,6.086429,nan,0.00009976,layer_11,0.2,3.2049,train
3955,5.437601,nan,0.00009976,layer_11,0.2,3.2049,train
3956,5.506515,nan,0.00009976,layer_11,0.2,3.2049,train
3957,5.172267,nan,0.00009976,layer_11,0.2,3.2049,train
3958,5.791654,nan,0.00009976,layer_11,0.2,3.2049,train
3959,6.960556,nan,0.00009976,layer_11,0.2,3.2049,train
3960,5.705370,nan,0.00009976,layer_11,0.2,3.2049,train
3961,5.682146,nan,0.00009976,layer_0,0.2,3.2049,train
3962,5.527299,nan,0.00009976,layer_0,0.2,3.2049,train
3963,5.878347,nan,0.00009976,layer_0,0.2,3.2049,train
3964,5.485521,nan,0.00009976,layer_0,0.2,3.2049,train
3965,6.240067,nan,0.00009976,layer_0,0.2,3.2049,train
3966,5.447574,nan,0.00009976,layer_0,0.2,3.2049,train
3967,5.567827,nan,0.00009976,layer_0,0.2,3.2049,train
3968,5.571727,nan,0.00009976,layer_0,0.2,3.2049,train
3969,5.362219,nan,0.00009976,layer_0,0.2,3.2049,train
3970,5.954761,nan,0.00009976,layer_0,0.2,3.2049,train
3971,5.606387,nan,0.00009976,layer_1,0.2,3.2049,train
3972,5.878323,nan,0.00009976,layer_1,0.2,3.2049,train
3973,5.706485,nan,0.00009976,layer_1,0.2,3.2049,train
3974,5.378740,nan,0.00009976,layer_1,0.2,3.2049,train
3975,5.210913,nan,0.00009976,layer_1,0.2,3.2049,train
3976,5.007695,nan,0.00009976,layer_1,0.2,3.2049,train
3977,5.246216,nan,0.00009976,layer_1,0.2,3.2049,train
3978,5.205218,nan,0.00009976,layer_1,0.2,3.2049,train
3979,5.143972,nan,0.00009976,layer_1,0.2,3.2049,train
3980,6.073378,nan,0.00009976,layer_1,0.2,3.2049,train
3981,5.743157,nan,0.00009976,layer_2,0.2,3.2049,train
3982,5.857826,nan,0.00009976,layer_2,0.2,3.2049,train
3983,5.345688,nan,0.00009976,layer_2,0.2,3.2049,train
3984,5.341752,nan,0.00009976,layer_2,0.2,3.2049,train
3985,5.483097,nan,0.00009976,layer_2,0.2,3.2049,train
3986,5.612835,nan,0.00009976,layer_2,0.2,3.2049,train
3987,5.103364,nan,0.00009976,layer_2,0.2,3.2049,train
3988,5.514929,nan,0.00009976,layer_2,0.2,3.2049,train
3989,6.175916,nan,0.00009976,layer_2,0.2,3.2049,train
3990,5.433996,nan,0.00009976,layer_2,0.2,3.2049,train
3991,5.460140,nan,0.00009976,layer_3,0.2,3.2049,train
3992,5.647693,nan,0.00009976,layer_3,0.2,3.2049,train
3993,5.839777,nan,0.00009976,layer_3,0.2,3.2049,train
3994,5.823195,nan,0.00009976,layer_3,0.2,3.2049,train
3995,6.248857,nan,0.00009976,layer_3,0.2,3.2049,train
3996,5.599350,nan,0.00009976,layer_3,0.2,3.2049,train
3997,5.145454,nan,0.00009976,layer_3,0.2,3.2049,train
3998,5.911379,nan,0.00009976,layer_3,0.2,3.2049,train
3999,5.185240,nan,0.00009976,layer_3,0.2,3.2049,train
4000,6.557522,nan,0.00009976,layer_3,0.2,3.2049,train
4000,5.615030,5.635576,0.00009976,layer_4,15.0,3.2049,eval
4001,5.446841,nan,0.00009976,layer_4,0.2,3.2049,train
4002,5.775895,nan,0.00009976,layer_4,0.2,3.2049,train
4003,5.494832,nan,0.00009976,layer_4,0.2,3.2049,train
4004,5.836432,nan,0.00009976,layer_4,0.2,3.2049,train
4005,5.867657,nan,0.00009976,layer_4,0.2,3.2049,train
4006,5.510222,nan,0.00009976,layer_4,0.2,3.2049,train
4007,5.531740,nan,0.00009976,layer_4,0.2,3.2049,train
4008,6.156798,nan,0.00009976,layer_4,0.2,3.2049,train
4009,5.516923,nan,0.00009976,layer_4,0.2,3.2049,train
4010,5.704209,nan,0.00009976,layer_4,0.2,3.2049,train
4011,5.501523,nan,0.00009975,layer_5,0.2,3.2049,train
4012,5.797181,nan,0.00009975,layer_5,0.2,3.2049,train
4013,5.055107,nan,0.00009975,layer_5,0.2,3.2049,train
4014,5.552252,nan,0.00009975,layer_5,0.2,3.2049,train
4015,6.294941,nan,0.00009975,layer_5,0.2,3.2049,train
4016,5.814821,nan,0.00009975,layer_5,0.2,3.2049,train
4017,5.706678,nan,0.00009975,layer_5,0.2,3.2049,train
4018,6.178885,nan,0.00009975,layer_5,0.2,3.2049,train
4019,5.904061,nan,0.00009975,layer_5,0.2,3.2049,train
4020,5.928122,nan,0.00009975,layer_5,0.2,3.2049,train
4021,5.230786,nan,0.00009975,layer_6,0.2,3.2049,train
4022,5.573066,nan,0.00009975,layer_6,0.2,3.2049,train
4023,5.550262,nan,0.00009975,layer_6,0.2,3.2049,train
4024,5.886676,nan,0.00009975,layer_6,0.2,3.2049,train
4025,6.341889,nan,0.00009975,layer_6,0.2,3.2049,train
4026,5.387503,nan,0.00009975,layer_6,0.2,3.2049,train
4027,5.511423,nan,0.00009975,layer_6,0.2,3.2049,train
4028,5.870907,nan,0.00009975,layer_6,0.2,3.2049,train
4029,5.676604,nan,0.00009975,layer_6,0.2,3.2049,train
4030,5.839915,nan,0.00009975,layer_6,0.2,3.2049,train
4031,5.527181,nan,0.00009975,layer_7,0.2,3.2049,train
4032,5.326934,nan,0.00009975,layer_7,0.2,3.2049,train
4033,5.670080,nan,0.00009975,layer_7,0.2,3.2049,train
4034,5.582107,nan,0.00009975,layer_7,0.2,3.2049,train
4035,5.826786,nan,0.00009975,layer_7,0.2,3.2049,train
4036,5.277122,nan,0.00009975,layer_7,0.2,3.2049,train
4037,5.671476,nan,0.00009975,layer_7,0.2,3.2049,train
4038,5.407084,nan,0.00009975,layer_7,0.2,3.2049,train
4039,4.980457,nan,0.00009975,layer_7,0.2,3.2049,train
4040,5.505384,nan,0.00009975,layer_7,0.2,3.2049,train
4041,5.431818,nan,0.00009975,layer_8,0.2,3.2049,train
4042,5.769028,nan,0.00009975,layer_8,0.2,3.2049,train
4043,4.979153,nan,0.00009975,layer_8,0.2,3.2049,train
4044,5.703276,nan,0.00009975,layer_8,0.2,3.2049,train
4045,5.709484,nan,0.00009975,layer_8,0.2,3.2049,train
4046,5.596947,nan,0.00009975,layer_8,0.2,3.2049,train
4047,5.845652,nan,0.00009975,layer_8,0.2,3.2049,train
4048,6.418371,nan,0.00009975,layer_8,0.2,3.2049,train
4049,6.109358,nan,0.00009975,layer_8,0.2,3.2049,train
4050,5.231363,nan,0.00009975,layer_8,0.2,3.2049,train
4051,5.673504,nan,0.00009975,layer_9,0.2,3.2049,train
4052,4.181690,nan,0.00009975,layer_9,0.2,3.2049,train
4053,5.948763,nan,0.00009975,layer_9,0.2,3.2049,train
4054,5.829959,nan,0.00009975,layer_9,0.2,3.2049,train
4055,5.635144,nan,0.00009975,layer_9,0.2,3.2049,train
4056,5.922413,nan,0.00009975,layer_9,0.2,3.2049,train
4057,6.305984,nan,0.00009975,layer_9,0.2,3.2049,train
4058,5.458207,nan,0.00009975,layer_9,0.2,3.2049,train
4059,5.777425,nan,0.00009975,layer_9,0.2,3.2049,train
4060,5.762702,nan,0.00009975,layer_9,0.2,3.2049,train
4061,5.846642,nan,0.00009975,layer_10,0.2,3.2049,train
4062,5.194493,nan,0.00009975,layer_10,0.2,3.2049,train
4063,6.045949,nan,0.00009975,layer_10,0.2,3.2049,train
4064,5.349844,nan,0.00009975,layer_10,0.2,3.2049,train
4065,5.198939,nan,0.00009975,layer_10,0.2,3.2049,train
4066,7.259437,nan,0.00009975,layer_10,0.2,3.2049,train
4067,5.640645,nan,0.00009975,layer_10,0.2,3.2049,train
4068,5.216785,nan,0.00009975,layer_10,0.2,3.2049,train
4069,5.209867,nan,0.00009975,layer_10,0.2,3.2049,train
4070,5.487310,nan,0.00009975,layer_10,0.2,3.2049,train
4071,5.508348,nan,0.00009974,layer_11,0.2,3.2049,train
4072,5.425509,nan,0.00009974,layer_11,0.2,3.2049,train
4073,5.523981,nan,0.00009974,layer_11,0.2,3.2049,train
4074,5.121238,nan,0.00009974,layer_11,0.2,3.2049,train
4075,5.060183,nan,0.00009974,layer_11,0.2,3.2049,train
4076,6.481219,nan,0.00009974,layer_11,0.2,3.2049,train
4077,5.928722,nan,0.00009974,layer_11,0.2,3.2049,train
4078,5.280269,nan,0.00009974,layer_11,0.2,3.2049,train
4079,5.809133,nan,0.00009974,layer_11,0.2,3.2049,train
4080,5.745525,nan,0.00009974,layer_11,0.2,3.2049,train
4081,6.688648,nan,0.00009974,layer_0,0.2,3.2049,train
4082,5.048318,nan,0.00009974,layer_0,0.2,3.2049,train
4083,5.375896,nan,0.00009974,layer_0,0.2,3.2049,train
4084,5.847648,nan,0.00009974,layer_0,0.2,3.2049,train
4085,5.860589,nan,0.00009974,layer_0,0.2,3.2049,train
4086,5.898231,nan,0.00009974,layer_0,0.2,3.2049,train
4087,5.720328,nan,0.00009974,layer_0,0.2,3.2049,train
4088,6.017612,nan,0.00009974,layer_0,0.2,3.2049,train
4089,6.254777,nan,0.00009974,layer_0,0.2,3.2049,train
4090,5.555969,nan,0.00009974,layer_0,0.2,3.2049,train
4091,5.657028,nan,0.00009974,layer_1,0.2,3.2049,train
4092,4.978612,nan,0.00009974,layer_1,0.2,3.2049,train
4093,5.824458,nan,0.00009974,layer_1,0.2,3.2049,train
4094,5.528853,nan,0.00009974,layer_1,0.2,3.2049,train
4095,6.207773,nan,0.00009974,layer_1,0.2,3.2049,train
4096,5.558964,nan,0.00009974,layer_1,0.2,3.2049,train
4097,5.421390,nan,0.00009974,layer_1,0.2,3.2049,train
4098,6.080150,nan,0.00009974,layer_1,0.2,3.2049,train
4099,5.304698,nan,0.00009974,layer_1,0.2,3.2049,train
4100,5.354960,nan,0.00009974,layer_1,0.2,3.2049,train
4101,6.080161,nan,0.00009974,layer_2,0.2,3.2049,train
4102,5.724768,nan,0.00009974,layer_2,0.2,3.2049,train
4103,5.191471,nan,0.00009974,layer_2,0.2,3.2049,train
4104,5.751122,nan,0.00009974,layer_2,0.2,3.2049,train
4105,5.223706,nan,0.00009974,layer_2,0.2,3.2049,train
4106,5.306188,nan,0.00009974,layer_2,0.2,3.2049,train
4107,5.883746,nan,0.00009974,layer_2,0.2,3.2049,train
4108,5.616543,nan,0.00009974,layer_2,0.2,3.2049,train
4109,5.418267,nan,0.00009974,layer_2,0.2,3.2049,train
4110,5.799121,nan,0.00009974,layer_2,0.2,3.2049,train
4111,5.870434,nan,0.00009974,layer_3,0.2,3.2049,train
4112,4.734172,nan,0.00009974,layer_3,0.2,3.2049,train
4113,5.312455,nan,0.00009974,layer_3,0.2,3.2049,train
4114,5.414096,nan,0.00009974,layer_3,0.2,3.2049,train
4115,6.313402,nan,0.00009974,layer_3,0.2,3.2049,train
4116,5.283254,nan,0.00009974,layer_3,0.2,3.2049,train
4117,5.794180,nan,0.00009974,layer_3,0.2,3.2049,train
4118,6.166874,nan,0.00009974,layer_3,0.2,3.2049,train
4119,5.407333,nan,0.00009974,layer_3,0.2,3.2049,train
4120,5.023501,nan,0.00009974,layer_3,0.2,3.2049,train
4121,5.774317,nan,0.00009974,layer_4,0.2,3.2049,train
4122,5.318087,nan,0.00009974,layer_4,0.2,3.2049,train
4123,5.764688,nan,0.00009974,layer_4,0.2,3.2049,train
4124,5.925519,nan,0.00009974,layer_4,0.2,3.2049,train
4125,5.044192,nan,0.00009974,layer_4,0.2,3.2049,train
4126,5.756289,nan,0.00009974,layer_4,0.2,3.2049,train
4127,5.928838,nan,0.00009974,layer_4,0.2,3.2049,train
4128,6.097117,nan,0.00009974,layer_4,0.2,3.2049,train
4129,6.295000,nan,0.00009974,layer_4,0.2,3.2049,train
4130,5.651285,nan,0.00009974,layer_4,0.2,3.2049,train
4131,5.498513,nan,0.00009973,layer_5,0.2,3.2049,train
4132,5.841795,nan,0.00009973,layer_5,0.2,3.2049,train
4133,5.549735,nan,0.00009973,layer_5,0.2,3.2049,train
4134,5.301987,nan,0.00009973,layer_5,0.2,3.2049,train
4135,5.775834,nan,0.00009973,layer_5,0.2,3.2049,train
4136,6.123131,nan,0.00009973,layer_5,0.2,3.2049,train
4137,6.417286,nan,0.00009973,layer_5,0.2,3.2049,train
4138,4.927209,nan,0.00009973,layer_5,0.2,3.2049,train
4139,5.792133,nan,0.00009973,layer_5,0.2,3.2049,train
4140,6.005656,nan,0.00009973,layer_5,0.2,3.2049,train
4141,5.582335,nan,0.00009973,layer_6,0.2,3.2049,train
4142,5.650881,nan,0.00009973,layer_6,0.2,3.2049,train
4143,5.274849,nan,0.00009973,layer_6,0.2,3.2049,train
4144,4.950778,nan,0.00009973,layer_6,0.2,3.2049,train
4145,5.026415,nan,0.00009973,layer_6,0.2,3.2049,train
4146,5.523826,nan,0.00009973,layer_6,0.2,3.2049,train
4147,5.708071,nan,0.00009973,layer_6,0.2,3.2049,train
4148,5.575692,nan,0.00009973,layer_6,0.2,3.2049,train
4149,6.029793,nan,0.00009973,layer_6,0.2,3.2049,train
4150,5.336607,nan,0.00009973,layer_6,0.2,3.2049,train
4151,5.015897,nan,0.00009973,layer_7,0.2,3.2049,train
4152,5.053344,nan,0.00009973,layer_7,0.2,3.2049,train
4153,5.505047,nan,0.00009973,layer_7,0.2,3.2049,train
4154,5.606645,nan,0.00009973,layer_7,0.2,3.2049,train
4155,5.835917,nan,0.00009973,layer_7,0.2,3.2049,train
4156,5.127344,nan,0.00009973,layer_7,0.2,3.2049,train
4157,5.717078,nan,0.00009973,layer_7,0.2,3.2049,train
4158,5.941799,nan,0.00009973,layer_7,0.2,3.2049,train
4159,5.748081,nan,0.00009973,layer_7,0.2,3.2049,train
4160,5.566599,nan,0.00009973,layer_7,0.2,3.2049,train
4161,5.442319,nan,0.00009973,layer_8,0.2,3.2049,train
4162,5.469110,nan,0.00009973,layer_8,0.2,3.2049,train
4163,6.257988,nan,0.00009973,layer_8,0.2,3.2049,train
4164,5.728894,nan,0.00009973,layer_8,0.2,3.2049,train
4165,5.891905,nan,0.00009973,layer_8,0.2,3.2049,train
4166,5.505603,nan,0.00009973,layer_8,0.2,3.2049,train
4167,5.416179,nan,0.00009973,layer_8,0.2,3.2049,train
4168,4.962406,nan,0.00009973,layer_8,0.2,3.2049,train
4169,5.445593,nan,0.00009973,layer_8,0.2,3.2049,train
4170,5.318514,nan,0.00009973,layer_8,0.2,3.2049,train
4171,5.980447,nan,0.00009973,layer_9,0.2,3.2049,train
4172,5.482250,nan,0.00009973,layer_9,0.2,3.2049,train
4173,4.968513,nan,0.00009973,layer_9,0.2,3.2049,train
4174,5.220193,nan,0.00009973,layer_9,0.2,3.2049,train
4175,5.571415,nan,0.00009973,layer_9,0.2,3.2049,train
4176,5.599078,nan,0.00009973,layer_9,0.2,3.2049,train
4177,5.668856,nan,0.00009973,layer_9,0.2,3.2049,train
4178,5.599870,nan,0.00009973,layer_9,0.2,3.2049,train
4179,6.416900,nan,0.00009973,layer_9,0.2,3.2049,train
4180,5.926291,nan,0.00009973,layer_9,0.2,3.2049,train
4181,5.597012,nan,0.00009973,layer_10,0.2,3.2049,train
4182,5.836489,nan,0.00009973,layer_10,0.2,3.2049,train
4183,5.760447,nan,0.00009973,layer_10,0.2,3.2049,train
4184,5.753964,nan,0.00009973,layer_10,0.2,3.2049,train
4185,5.171109,nan,0.00009973,layer_10,0.2,3.2049,train
4186,5.819797,nan,0.00009973,layer_10,0.2,3.2049,train
4187,6.690874,nan,0.00009973,layer_10,0.2,3.2049,train
4188,5.735979,nan,0.00009973,layer_10,0.2,3.2049,train
4189,5.565557,nan,0.00009973,layer_10,0.2,3.2049,train
4190,5.193556,nan,0.00009972,layer_10,0.2,3.2049,train
4191,5.514935,nan,0.00009972,layer_11,0.2,3.2049,train
4192,5.925602,nan,0.00009972,layer_11,0.2,3.2049,train
4193,5.576476,nan,0.00009972,layer_11,0.2,3.2049,train
4194,5.125211,nan,0.00009972,layer_11,0.2,3.2049,train
4195,5.803202,nan,0.00009972,layer_11,0.2,3.2049,train
4196,5.766225,nan,0.00009972,layer_11,0.2,3.2049,train
4197,6.247983,nan,0.00009972,layer_11,0.2,3.2049,train
4198,5.675124,nan,0.00009972,layer_11,0.2,3.2049,train
4199,5.613013,nan,0.00009972,layer_11,0.2,3.2049,train
4200,5.417091,nan,0.00009972,layer_11,0.2,3.2049,train
4201,5.007067,nan,0.00009972,layer_0,0.2,3.2049,train
4202,5.362791,nan,0.00009972,layer_0,0.2,3.2049,train
4203,5.615763,nan,0.00009972,layer_0,0.2,3.2049,train
4204,5.447897,nan,0.00009972,layer_0,0.2,3.2049,train
4205,5.704099,nan,0.00009972,layer_0,0.2,3.2049,train
4206,5.637725,nan,0.00009972,layer_0,0.2,3.2049,train
4207,5.126866,nan,0.00009972,layer_0,0.2,3.2049,train
4208,5.957281,nan,0.00009972,layer_0,0.2,3.2049,train
4209,5.099448,nan,0.00009972,layer_0,0.2,3.2049,train
4210,5.557212,nan,0.00009972,layer_0,0.2,3.2049,train
4211,6.002645,nan,0.00009972,layer_1,0.2,3.2049,train
4212,5.666980,nan,0.00009972,layer_1,0.2,3.2049,train
4213,5.512662,nan,0.00009972,layer_1,0.2,3.2049,train
4214,5.681000,nan,0.00009972,layer_1,0.2,3.2049,train
4215,5.890151,nan,0.00009972,layer_1,0.2,3.2049,train
4216,5.518067,nan,0.00009972,layer_1,0.2,3.2049,train
4217,5.972213,nan,0.00009972,layer_1,0.2,3.2049,train
4218,6.043842,nan,0.00009972,layer_1,0.2,3.2049,train
4219,6.331337,nan,0.00009972,layer_1,0.2,3.2049,train
4220,5.794038,nan,0.00009972,layer_1,0.2,3.2049,train
4221,6.250218,nan,0.00009972,layer_2,0.2,3.2049,train
4222,5.466988,nan,0.00009972,layer_2,0.2,3.2049,train
4223,6.041243,nan,0.00009972,layer_2,0.2,3.2049,train
4224,5.118713,nan,0.00009972,layer_2,0.2,3.2049,train
4225,5.695353,nan,0.00009972,layer_2,0.2,3.2049,train
4226,5.414750,nan,0.00009972,layer_2,0.2,3.2049,train
4227,5.522537,nan,0.00009972,layer_2,0.2,3.2049,train
4228,5.563167,nan,0.00009972,layer_2,0.2,3.2049,train
4229,5.156819,nan,0.00009972,layer_2,0.2,3.2049,train
4230,6.660050,nan,0.00009972,layer_2,0.2,3.2049,train
4231,5.838084,nan,0.00009972,layer_3,0.2,3.2049,train
4232,5.623350,nan,0.00009972,layer_3,0.2,3.2049,train
4233,5.293159,nan,0.00009972,layer_3,0.2,3.2049,train
4234,5.865318,nan,0.00009972,layer_3,0.2,3.2049,train
4235,5.497781,nan,0.00009972,layer_3,0.2,3.2049,train
4236,5.186877,nan,0.00009972,layer_3,0.2,3.2049,train
4237,5.606161,nan,0.00009972,layer_3,0.2,3.2049,train
4238,5.483273,nan,0.00009972,layer_3,0.2,3.2049,train
4239,5.693420,nan,0.00009972,layer_3,0.2,3.2049,train
4240,4.950084,nan,0.00009972,layer_3,0.2,3.2049,train
4241,5.540125,nan,0.00009972,layer_4,0.2,3.2049,train
4242,5.590155,nan,0.00009972,layer_4,0.2,3.2049,train
4243,5.745862,nan,0.00009972,layer_4,0.2,3.2049,train
4244,5.356575,nan,0.00009972,layer_4,0.2,3.2049,train
4245,5.475241,nan,0.00009972,layer_4,0.2,3.2049,train
4246,5.481195,nan,0.00009972,layer_4,0.2,3.2049,train
4247,5.711808,nan,0.00009971,layer_4,0.2,3.2049,train
4248,5.564777,nan,0.00009971,layer_4,0.2,3.2049,train
4249,4.929397,nan,0.00009971,layer_4,0.2,3.2049,train
4250,5.424784,nan,0.00009971,layer_4,0.2,3.2049,train
4251,5.784798,nan,0.00009971,layer_5,0.2,3.2049,train
4252,5.753394,nan,0.00009971,layer_5,0.2,3.2049,train
4253,5.250853,nan,0.00009971,layer_5,0.2,3.2049,train
4254,5.828363,nan,0.00009971,layer_5,0.2,3.2049,train
4255,6.139942,nan,0.00009971,layer_5,0.2,3.2049,train
4256,5.473277,nan,0.00009971,layer_5,0.2,3.2049,train
4257,5.311072,nan,0.00009971,layer_5,0.2,3.2049,train
4258,4.835534,nan,0.00009971,layer_5,0.2,3.2049,train
4259,6.283005,nan,0.00009971,layer_5,0.2,3.2049,train
4260,5.216040,nan,0.00009971,layer_5,0.2,3.2049,train
4261,5.446151,nan,0.00009971,layer_6,0.2,3.2049,train
4262,6.075188,nan,0.00009971,layer_6,0.2,3.2049,train
4263,5.893133,nan,0.00009971,layer_6,0.2,3.2049,train
4264,5.036327,nan,0.00009971,layer_6,0.2,3.2049,train
4265,5.348754,nan,0.00009971,layer_6,0.2,3.2049,train
4266,5.551818,nan,0.00009971,layer_6,0.2,3.2049,train
4267,5.168371,nan,0.00009971,layer_6,0.2,3.2049,train
4268,5.622273,nan,0.00009971,layer_6,0.2,3.2049,train
4269,5.311961,nan,0.00009971,layer_6,0.2,3.2049,train
4270,5.430750,nan,0.00009971,layer_6,0.2,3.2049,train
4271,5.807863,nan,0.00009971,layer_7,0.2,3.2049,train
4272,5.598470,nan,0.00009971,layer_7,0.2,3.2049,train
4273,5.251541,nan,0.00009971,layer_7,0.2,3.2049,train
4274,6.599218,nan,0.00009971,layer_7,0.2,3.2049,train
4275,5.215869,nan,0.00009971,layer_7,0.2,3.2049,train
4276,6.304713,nan,0.00009971,layer_7,0.2,3.2049,train
4277,6.104720,nan,0.00009971,layer_7,0.2,3.2049,train
4278,5.333595,nan,0.00009971,layer_7,0.2,3.2049,train
4279,5.337641,nan,0.00009971,layer_7,0.2,3.2049,train
4280,5.557970,nan,0.00009971,layer_7,0.2,3.2049,train
4281,6.309370,nan,0.00009971,layer_8,0.2,3.2049,train
4282,5.890303,nan,0.00009971,layer_8,0.2,3.2049,train
4283,5.859439,nan,0.00009971,layer_8,0.2,3.2049,train
4284,5.576611,nan,0.00009971,layer_8,0.2,3.2049,train
4285,4.481922,nan,0.00009971,layer_8,0.2,3.2049,train
4286,5.023543,nan,0.00009971,layer_8,0.2,3.2049,train
4287,5.475541,nan,0.00009971,layer_8,0.2,3.2049,train
4288,5.497550,nan,0.00009971,layer_8,0.2,3.2049,train
4289,5.758429,nan,0.00009971,layer_8,0.2,3.2049,train
4290,5.778608,nan,0.00009971,layer_8,0.2,3.2049,train
4291,5.475600,nan,0.00009971,layer_9,0.2,3.2049,train
4292,5.185985,nan,0.00009971,layer_9,0.2,3.2049,train
4293,5.641409,nan,0.00009971,layer_9,0.2,3.2049,train
4294,5.669189,nan,0.00009971,layer_9,0.2,3.2049,train
4295,6.045727,nan,0.00009971,layer_9,0.2,3.2049,train
4296,5.468608,nan,0.00009971,layer_9,0.2,3.2049,train
4297,5.750519,nan,0.00009971,layer_9,0.2,3.2049,train
4298,5.389061,nan,0.00009971,layer_9,0.2,3.2049,train
4299,5.658762,nan,0.00009971,layer_9,0.2,3.2049,train
4300,6.003359,nan,0.00009971,layer_9,0.2,3.2049,train
4301,5.446796,nan,0.00009971,layer_10,0.2,3.2049,train
4302,5.352075,nan,0.00009971,layer_10,0.2,3.2049,train
4303,5.330816,nan,0.00009971,layer_10,0.2,3.2049,train
4304,5.527515,nan,0.00009970,layer_10,0.2,3.2049,train
4305,5.778941,nan,0.00009970,layer_10,0.2,3.2049,train
4306,5.945560,nan,0.00009970,layer_10,0.2,3.2049,train
4307,5.279707,nan,0.00009970,layer_10,0.2,3.2049,train
4308,5.371330,nan,0.00009970,layer_10,0.2,3.2049,train
4309,4.882676,nan,0.00009970,layer_10,0.2,3.2049,train
4310,6.284758,nan,0.00009970,layer_10,0.2,3.2049,train
4311,5.462537,nan,0.00009970,layer_11,0.2,3.2049,train
4312,5.424349,nan,0.00009970,layer_11,0.2,3.2049,train
4313,5.524887,nan,0.00009970,layer_11,0.2,3.2049,train
4314,5.324821,nan,0.00009970,layer_11,0.2,3.2049,train
4315,5.808067,nan,0.00009970,layer_11,0.2,3.2049,train
4316,5.778067,nan,0.00009970,layer_11,0.2,3.2049,train
4317,6.123845,nan,0.00009970,layer_11,0.2,3.2049,train
4318,5.566772,nan,0.00009970,layer_11,0.2,3.2049,train
4319,5.583405,nan,0.00009970,layer_11,0.2,3.2049,train
4320,5.772782,nan,0.00009970,layer_11,0.2,3.2049,train
4321,5.147367,nan,0.00009970,layer_0,0.2,3.2049,train
4322,6.203193,nan,0.00009970,layer_0,0.2,3.2049,train
4323,5.912787,nan,0.00009970,layer_0,0.2,3.2049,train
4324,5.623039,nan,0.00009970,layer_0,0.2,3.2049,train
4325,5.686522,nan,0.00009970,layer_0,0.2,3.2049,train
4326,5.709278,nan,0.00009970,layer_0,0.2,3.2049,train
4327,6.645698,nan,0.00009970,layer_0,0.2,3.2049,train
4328,5.845631,nan,0.00009970,layer_0,0.2,3.2049,train
4329,5.397227,nan,0.00009970,layer_0,0.2,3.2049,train
4330,5.612778,nan,0.00009970,layer_0,0.2,3.2049,train
4331,6.078508,nan,0.00009970,layer_1,0.2,3.2049,train
4332,5.535512,nan,0.00009970,layer_1,0.2,3.2049,train
4333,5.928581,nan,0.00009970,layer_1,0.2,3.2049,train
4334,5.875582,nan,0.00009970,layer_1,0.2,3.2049,train
4335,5.360053,nan,0.00009970,layer_1,0.2,3.2049,train
4336,5.775854,nan,0.00009970,layer_1,0.2,3.2049,train
4337,5.895247,nan,0.00009970,layer_1,0.2,3.2049,train
4338,5.977650,nan,0.00009970,layer_1,0.2,3.2049,train
4339,6.524989,nan,0.00009970,layer_1,0.2,3.2049,train
4340,5.204592,nan,0.00009970,layer_1,0.2,3.2049,train
4341,5.189007,nan,0.00009970,layer_2,0.2,3.2049,train
4342,6.719255,nan,0.00009970,layer_2,0.2,3.2049,train
4343,5.402436,nan,0.00009970,layer_2,0.2,3.2049,train
4344,6.008198,nan,0.00009970,layer_2,0.2,3.2049,train
4345,5.760970,nan,0.00009970,layer_2,0.2,3.2049,train
4346,5.260171,nan,0.00009970,layer_2,0.2,3.2049,train
4347,5.330922,nan,0.00009970,layer_2,0.2,3.2049,train
4348,5.418862,nan,0.00009970,layer_2,0.2,3.2049,train
4349,5.821365,nan,0.00009970,layer_2,0.2,3.2049,train
4350,5.597660,nan,0.00009970,layer_2,0.2,3.2049,train
4351,5.455699,nan,0.00009970,layer_3,0.2,3.2049,train
4352,5.373278,nan,0.00009970,layer_3,0.2,3.2049,train
4353,5.675997,nan,0.00009970,layer_3,0.2,3.2049,train
4354,5.650898,nan,0.00009970,layer_3,0.2,3.2049,train
4355,5.469922,nan,0.00009970,layer_3,0.2,3.2049,train
4356,5.877426,nan,0.00009970,layer_3,0.2,3.2049,train
4357,5.379324,nan,0.00009970,layer_3,0.2,3.2049,train
4358,5.316002,nan,0.00009970,layer_3,0.2,3.2049,train
4359,5.860194,nan,0.00009969,layer_3,0.2,3.2049,train
4360,5.596484,nan,0.00009969,layer_3,0.2,3.2049,train
4361,5.589446,nan,0.00009969,layer_4,0.2,3.2049,train
4362,5.487753,nan,0.00009969,layer_4,0.2,3.2049,train
4363,5.310013,nan,0.00009969,layer_4,0.2,3.2049,train
4364,5.972553,nan,0.00009969,layer_4,0.2,3.2049,train
4365,5.898319,nan,0.00009969,layer_4,0.2,3.2049,train
4366,5.487496,nan,0.00009969,layer_4,0.2,3.2049,train
4367,5.769301,nan,0.00009969,layer_4,0.2,3.2049,train
4368,5.940086,nan,0.00009969,layer_4,0.2,3.2049,train
4369,6.033417,nan,0.00009969,layer_4,0.2,3.2049,train
4370,5.490014,nan,0.00009969,layer_4,0.2,3.2049,train
4371,5.615876,nan,0.00009969,layer_5,0.2,3.2049,train
4372,5.038462,nan,0.00009969,layer_5,0.2,3.2049,train
4373,5.996426,nan,0.00009969,layer_5,0.2,3.2049,train
4374,6.170562,nan,0.00009969,layer_5,0.2,3.2049,train
4375,5.686499,nan,0.00009969,layer_5,0.2,3.2049,train
4376,5.746281,nan,0.00009969,layer_5,0.2,3.2049,train
4377,5.572908,nan,0.00009969,layer_5,0.2,3.2049,train
4378,5.737361,nan,0.00009969,layer_5,0.2,3.2049,train
4379,5.667734,nan,0.00009969,layer_5,0.2,3.2049,train
4380,5.773301,nan,0.00009969,layer_5,0.2,3.2049,train
4381,4.928404,nan,0.00009969,layer_6,0.2,3.2049,train
4382,5.324152,nan,0.00009969,layer_6,0.2,3.2049,train
4383,5.688147,nan,0.00009969,layer_6,0.2,3.2049,train
4384,5.837168,nan,0.00009969,layer_6,0.2,3.2049,train
4385,5.767845,nan,0.00009969,layer_6,0.2,3.2049,train
4386,5.562377,nan,0.00009969,layer_6,0.2,3.2049,train
4387,5.869836,nan,0.00009969,layer_6,0.2,3.2049,train
4388,7.009554,nan,0.00009969,layer_6,0.2,3.2049,train
4389,5.855434,nan,0.00009969,layer_6,0.2,3.2049,train
4390,5.494123,nan,0.00009969,layer_6,0.2,3.2049,train
4391,5.080108,nan,0.00009969,layer_7,0.2,3.2049,train
4392,5.161692,nan,0.00009969,layer_7,0.2,3.2049,train
4393,5.506257,nan,0.00009969,layer_7,0.2,3.2049,train
4394,5.627172,nan,0.00009969,layer_7,0.2,3.2049,train
4395,5.135568,nan,0.00009969,layer_7,0.2,3.2049,train
4396,5.046580,nan,0.00009969,layer_7,0.2,3.2049,train
4397,5.680361,nan,0.00009969,layer_7,0.2,3.2049,train
4398,5.595417,nan,0.00009969,layer_7,0.2,3.2049,train
4399,6.167237,nan,0.00009969,layer_7,0.2,3.2049,train
4400,5.653555,nan,0.00009969,layer_7,0.2,3.2049,train
4401,5.498897,nan,0.00009969,layer_8,0.2,3.2049,train
4402,5.842285,nan,0.00009969,layer_8,0.2,3.2049,train
4403,5.678133,nan,0.00009969,layer_8,0.2,3.2049,train
4404,5.736309,nan,0.00009969,layer_8,0.2,3.2049,train
4405,5.001472,nan,0.00009969,layer_8,0.2,3.2049,train
4406,5.127980,nan,0.00009969,layer_8,0.2,3.2049,train
4407,5.361622,nan,0.00009969,layer_8,0.2,3.2049,train
4408,6.735880,nan,0.00009969,layer_8,0.2,3.2049,train
4409,5.577956,nan,0.00009969,layer_8,0.2,3.2049,train
4410,6.815373,nan,0.00009969,layer_8,0.2,3.2049,train
4411,5.498095,nan,0.00009969,layer_9,0.2,3.2049,train
4412,5.682939,nan,0.00009969,layer_9,0.2,3.2049,train
4413,5.390716,nan,0.00009969,layer_9,0.2,3.2049,train
4414,5.362754,nan,0.00009968,layer_9,0.2,3.2049,train
4415,5.418790,nan,0.00009968,layer_9,0.2,3.2049,train
4416,5.250057,nan,0.00009968,layer_9,0.2,3.2049,train
4417,5.060183,nan,0.00009968,layer_9,0.2,3.2049,train
4418,5.358654,nan,0.00009968,layer_9,0.2,3.2049,train
4419,5.347033,nan,0.00009968,layer_9,0.2,3.2049,train
4420,5.634370,nan,0.00009968,layer_9,0.2,3.2049,train
4421,5.564829,nan,0.00009968,layer_10,0.2,3.2049,train
4422,5.878471,nan,0.00009968,layer_10,0.2,3.2049,train
4423,5.747420,nan,0.00009968,layer_10,0.2,3.2049,train
4424,5.501699,nan,0.00009968,layer_10,0.2,3.2049,train
4425,6.205614,nan,0.00009968,layer_10,0.2,3.2049,train
4426,5.532024,nan,0.00009968,layer_10,0.2,3.2049,train
4427,6.132815,nan,0.00009968,layer_10,0.2,3.2049,train
4428,5.432604,nan,0.00009968,layer_10,0.2,3.2049,train
4429,5.596610,nan,0.00009968,layer_10,0.2,3.2049,train
4430,5.722822,nan,0.00009968,layer_10,0.2,3.2049,train
4431,5.158983,nan,0.00009968,layer_11,0.2,3.2049,train
4432,5.519688,nan,0.00009968,layer_11,0.2,3.2049,train
4433,5.845685,nan,0.00009968,layer_11,0.2,3.2049,train
4434,5.402289,nan,0.00009968,layer_11,0.2,3.2049,train
4435,6.269419,nan,0.00009968,layer_11,0.2,3.2049,train
4436,5.813393,nan,0.00009968,layer_11,0.2,3.2049,train
4437,5.674541,nan,0.00009968,layer_11,0.2,3.2049,train
4438,6.112022,nan,0.00009968,layer_11,0.2,3.2049,train
4439,5.678995,nan,0.00009968,layer_11,0.2,3.2049,train
4440,6.326857,nan,0.00009968,layer_11,0.2,3.2049,train
4441,5.822342,nan,0.00009968,layer_0,0.2,3.2049,train
4442,5.479795,nan,0.00009968,layer_0,0.2,3.2049,train
4443,5.487670,nan,0.00009968,layer_0,0.2,3.2049,train
4444,5.723796,nan,0.00009968,layer_0,0.2,3.2049,train
4445,5.931483,nan,0.00009968,layer_0,0.2,3.2049,train
4446,5.132301,nan,0.00009968,layer_0,0.2,3.2049,train
4447,5.268054,nan,0.00009968,layer_0,0.2,3.2049,train
4448,4.944695,nan,0.00009968,layer_0,0.2,3.2049,train
4449,5.792303,nan,0.00009968,layer_0,0.2,3.2049,train
4450,5.402319,nan,0.00009968,layer_0,0.2,3.2049,train
4451,5.808191,nan,0.00009968,layer_1,0.2,3.2049,train
4452,5.617851,nan,0.00009968,layer_1,0.2,3.2049,train
4453,5.168991,nan,0.00009968,layer_1,0.2,3.2049,train
4454,5.399733,nan,0.00009968,layer_1,0.2,3.2049,train
4455,4.826544,nan,0.00009968,layer_1,0.2,3.2049,train
4456,5.922587,nan,0.00009968,layer_1,0.2,3.2049,train
4457,5.355834,nan,0.00009968,layer_1,0.2,3.2049,train
4458,5.321857,nan,0.00009968,layer_1,0.2,3.2049,train
4459,6.118394,nan,0.00009968,layer_1,0.2,3.2049,train
4460,5.085442,nan,0.00009968,layer_1,0.2,3.2049,train
4461,5.152054,nan,0.00009968,layer_2,0.2,3.2049,train
4462,5.539856,nan,0.00009968,layer_2,0.2,3.2049,train
4463,5.620961,nan,0.00009968,layer_2,0.2,3.2049,train
4464,5.172689,nan,0.00009968,layer_2,0.2,3.2049,train
4465,5.576507,nan,0.00009968,layer_2,0.2,3.2049,train
4466,5.488575,nan,0.00009968,layer_2,0.2,3.2049,train
4467,5.530551,nan,0.00009968,layer_2,0.2,3.2049,train
4468,5.444234,nan,0.00009967,layer_2,0.2,3.2049,train
4469,6.037225,nan,0.00009967,layer_2,0.2,3.2049,train
4470,5.629165,nan,0.00009967,layer_2,0.2,3.2049,train
4471,5.262830,nan,0.00009967,layer_3,0.2,3.2049,train
4472,5.275770,nan,0.00009967,layer_3,0.2,3.2049,train
4473,5.462356,nan,0.00009967,layer_3,0.2,3.2049,train
4474,5.264556,nan,0.00009967,layer_3,0.2,3.2049,train
4475,6.086338,nan,0.00009967,layer_3,0.2,3.2049,train
4476,5.598120,nan,0.00009967,layer_3,0.2,3.2049,train
4477,5.625637,nan,0.00009967,layer_3,0.2,3.2049,train
4478,6.020232,nan,0.00009967,layer_3,0.2,3.2049,train
4479,5.160220,nan,0.00009967,layer_3,0.2,3.2049,train
4480,5.574150,nan,0.00009967,layer_3,0.2,3.2049,train
4481,5.271945,nan,0.00009967,layer_4,0.2,3.2049,train
4482,5.280304,nan,0.00009967,layer_4,0.2,3.2049,train
4483,5.433630,nan,0.00009967,layer_4,0.2,3.2049,train
4484,5.385503,nan,0.00009967,layer_4,0.2,3.2049,train
4485,5.065120,nan,0.00009967,layer_4,0.2,3.2049,train
4486,5.543667,nan,0.00009967,layer_4,0.2,3.2049,train
4487,5.465662,nan,0.00009967,layer_4,0.2,3.2049,train
4488,5.568445,nan,0.00009967,layer_4,0.2,3.2049,train
4489,6.419950,nan,0.00009967,layer_4,0.2,3.2049,train
4490,5.346467,nan,0.00009967,layer_4,0.2,3.2049,train
4491,5.797836,nan,0.00009967,layer_5,0.2,3.2049,train
4492,5.708542,nan,0.00009967,layer_5,0.2,3.2049,train
4493,5.147355,nan,0.00009967,layer_5,0.2,3.2049,train
4494,5.675863,nan,0.00009967,layer_5,0.2,3.2049,train
4495,5.704341,nan,0.00009967,layer_5,0.2,3.2049,train
4496,5.255343,nan,0.00009967,layer_5,0.2,3.2049,train
4497,5.537475,nan,0.00009967,layer_5,0.2,3.2049,train
4498,5.448268,nan,0.00009967,layer_5,0.2,3.2049,train
4499,5.162525,nan,0.00009967,layer_5,0.2,3.2049,train
4500,5.794051,nan,0.00009967,layer_5,0.2,3.2049,train
4500,5.574879,5.589954,0.00009967,layer_6,15.0,3.2049,eval
4501,5.054480,nan,0.00009967,layer_6,0.2,3.2049,train
4502,5.022801,nan,0.00009967,layer_6,0.2,3.2049,train
4503,5.719254,nan,0.00009967,layer_6,0.2,3.2049,train
4504,5.472137,nan,0.00009967,layer_6,0.2,3.2049,train
4505,5.348756,nan,0.00009967,layer_6,0.2,3.2049,train
4506,5.140433,nan,0.00009967,layer_6,0.2,3.2049,train
4507,5.825069,nan,0.00009967,layer_6,0.2,3.2049,train
4508,5.808654,nan,0.00009967,layer_6,0.2,3.2049,train
4509,5.741714,nan,0.00009967,layer_6,0.2,3.2049,train
4510,5.447262,nan,0.00009967,layer_6,0.2,3.2049,train
4511,5.107582,nan,0.00009967,layer_7,0.2,3.2049,train
4512,5.081827,nan,0.00009967,layer_7,0.2,3.2049,train
4513,5.664491,nan,0.00009967,layer_7,0.2,3.2049,train
4514,5.289559,nan,0.00009967,layer_7,0.2,3.2049,train
4515,5.670532,nan,0.00009967,layer_7,0.2,3.2049,train
4516,5.563046,nan,0.00009967,layer_7,0.2,3.2049,train
4517,5.533453,nan,0.00009967,layer_7,0.2,3.2049,train
4518,4.993918,nan,0.00009967,layer_7,0.2,3.2049,train
4519,5.801399,nan,0.00009967,layer_7,0.2,3.2049,train
4520,5.386105,nan,0.00009967,layer_7,0.2,3.2049,train
4521,6.145662,nan,0.00009966,layer_8,0.2,3.2049,train
4522,5.232289,nan,0.00009966,layer_8,0.2,3.2049,train
4523,6.039318,nan,0.00009966,layer_8,0.2,3.2049,train
4524,5.547382,nan,0.00009966,layer_8,0.2,3.2049,train
4525,5.528936,nan,0.00009966,layer_8,0.2,3.2049,train
4526,6.646126,nan,0.00009966,layer_8,0.2,3.2049,train
4527,5.521686,nan,0.00009966,layer_8,0.2,3.2049,train
4528,5.806672,nan,0.00009966,layer_8,0.2,3.2049,train
4529,5.420446,nan,0.00009966,layer_8,0.2,3.2049,train
4530,6.493538,nan,0.00009966,layer_8,0.2,3.2049,train
4531,5.028619,nan,0.00009966,layer_9,0.2,3.2049,train
4532,5.990594,nan,0.00009966,layer_9,0.2,3.2049,train
4533,5.663362,nan,0.00009966,layer_9,0.2,3.2049,train
4534,5.502087,nan,0.00009966,layer_9,0.2,3.2049,train
4535,5.437807,nan,0.00009966,layer_9,0.2,3.2049,train
4536,5.189764,nan,0.00009966,layer_9,0.2,3.2049,train
4537,6.099060,nan,0.00009966,layer_9,0.2,3.2049,train
4538,6.096956,nan,0.00009966,layer_9,0.2,3.2049,train
4539,5.814853,nan,0.00009966,layer_9,0.2,3.2049,train
4540,5.092509,nan,0.00009966,layer_9,0.2,3.2049,train
4541,5.731692,nan,0.00009966,layer_10,0.2,3.2049,train
4542,5.835412,nan,0.00009966,layer_10,0.2,3.2049,train
4543,6.120253,nan,0.00009966,layer_10,0.2,3.2049,train
4544,5.466718,nan,0.00009966,layer_10,0.2,3.2049,train
4545,5.554163,nan,0.00009966,layer_10,0.2,3.2049,train
4546,5.702897,nan,0.00009966,layer_10,0.2,3.2049,train
4547,5.680152,nan,0.00009966,layer_10,0.2,3.2049,train
4548,5.440518,nan,0.00009966,layer_10,0.2,3.2049,train
4549,5.567462,nan,0.00009966,layer_10,0.2,3.2049,train
4550,5.002150,nan,0.00009966,layer_10,0.2,3.2049,train
4551,5.662393,nan,0.00009966,layer_11,0.2,3.2049,train
4552,4.786804,nan,0.00009966,layer_11,0.2,3.2049,train
4553,5.353594,nan,0.00009966,layer_11,0.2,3.2049,train
4554,5.994271,nan,0.00009966,layer_11,0.2,3.2049,train
4555,4.955775,nan,0.00009966,layer_11,0.2,3.2049,train
4556,5.569820,nan,0.00009966,layer_11,0.2,3.2049,train
4557,5.310497,nan,0.00009966,layer_11,0.2,3.2049,train
4558,4.628202,nan,0.00009966,layer_11,0.2,3.2049,train
4559,6.196042,nan,0.00009966,layer_11,0.2,3.2049,train
4560,5.673553,nan,0.00009966,layer_11,0.2,3.2049,train
4561,5.167757,nan,0.00009966,layer_0,0.2,3.2049,train
4562,6.078635,nan,0.00009966,layer_0,0.2,3.2049,train
4563,5.440426,nan,0.00009966,layer_0,0.2,3.2049,train
4564,5.432415,nan,0.00009966,layer_0,0.2,3.2049,train
4565,5.483305,nan,0.00009966,layer_0,0.2,3.2049,train
4566,5.148953,nan,0.00009966,layer_0,0.2,3.2049,train
4567,6.101527,nan,0.00009966,layer_0,0.2,3.2049,train
4568,4.811694,nan,0.00009966,layer_0,0.2,3.2049,train
4569,5.429737,nan,0.00009966,layer_0,0.2,3.2049,train
4570,5.824644,nan,0.00009966,layer_0,0.2,3.2049,train
4571,5.429793,nan,0.00009966,layer_1,0.2,3.2049,train
4572,5.750811,nan,0.00009966,layer_1,0.2,3.2049,train
4573,5.651623,nan,0.00009965,layer_1,0.2,3.2049,train
4574,5.594250,nan,0.00009965,layer_1,0.2,3.2049,train
4575,5.630332,nan,0.00009965,layer_1,0.2,3.2049,train
4576,5.305632,nan,0.00009965,layer_1,0.2,3.2049,train
4577,5.744256,nan,0.00009965,layer_1,0.2,3.2049,train
4578,4.780300,nan,0.00009965,layer_1,0.2,3.2049,train
4579,5.422013,nan,0.00009965,layer_1,0.2,3.2049,train
4580,5.604943,nan,0.00009965,layer_1,0.2,3.2049,train
4581,4.760208,nan,0.00009965,layer_2,0.2,3.2049,train
4582,5.711481,nan,0.00009965,layer_2,0.2,3.2049,train
4583,5.679595,nan,0.00009965,layer_2,0.2,3.2049,train
4584,5.033752,nan,0.00009965,layer_2,0.2,3.2049,train
4585,6.149836,nan,0.00009965,layer_2,0.2,3.2049,train
4586,5.729397,nan,0.00009965,layer_2,0.2,3.2049,train
4587,5.605188,nan,0.00009965,layer_2,0.2,3.2049,train
4588,5.765129,nan,0.00009965,layer_2,0.2,3.2049,train
4589,6.201844,nan,0.00009965,layer_2,0.2,3.2049,train
4590,6.250708,nan,0.00009965,layer_2,0.2,3.2049,train
4591,5.817782,nan,0.00009965,layer_3,0.2,3.2049,train
4592,5.490381,nan,0.00009965,layer_3,0.2,3.2049,train
4593,5.332738,nan,0.00009965,layer_3,0.2,3.2049,train
4594,5.301226,nan,0.00009965,layer_3,0.2,3.2049,train
4595,5.104630,nan,0.00009965,layer_3,0.2,3.2049,train
4596,5.513011,nan,0.00009965,layer_3,0.2,3.2049,train
4597,5.597310,nan,0.00009965,layer_3,0.2,3.2049,train
4598,5.399673,nan,0.00009965,layer_3,0.2,3.2049,train
4599,5.208499,nan,0.00009965,layer_3,0.2,3.2049,train
4600,5.369686,nan,0.00009965,layer_3,0.2,3.2049,train
4601,6.388477,nan,0.00009965,layer_4,0.2,3.2049,train
4602,5.785645,nan,0.00009965,layer_4,0.2,3.2049,train
4603,5.061221,nan,0.00009965,layer_4,0.2,3.2049,train
4604,5.589187,nan,0.00009965,layer_4,0.2,3.2049,train
4605,5.753091,nan,0.00009965,layer_4,0.2,3.2049,train
4606,5.386483,nan,0.00009965,layer_4,0.2,3.2049,train
4607,5.363546,nan,0.00009965,layer_4,0.2,3.2049,train
4608,4.958932,nan,0.00009965,layer_4,0.2,3.2049,train
4609,5.281384,nan,0.00009965,layer_4,0.2,3.2049,train
4610,5.558328,nan,0.00009965,layer_4,0.2,3.2049,train
4611,5.741935,nan,0.00009965,layer_5,0.2,3.2049,train
4612,5.462288,nan,0.00009965,layer_5,0.2,3.2049,train
4613,5.451028,nan,0.00009965,layer_5,0.2,3.2049,train
4614,5.627901,nan,0.00009965,layer_5,0.2,3.2049,train
4615,5.072738,nan,0.00009965,layer_5,0.2,3.2049,train
4616,5.300765,nan,0.00009965,layer_5,0.2,3.2049,train
4617,5.278879,nan,0.00009965,layer_5,0.2,3.2049,train
4618,5.099202,nan,0.00009965,layer_5,0.2,3.2049,train
4619,6.027305,nan,0.00009965,layer_5,0.2,3.2049,train
4620,5.376350,nan,0.00009965,layer_5,0.2,3.2049,train
4621,5.355511,nan,0.00009965,layer_6,0.2,3.2049,train
4622,5.014006,nan,0.00009965,layer_6,0.2,3.2049,train
4623,5.679767,nan,0.00009965,layer_6,0.2,3.2049,train
4624,5.278900,nan,0.00009964,layer_6,0.2,3.2049,train
4625,6.828091,nan,0.00009964,layer_6,0.2,3.2049,train
4626,5.367534,nan,0.00009964,layer_6,0.2,3.2049,train
4627,6.117897,nan,0.00009964,layer_6,0.2,3.2049,train
4628,5.386264,nan,0.00009964,layer_6,0.2,3.2049,train
4629,6.153321,nan,0.00009964,layer_6,0.2,3.2049,train
4630,4.971667,nan,0.00009964,layer_6,0.2,3.2049,train
4631,5.883935,nan,0.00009964,layer_7,0.2,3.2049,train
4632,5.447120,nan,0.00009964,layer_7,0.2,3.2049,train
4633,5.884110,nan,0.00009964,layer_7,0.2,3.2049,train
4634,5.689328,nan,0.00009964,layer_7,0.2,3.2049,train
4635,5.158868,nan,0.00009964,layer_7,0.2,3.2049,train
4636,5.321083,nan,0.00009964,layer_7,0.2,3.2049,train
4637,5.695467,nan,0.00009964,layer_7,0.2,3.2049,train
4638,5.442029,nan,0.00009964,layer_7,0.2,3.2049,train
4639,5.774013,nan,0.00009964,layer_7,0.2,3.2049,train
4640,5.670565,nan,0.00009964,layer_7,0.2,3.2049,train
4641,5.760762,nan,0.00009964,layer_8,0.2,3.2049,train
4642,6.480975,nan,0.00009964,layer_8,0.2,3.2049,train
4643,5.550066,nan,0.00009964,layer_8,0.2,3.2049,train
4644,5.678151,nan,0.00009964,layer_8,0.2,3.2049,train
4645,4.928459,nan,0.00009964,layer_8,0.2,3.2049,train
4646,5.286812,nan,0.00009964,layer_8,0.2,3.2049,train
4647,5.142022,nan,0.00009964,layer_8,0.2,3.2049,train
4648,5.591884,nan,0.00009964,layer_8,0.2,3.2049,train
4649,5.678010,nan,0.00009964,layer_8,0.2,3.2049,train
4650,5.802784,nan,0.00009964,layer_8,0.2,3.2049,train
4651,5.055566,nan,0.00009964,layer_9,0.2,3.2049,train
4652,5.971230,nan,0.00009964,layer_9,0.2,3.2049,train
4653,5.513862,nan,0.00009964,layer_9,0.2,3.2049,train
4654,5.834215,nan,0.00009964,layer_9,0.2,3.2049,train
4655,5.324711,nan,0.00009964,layer_9,0.2,3.2049,train
4656,5.696141,nan,0.00009964,layer_9,0.2,3.2049,train
4657,5.239835,nan,0.00009964,layer_9,0.2,3.2049,train
4658,5.523486,nan,0.00009964,layer_9,0.2,3.2049,train
4659,5.742099,nan,0.00009964,layer_9,0.2,3.2049,train
4660,5.065795,nan,0.00009964,layer_9,0.2,3.2049,train
4661,5.312578,nan,0.00009964,layer_10,0.2,3.2049,train
4662,5.918056,nan,0.00009964,layer_10,0.2,3.2049,train
4663,5.320090,nan,0.00009964,layer_10,0.2,3.2049,train
4664,5.425642,nan,0.00009964,layer_10,0.2,3.2049,train
4665,5.671421,nan,0.00009964,layer_10,0.2,3.2049,train
4666,5.029940,nan,0.00009964,layer_10,0.2,3.2049,train
4667,5.187304,nan,0.00009964,layer_10,0.2,3.2049,train
4668,5.169126,nan,0.00009964,layer_10,0.2,3.2049,train
4669,5.858771,nan,0.00009964,layer_10,0.2,3.2049,train
4670,6.742179,nan,0.00009964,layer_10,0.2,3.2049,train
4671,5.528804,nan,0.00009964,layer_11,0.2,3.2049,train
4672,5.848353,nan,0.00009964,layer_11,0.2,3.2049,train
4673,5.823424,nan,0.00009964,layer_11,0.2,3.2049,train
4674,5.915173,nan,0.00009964,layer_11,0.2,3.2049,train
4675,5.669435,nan,0.00009963,layer_11,0.2,3.2049,train
4676,5.298899,nan,0.00009963,layer_11,0.2,3.2049,train
4677,5.618727,nan,0.00009963,layer_11,0.2,3.2049,train
4678,5.610259,nan,0.00009963,layer_11,0.2,3.2049,train
4679,5.601779,nan,0.00009963,layer_11,0.2,3.2049,train
4680,6.106260,nan,0.00009963,layer_11,0.2,3.2049,train
4681,5.872158,nan,0.00009963,layer_0,0.2,3.2049,train
4682,6.214984,nan,0.00009963,layer_0,0.2,3.2049,train
4683,5.097435,nan,0.00009963,layer_0,0.2,3.2049,train
4684,5.561472,nan,0.00009963,layer_0,0.2,3.2049,train
4685,5.684362,nan,0.00009963,layer_0,0.2,3.2049,train
4686,5.605447,nan,0.00009963,layer_0,0.2,3.2049,train
4687,5.477786,nan,0.00009963,layer_0,0.2,3.2049,train
4688,5.940258,nan,0.00009963,layer_0,0.2,3.2049,train
4689,5.652987,nan,0.00009963,layer_0,0.2,3.2049,train
4690,6.420448,nan,0.00009963,layer_0,0.2,3.2049,train
4691,5.852539,nan,0.00009963,layer_1,0.2,3.2049,train
4692,5.389849,nan,0.00009963,layer_1,0.2,3.2049,train
4693,5.942063,nan,0.00009963,layer_1,0.2,3.2049,train
4694,7.306868,nan,0.00009963,layer_1,0.2,3.2049,train
4695,6.882542,nan,0.00009963,layer_1,0.2,3.2049,train
4696,6.350451,nan,0.00009963,layer_1,0.2,3.2049,train
4697,5.643458,nan,0.00009963,layer_1,0.2,3.2049,train
4698,4.983358,nan,0.00009963,layer_1,0.2,3.2049,train
4699,6.340132,nan,0.00009963,layer_1,0.2,3.2049,train
4700,5.417551,nan,0.00009963,layer_1,0.2,3.2049,train
4701,5.499695,nan,0.00009963,layer_2,0.2,3.2049,train
4702,5.821545,nan,0.00009963,layer_2,0.2,3.2049,train
4703,5.407052,nan,0.00009963,layer_2,0.2,3.2049,train
4704,5.733034,nan,0.00009963,layer_2,0.2,3.2049,train
4705,5.199053,nan,0.00009963,layer_2,0.2,3.2049,train
4706,5.065193,nan,0.00009963,layer_2,0.2,3.2049,train
4707,5.762507,nan,0.00009963,layer_2,0.2,3.2049,train
4708,5.009855,nan,0.00009963,layer_2,0.2,3.2049,train
4709,6.006215,nan,0.00009963,layer_2,0.2,3.2049,train
4710,5.439020,nan,0.00009963,layer_2,0.2,3.2049,train
4711,5.058655,nan,0.00009963,layer_3,0.2,3.2049,train
4712,5.881205,nan,0.00009963,layer_3,0.2,3.2049,train
4713,5.623244,nan,0.00009963,layer_3,0.2,3.2049,train
4714,5.428558,nan,0.00009963,layer_3,0.2,3.2049,train
4715,4.899573,nan,0.00009963,layer_3,0.2,3.2049,train
4716,5.851072,nan,0.00009963,layer_3,0.2,3.2049,train
4717,5.780701,nan,0.00009963,layer_3,0.2,3.2049,train
4718,5.774940,nan,0.00009963,layer_3,0.2,3.2049,train
4719,4.986299,nan,0.00009963,layer_3,0.2,3.2049,train
4720,4.980238,nan,0.00009963,layer_3,0.2,3.2049,train
4721,4.757258,nan,0.00009963,layer_4,0.2,3.2049,train
4722,5.314320,nan,0.00009963,layer_4,0.2,3.2049,train
4723,4.852646,nan,0.00009963,layer_4,0.2,3.2049,train
4724,5.492260,nan,0.00009963,layer_4,0.2,3.2049,train
4725,4.412765,nan,0.00009962,layer_4,0.2,3.2049,train
4726,5.564929,nan,0.00009962,layer_4,0.2,3.2049,train
4727,6.043508,nan,0.00009962,layer_4,0.2,3.2049,train
4728,5.342035,nan,0.00009962,layer_4,0.2,3.2049,train
4729,5.176469,nan,0.00009962,layer_4,0.2,3.2049,train
4730,5.794331,nan,0.00009962,layer_4,0.2,3.2049,train
4731,5.745625,nan,0.00009962,layer_5,0.2,3.2049,train
4732,5.702554,nan,0.00009962,layer_5,0.2,3.2049,train
4733,5.073503,nan,0.00009962,layer_5,0.2,3.2049,train
4734,5.680214,nan,0.00009962,layer_5,0.2,3.2049,train
4735,5.733185,nan,0.00009962,layer_5,0.2,3.2049,train
4736,4.971085,nan,0.00009962,layer_5,0.2,3.2049,train
4737,5.003469,nan,0.00009962,layer_5,0.2,3.2049,train
4738,5.092578,nan,0.00009962,layer_5,0.2,3.2049,train
4739,6.187258,nan,0.00009962,layer_5,0.2,3.2049,train
4740,5.686451,nan,0.00009962,layer_5,0.2,3.2049,train
4741,5.488636,nan,0.00009962,layer_6,0.2,3.2049,train
4742,5.748956,nan,0.00009962,layer_6,0.2,3.2049,train
4743,5.007741,nan,0.00009962,layer_6,0.2,3.2049,train
4744,5.169463,nan,0.00009962,layer_6,0.2,3.2049,train
4745,5.326509,nan,0.00009962,layer_6,0.2,3.2049,train
4746,5.403995,nan,0.00009962,layer_6,0.2,3.2049,train
4747,5.610188,nan,0.00009962,layer_6,0.2,3.2049,train
4748,5.314774,nan,0.00009962,layer_6,0.2,3.2049,train
4749,5.516401,nan,0.00009962,layer_6,0.2,3.2049,train
4750,5.223331,nan,0.00009962,layer_6,0.2,3.2049,train
4751,5.974772,nan,0.00009962,layer_7,0.2,3.2049,train
4752,5.824440,nan,0.00009962,layer_7,0.2,3.2049,train
4753,4.762656,nan,0.00009962,layer_7,0.2,3.2049,train
4754,6.407485,nan,0.00009962,layer_7,0.2,3.2049,train
4755,5.570805,nan,0.00009962,layer_7,0.2,3.2049,train
4756,5.463443,nan,0.00009962,layer_7,0.2,3.2049,train
4757,5.434219,nan,0.00009962,layer_7,0.2,3.2049,train
4758,5.993720,nan,0.00009962,layer_7,0.2,3.2049,train
4759,5.206862,nan,0.00009962,layer_7,0.2,3.2049,train
4760,5.979895,nan,0.00009962,layer_7,0.2,3.2049,train
4761,5.811191,nan,0.00009962,layer_8,0.2,3.2049,train
4762,5.322680,nan,0.00009962,layer_8,0.2,3.2049,train
4763,7.162863,nan,0.00009962,layer_8,0.2,3.2049,train
4764,5.522993,nan,0.00009962,layer_8,0.2,3.2049,train
4765,5.388681,nan,0.00009962,layer_8,0.2,3.2049,train
4766,5.575711,nan,0.00009962,layer_8,0.2,3.2049,train
4767,5.101940,nan,0.00009962,layer_8,0.2,3.2049,train
4768,4.713445,nan,0.00009962,layer_8,0.2,3.2049,train
4769,5.279449,nan,0.00009962,layer_8,0.2,3.2049,train
4770,5.812150,nan,0.00009962,layer_8,0.2,3.2049,train
4771,5.032255,nan,0.00009962,layer_9,0.2,3.2049,train
4772,6.026095,nan,0.00009962,layer_9,0.2,3.2049,train
4773,5.022082,nan,0.00009962,layer_9,0.2,3.2049,train
4774,4.760877,nan,0.00009962,layer_9,0.2,3.2049,train
4775,5.495929,nan,0.00009961,layer_9,0.2,3.2049,train
4776,5.299045,nan,0.00009961,layer_9,0.2,3.2049,train
4777,5.305316,nan,0.00009961,layer_9,0.2,3.2049,train
4778,5.135923,nan,0.00009961,layer_9,0.2,3.2049,train
4779,6.445749,nan,0.00009961,layer_9,0.2,3.2049,train
4780,4.995039,nan,0.00009961,layer_9,0.2,3.2049,train
4781,5.536874,nan,0.00009961,layer_10,0.2,3.2049,train
4782,5.666571,nan,0.00009961,layer_10,0.2,3.2049,train
4783,5.444438,nan,0.00009961,layer_10,0.2,3.2049,train
4784,6.191351,nan,0.00009961,layer_10,0.2,3.2049,train
4785,5.316055,nan,0.00009961,layer_10,0.2,3.2049,train
4786,5.355286,nan,0.00009961,layer_10,0.2,3.2049,train
4787,5.678516,nan,0.00009961,layer_10,0.2,3.2049,train
4788,5.753524,nan,0.00009961,layer_10,0.2,3.2049,train
4789,5.592691,nan,0.00009961,layer_10,0.2,3.2049,train
4790,5.040160,nan,0.00009961,layer_10,0.2,3.2049,train
4791,5.325627,nan,0.00009961,layer_11,0.2,3.2049,train
4792,5.518126,nan,0.00009961,layer_11,0.2,3.2049,train
4793,5.042887,nan,0.00009961,layer_11,0.2,3.2049,train
4794,5.032555,nan,0.00009961,layer_11,0.2,3.2049,train
4795,5.562132,nan,0.00009961,layer_11,0.2,3.2049,train
4796,5.525991,nan,0.00009961,layer_11,0.2,3.2049,train
4797,5.665867,nan,0.00009961,layer_11,0.2,3.2049,train
4798,5.349269,nan,0.00009961,layer_11,0.2,3.2049,train
4799,4.716204,nan,0.00009961,layer_11,0.2,3.2049,train
4800,5.657150,nan,0.00009961,layer_11,0.2,3.2049,train
4801,5.507223,nan,0.00009961,layer_0,0.2,3.2049,train
4802,5.284750,nan,0.00009961,layer_0,0.2,3.2049,train
4803,5.568814,nan,0.00009961,layer_0,0.2,3.2049,train
4804,5.054888,nan,0.00009961,layer_0,0.2,3.2049,train
4805,5.397782,nan,0.00009961,layer_0,0.2,3.2049,train
4806,5.510019,nan,0.00009961,layer_0,0.2,3.2049,train
4807,5.718041,nan,0.00009961,layer_0,0.2,3.2049,train
4808,6.075194,nan,0.00009961,layer_0,0.2,3.2049,train
4809,5.421738,nan,0.00009961,layer_0,0.2,3.2049,train
4810,5.529635,nan,0.00009961,layer_0,0.2,3.2049,train
4811,5.725142,nan,0.00009961,layer_1,0.2,3.2049,train
4812,5.601785,nan,0.00009961,layer_1,0.2,3.2049,train
4813,4.478928,nan,0.00009961,layer_1,0.2,3.2049,train
4814,5.468773,nan,0.00009961,layer_1,0.2,3.2049,train
4815,5.198322,nan,0.00009961,layer_1,0.2,3.2049,train
4816,5.679744,nan,0.00009961,layer_1,0.2,3.2049,train
4817,5.665601,nan,0.00009961,layer_1,0.2,3.2049,train
4818,5.190549,nan,0.00009961,layer_1,0.2,3.2049,train
4819,5.184127,nan,0.00009961,layer_1,0.2,3.2049,train
4820,5.397759,nan,0.00009961,layer_1,0.2,3.2049,train
4821,5.594470,nan,0.00009961,layer_2,0.2,3.2049,train
4822,5.892776,nan,0.00009961,layer_2,0.2,3.2049,train
4823,6.374161,nan,0.00009960,layer_2,0.2,3.2049,train
4824,5.489719,nan,0.00009960,layer_2,0.2,3.2049,train
4825,5.026975,nan,0.00009960,layer_2,0.2,3.2049,train
4826,5.958723,nan,0.00009960,layer_2,0.2,3.2049,train
4827,5.333558,nan,0.00009960,layer_2,0.2,3.2049,train
4828,5.797004,nan,0.00009960,layer_2,0.2,3.2049,train
4829,4.591714,nan,0.00009960,layer_2,0.2,3.2049,train
4830,5.431112,nan,0.00009960,layer_2,0.2,3.2049,train
4831,4.861145,nan,0.00009960,layer_3,0.2,3.2049,train
4832,5.521706,nan,0.00009960,layer_3,0.2,3.2049,train
4833,4.990499,nan,0.00009960,layer_3,0.2,3.2049,train
4834,5.701875,nan,0.00009960,layer_3,0.2,3.2049,train
4835,5.397124,nan,0.00009960,layer_3,0.2,3.2049,train
4836,5.634482,nan,0.00009960,layer_3,0.2,3.2049,train
4837,5.001573,nan,0.00009960,layer_3,0.2,3.2049,train
4838,5.534492,nan,0.00009960,layer_3,0.2,3.2049,train
4839,5.166961,nan,0.00009960,layer_3,0.2,3.2049,train
4840,5.733308,nan,0.00009960,layer_3,0.2,3.2049,train
4841,5.609397,nan,0.00009960,layer_4,0.2,3.2049,train
4842,5.434842,nan,0.00009960,layer_4,0.2,3.2049,train
4843,6.040770,nan,0.00009960,layer_4,0.2,3.2049,train
4844,5.387896,nan,0.00009960,layer_4,0.2,3.2049,train
4845,5.283851,nan,0.00009960,layer_4,0.2,3.2049,train
4846,5.972986,nan,0.00009960,layer_4,0.2,3.2049,train
4847,5.678970,nan,0.00009960,layer_4,0.2,3.2049,train
4848,5.734742,nan,0.00009960,layer_4,0.2,3.2049,train
4849,5.513636,nan,0.00009960,layer_4,0.2,3.2049,train
4850,5.789083,nan,0.00009960,layer_4,0.2,3.2049,train
4851,5.297566,nan,0.00009960,layer_5,0.2,3.2049,train
4852,4.775484,nan,0.00009960,layer_5,0.2,3.2049,train
4853,5.807097,nan,0.00009960,layer_5,0.2,3.2049,train
4854,5.002394,nan,0.00009960,layer_5,0.2,3.2049,train
4855,5.442597,nan,0.00009960,layer_5,0.2,3.2049,train
4856,7.481016,nan,0.00009960,layer_5,0.2,3.2049,train
4857,5.437563,nan,0.00009960,layer_5,0.2,3.2049,train
4858,5.188096,nan,0.00009960,layer_5,0.2,3.2049,train
4859,5.191641,nan,0.00009960,layer_5,0.2,3.2049,train
4860,5.660973,nan,0.00009960,layer_5,0.2,3.2049,train
4861,6.790361,nan,0.00009960,layer_6,0.2,3.2049,train
4862,5.471267,nan,0.00009960,layer_6,0.2,3.2049,train
4863,4.693726,nan,0.00009960,layer_6,0.2,3.2049,train
4864,5.428614,nan,0.00009960,layer_6,0.2,3.2049,train
4865,5.044110,nan,0.00009960,layer_6,0.2,3.2049,train
4866,5.505725,nan,0.00009960,layer_6,0.2,3.2049,train
4867,5.036541,nan,0.00009960,layer_6,0.2,3.2049,train
4868,4.809678,nan,0.00009960,layer_6,0.2,3.2049,train
4869,5.420156,nan,0.00009960,layer_6,0.2,3.2049,train
4870,5.622437,nan,0.00009960,layer_6,0.2,3.2049,train
4871,5.859727,nan,0.00009960,layer_7,0.2,3.2049,train
4872,5.567443,nan,0.00009959,layer_7,0.2,3.2049,train
4873,5.793837,nan,0.00009959,layer_7,0.2,3.2049,train
4874,5.129455,nan,0.00009959,layer_7,0.2,3.2049,train
4875,6.013618,nan,0.00009959,layer_7,0.2,3.2049,train
4876,5.451386,nan,0.00009959,layer_7,0.2,3.2049,train
4877,5.618145,nan,0.00009959,layer_7,0.2,3.2049,train
4878,5.173244,nan,0.00009959,layer_7,0.2,3.2049,train
4879,5.471881,nan,0.00009959,layer_7,0.2,3.2049,train
4880,5.508778,nan,0.00009959,layer_7,0.2,3.2049,train
4881,5.603742,nan,0.00009959,layer_8,0.2,3.2049,train
4882,5.605122,nan,0.00009959,layer_8,0.2,3.2049,train
4883,5.458336,nan,0.00009959,layer_8,0.2,3.2049,train
4884,5.303044,nan,0.00009959,layer_8,0.2,3.2049,train
4885,5.979957,nan,0.00009959,layer_8,0.2,3.2049,train
4886,5.531890,nan,0.00009959,layer_8,0.2,3.2049,train
4887,5.746937,nan,0.00009959,layer_8,0.2,3.2049,train
4888,5.940362,nan,0.00009959,layer_8,0.2,3.2049,train
4889,5.447287,nan,0.00009959,layer_8,0.2,3.2049,train
4890,5.281338,nan,0.00009959,layer_8,0.2,3.2049,train
4891,5.835197,nan,0.00009959,layer_9,0.2,3.2049,train
4892,6.039711,nan,0.00009959,layer_9,0.2,3.2049,train
4893,5.782069,nan,0.00009959,layer_9,0.2,3.2049,train
4894,6.031755,nan,0.00009959,layer_9,0.2,3.2049,train
4895,5.518908,nan,0.00009959,layer_9,0.2,3.2049,train
4896,5.834188,nan,0.00009959,layer_9,0.2,3.2049,train
4897,5.528157,nan,0.00009959,layer_9,0.2,3.2049,train
4898,4.903556,nan,0.00009959,layer_9,0.2,3.2049,train
4899,5.360489,nan,0.00009959,layer_9,0.2,3.2049,train
4900,5.732329,nan,0.00009959,layer_9,0.2,3.2049,train
4901,5.302090,nan,0.00009959,layer_10,0.2,3.2049,train
4902,5.068398,nan,0.00009959,layer_10,0.2,3.2049,train
4903,5.915428,nan,0.00009959,layer_10,0.2,3.2049,train
4904,5.503521,nan,0.00009959,layer_10,0.2,3.2049,train
4905,5.134203,nan,0.00009959,layer_10,0.2,3.2049,train
4906,5.759611,nan,0.00009959,layer_10,0.2,3.2049,train
4907,5.420345,nan,0.00009959,layer_10,0.2,3.2049,train
4908,5.095095,nan,0.00009959,layer_10,0.2,3.2049,train
4909,5.597874,nan,0.00009959,layer_10,0.2,3.2049,train
4910,5.021997,nan,0.00009959,layer_10,0.2,3.2049,train
4911,4.888143,nan,0.00009959,layer_11,0.2,3.2049,train
4912,5.948221,nan,0.00009959,layer_11,0.2,3.2049,train
4913,5.224122,nan,0.00009959,layer_11,0.2,3.2049,train
4914,5.446961,nan,0.00009959,layer_11,0.2,3.2049,train
4915,5.189283,nan,0.00009959,layer_11,0.2,3.2049,train
4916,5.208161,nan,0.00009959,layer_11,0.2,3.2049,train
4917,5.389917,nan,0.00009959,layer_11,0.2,3.2049,train
4918,5.372160,nan,0.00009959,layer_11,0.2,3.2049,train
4919,6.034904,nan,0.00009958,layer_11,0.2,3.2049,train
4920,5.037710,nan,0.00009958,layer_11,0.2,3.2049,train
4921,5.308468,nan,0.00009958,layer_0,0.2,3.2049,train
4922,5.861485,nan,0.00009958,layer_0,0.2,3.2049,train
4923,5.511401,nan,0.00009958,layer_0,0.2,3.2049,train
4924,5.320012,nan,0.00009958,layer_0,0.2,3.2049,train
4925,5.539350,nan,0.00009958,layer_0,0.2,3.2049,train
4926,5.199947,nan,0.00009958,layer_0,0.2,3.2049,train
4927,5.598502,nan,0.00009958,layer_0,0.2,3.2049,train
4928,5.976683,nan,0.00009958,layer_0,0.2,3.2049,train
4929,5.271942,nan,0.00009958,layer_0,0.2,3.2049,train
4930,5.720538,nan,0.00009958,layer_0,0.2,3.2049,train
4931,5.462971,nan,0.00009958,layer_1,0.2,3.2049,train
4932,5.735838,nan,0.00009958,layer_1,0.2,3.2049,train
4933,5.567421,nan,0.00009958,layer_1,0.2,3.2049,train
4934,5.401307,nan,0.00009958,layer_1,0.2,3.2049,train
4935,5.497338,nan,0.00009958,layer_1,0.2,3.2049,train
4936,5.644219,nan,0.00009958,layer_1,0.2,3.2049,train
4937,5.546408,nan,0.00009958,layer_1,0.2,3.2049,train
4938,5.580857,nan,0.00009958,layer_1,0.2,3.2049,train
4939,5.698940,nan,0.00009958,layer_1,0.2,3.2049,train
4940,5.705065,nan,0.00009958,layer_1,0.2,3.2049,train
4941,4.941355,nan,0.00009958,layer_2,0.2,3.2049,train
4942,5.061960,nan,0.00009958,layer_2,0.2,3.2049,train
4943,5.567147,nan,0.00009958,layer_2,0.2,3.2049,train
4944,5.368806,nan,0.00009958,layer_2,0.2,3.2049,train
4945,5.264842,nan,0.00009958,layer_2,0.2,3.2049,train
4946,6.030196,nan,0.00009958,layer_2,0.2,3.2049,train
4947,4.864423,nan,0.00009958,layer_2,0.2,3.2049,train
4948,5.337576,nan,0.00009958,layer_2,0.2,3.2049,train
4949,5.472504,nan,0.00009958,layer_2,0.2,3.2049,train
4950,5.789926,nan,0.00009958,layer_2,0.2,3.2049,train
4951,5.434794,nan,0.00009958,layer_3,0.2,3.2049,train
4952,5.416743,nan,0.00009958,layer_3,0.2,3.2049,train
4953,5.359165,nan,0.00009958,layer_3,0.2,3.2049,train
4954,5.361675,nan,0.00009958,layer_3,0.2,3.2049,train
4955,4.944873,nan,0.00009958,layer_3,0.2,3.2049,train
4956,5.026638,nan,0.00009958,layer_3,0.2,3.2049,train
4957,5.675891,nan,0.00009958,layer_3,0.2,3.2049,train
4958,5.541407,nan,0.00009958,layer_3,0.2,3.2049,train
4959,5.492623,nan,0.00009958,layer_3,0.2,3.2049,train
4960,5.769471,nan,0.00009958,layer_3,0.2,3.2049,train
4961,5.438526,nan,0.00009958,layer_4,0.2,3.2049,train
4962,5.430066,nan,0.00009958,layer_4,0.2,3.2049,train
4963,5.430895,nan,0.00009958,layer_4,0.2,3.2049,train
4964,5.677611,nan,0.00009958,layer_4,0.2,3.2049,train
4965,5.408084,nan,0.00009958,layer_4,0.2,3.2049,train
4966,5.230970,nan,0.00009957,layer_4,0.2,3.2049,train
4967,5.730562,nan,0.00009957,layer_4,0.2,3.2049,train
4968,5.351874,nan,0.00009957,layer_4,0.2,3.2049,train
4969,5.710184,nan,0.00009957,layer_4,0.2,3.2049,train
4970,5.100595,nan,0.00009957,layer_4,0.2,3.2049,train
4971,5.814487,nan,0.00009957,layer_5,0.2,3.2049,train
4972,5.147102,nan,0.00009957,layer_5,0.2,3.2049,train
4973,5.618348,nan,0.00009957,layer_5,0.2,3.2049,train
4974,4.856188,nan,0.00009957,layer_5,0.2,3.2049,train
4975,5.316038,nan,0.00009957,layer_5,0.2,3.2049,train
4976,5.690041,nan,0.00009957,layer_5,0.2,3.2049,train
4977,5.455551,nan,0.00009957,layer_5,0.2,3.2049,train
4978,6.051049,nan,0.00009957,layer_5,0.2,3.2049,train
4979,4.877464,nan,0.00009957,layer_5,0.2,3.2049,train
4980,5.120944,nan,0.00009957,layer_5,0.2,3.2049,train
4981,5.822649,nan,0.00009957,layer_6,0.2,3.2049,train
4982,5.671841,nan,0.00009957,layer_6,0.2,3.2049,train
4983,5.619651,nan,0.00009957,layer_6,0.2,3.2049,train
4984,5.587625,nan,0.00009957,layer_6,0.2,3.2049,train
4985,5.393840,nan,0.00009957,layer_6,0.2,3.2049,train
4986,5.382212,nan,0.00009957,layer_6,0.2,3.2049,train
4987,4.757901,nan,0.00009957,layer_6,0.2,3.2049,train
4988,5.076046,nan,0.00009957,layer_6,0.2,3.2049,train
4989,6.093977,nan,0.00009957,layer_6,0.2,3.2049,train
4990,5.478136,nan,0.00009957,layer_6,0.2,3.2049,train
4991,4.783831,nan,0.00009957,layer_7,0.2,3.2049,train
4992,5.148500,nan,0.00009957,layer_7,0.2,3.2049,train
4993,5.829463,nan,0.00009957,layer_7,0.2,3.2049,train
4994,4.925310,nan,0.00009957,layer_7,0.2,3.2049,train
4995,4.894399,nan,0.00009957,layer_7,0.2,3.2049,train
4996,5.857946,nan,0.00009957,layer_7,0.2,3.2049,train
4997,5.440803,nan,0.00009957,layer_7,0.2,3.2049,train
4998,5.456027,nan,0.00009957,layer_7,0.2,3.2049,train
4999,5.383531,nan,0.00009957,layer_7,0.2,3.2049,train
5000,5.792952,nan,0.00009957,layer_7,0.2,3.2049,train
5000,5.458315,5.493807,0.00009957,layer_8,14.9,3.2049,eval
5001,5.208066,nan,0.00009957,layer_8,0.2,3.2049,train
5002,5.609601,nan,0.00009957,layer_8,0.2,3.2049,train
5003,5.487494,nan,0.00009957,layer_8,0.2,3.2049,train
5004,5.322597,nan,0.00009957,layer_8,0.2,3.2049,train
5005,5.827265,nan,0.00009957,layer_8,0.2,3.2049,train
5006,7.539185,nan,0.00009957,layer_8,0.2,3.2049,train
5007,5.922139,nan,0.00009957,layer_8,0.2,3.2049,train
5008,5.143507,nan,0.00009957,layer_8,0.2,3.2049,train
5009,5.504083,nan,0.00009957,layer_8,0.2,3.2049,train
5010,6.291514,nan,0.00009957,layer_8,0.2,3.2049,train
5011,5.688070,nan,0.00009957,layer_9,0.2,3.2049,train
5012,5.572033,nan,0.00009957,layer_9,0.2,3.2049,train
5013,5.176197,nan,0.00009956,layer_9,0.2,3.2049,train
5014,4.827746,nan,0.00009956,layer_9,0.2,3.2049,train
5015,5.412593,nan,0.00009956,layer_9,0.2,3.2049,train
5016,5.293487,nan,0.00009956,layer_9,0.2,3.2049,train
5017,5.288745,nan,0.00009956,layer_9,0.2,3.2049,train
5018,5.329978,nan,0.00009956,layer_9,0.2,3.2049,train
5019,6.704923,nan,0.00009956,layer_9,0.2,3.2049,train
5020,6.695698,nan,0.00009956,layer_9,0.2,3.2049,train
5021,5.556445,nan,0.00009956,layer_10,0.2,3.2049,train
5022,5.355057,nan,0.00009956,layer_10,0.2,3.2049,train
5023,5.346862,nan,0.00009956,layer_10,0.2,3.2049,train
5024,5.119610,nan,0.00009956,layer_10,0.2,3.2049,train
5025,5.546807,nan,0.00009956,layer_10,0.2,3.2049,train
5026,5.856980,nan,0.00009956,layer_10,0.2,3.2049,train
5027,5.947225,nan,0.00009956,layer_10,0.2,3.2049,train
5028,5.630997,nan,0.00009956,layer_10,0.2,3.2049,train
5029,4.389533,nan,0.00009956,layer_10,0.2,3.2049,train
5030,5.677557,nan,0.00009956,layer_10,0.2,3.2049,train
5031,5.699019,nan,0.00009956,layer_11,0.2,3.2049,train
5032,5.325012,nan,0.00009956,layer_11,0.2,3.2049,train
5033,5.382640,nan,0.00009956,layer_11,0.2,3.2049,train
5034,6.002091,nan,0.00009956,layer_11,0.2,3.2049,train
5035,5.662577,nan,0.00009956,layer_11,0.2,3.2049,train
5036,6.111802,nan,0.00009956,layer_11,0.2,3.2049,train
5037,5.404775,nan,0.00009956,layer_11,0.2,3.2049,train
5038,5.584208,nan,0.00009956,layer_11,0.2,3.2049,train
5039,5.207395,nan,0.00009956,layer_11,0.2,3.2049,train
5040,4.993787,nan,0.00009956,layer_11,0.2,3.2049,train
5041,5.857970,nan,0.00009956,layer_0,0.2,3.2049,train
5042,5.659363,nan,0.00009956,layer_0,0.2,3.2049,train
5043,6.355306,nan,0.00009956,layer_0,0.2,3.2049,train
5044,6.043389,nan,0.00009956,layer_0,0.2,3.2049,train
5045,5.127528,nan,0.00009956,layer_0,0.2,3.2049,train
5046,6.087529,nan,0.00009956,layer_0,0.2,3.2049,train
5047,4.973382,nan,0.00009956,layer_0,0.2,3.2049,train
5048,5.380774,nan,0.00009956,layer_0,0.2,3.2049,train
5049,5.313771,nan,0.00009956,layer_0,0.2,3.2049,train
5050,5.262516,nan,0.00009956,layer_0,0.2,3.2049,train
5051,5.224588,nan,0.00009956,layer_1,0.2,3.2049,train
5052,5.456222,nan,0.00009956,layer_1,0.2,3.2049,train
5053,5.145939,nan,0.00009956,layer_1,0.2,3.2049,train
5054,5.897533,nan,0.00009956,layer_1,0.2,3.2049,train
5055,5.427539,nan,0.00009956,layer_1,0.2,3.2049,train
5056,5.394911,nan,0.00009956,layer_1,0.2,3.2049,train
5057,5.460055,nan,0.00009956,layer_1,0.2,3.2049,train
5058,5.132703,nan,0.00009955,layer_1,0.2,3.2049,train
5059,5.584412,nan,0.00009955,layer_1,0.2,3.2049,train
5060,4.879974,nan,0.00009955,layer_1,0.2,3.2049,train
5061,5.522009,nan,0.00009955,layer_2,0.2,3.2049,train
5062,5.706278,nan,0.00009955,layer_2,0.2,3.2049,train
5063,5.557289,nan,0.00009955,layer_2,0.2,3.2049,train
5064,6.182966,nan,0.00009955,layer_2,0.2,3.2049,train
5065,5.852730,nan,0.00009955,layer_2,0.2,3.2049,train
5066,5.497890,nan,0.00009955,layer_2,0.2,3.2049,train
5067,5.196165,nan,0.00009955,layer_2,0.2,3.2049,train
5068,5.142108,nan,0.00009955,layer_2,0.2,3.2049,train
5069,5.431781,nan,0.00009955,layer_2,0.2,3.2049,train
5070,5.246293,nan,0.00009955,layer_2,0.2,3.2049,train
5071,6.111794,nan,0.00009955,layer_3,0.2,3.2049,train
5072,4.892639,nan,0.00009955,layer_3,0.2,3.2049,train
5073,5.389935,nan,0.00009955,layer_3,0.2,3.2049,train
5074,5.180828,nan,0.00009955,layer_3,0.2,3.2049,train
5075,4.907892,nan,0.00009955,layer_3,0.2,3.2049,train
5076,5.882308,nan,0.00009955,layer_3,0.2,3.2049,train
5077,4.781146,nan,0.00009955,layer_3,0.2,3.2049,train
5078,5.228737,nan,0.00009955,layer_3,0.2,3.2049,train
5079,5.370146,nan,0.00009955,layer_3,0.2,3.2049,train
5080,5.679567,nan,0.00009955,layer_3,0.2,3.2049,train
5081,5.922449,nan,0.00009955,layer_4,0.2,3.2049,train
5082,5.745135,nan,0.00009955,layer_4,0.2,3.2049,train
5083,5.180803,nan,0.00009955,layer_4,0.2,3.2049,train
5084,5.534421,nan,0.00009955,layer_4,0.2,3.2049,train
5085,5.575181,nan,0.00009955,layer_4,0.2,3.2049,train
5086,5.436085,nan,0.00009955,layer_4,0.2,3.2049,train
5087,5.514190,nan,0.00009955,layer_4,0.2,3.2049,train
5088,6.968163,nan,0.00009955,layer_4,0.2,3.2049,train
5089,5.527836,nan,0.00009955,layer_4,0.2,3.2049,train
5090,5.926837,nan,0.00009955,layer_4,0.2,3.2049,train
5091,5.331727,nan,0.00009955,layer_5,0.2,3.2049,train
5092,5.724377,nan,0.00009955,layer_5,0.2,3.2049,train
5093,5.166553,nan,0.00009955,layer_5,0.2,3.2049,train
5094,6.037585,nan,0.00009955,layer_5,0.2,3.2049,train
5095,5.643231,nan,0.00009955,layer_5,0.2,3.2049,train
5096,7.215140,nan,0.00009955,layer_5,0.2,3.2049,train
5097,5.828058,nan,0.00009955,layer_5,0.2,3.2049,train
5098,6.143583,nan,0.00009955,layer_5,0.2,3.2049,train
5099,5.407152,nan,0.00009955,layer_5,0.2,3.2049,train
5100,5.899653,nan,0.00009955,layer_5,0.2,3.2049,train
5101,5.566149,nan,0.00009955,layer_6,0.2,3.2049,train
5102,5.292765,nan,0.00009955,layer_6,0.2,3.2049,train
5103,5.325624,nan,0.00009955,layer_6,0.2,3.2049,train
5104,5.732645,nan,0.00009954,layer_6,0.2,3.2049,train
5105,3.814565,nan,0.00009954,layer_6,0.2,3.2049,train
5106,5.461356,nan,0.00009954,layer_6,0.2,3.2049,train
5107,4.853907,nan,0.00009954,layer_6,0.2,3.2049,train
5108,5.124022,nan,0.00009954,layer_6,0.2,3.2049,train
5109,5.296826,nan,0.00009954,layer_6,0.2,3.2049,train
5110,5.315135,nan,0.00009954,layer_6,0.2,3.2049,train
5111,5.305431,nan,0.00009954,layer_7,0.2,3.2049,train
5112,5.376067,nan,0.00009954,layer_7,0.2,3.2049,train
5113,5.660640,nan,0.00009954,layer_7,0.2,3.2049,train
5114,5.245730,nan,0.00009954,layer_7,0.2,3.2049,train
5115,5.930876,nan,0.00009954,layer_7,0.2,3.2049,train
5116,5.739356,nan,0.00009954,layer_7,0.2,3.2049,train
5117,5.752036,nan,0.00009954,layer_7,0.2,3.2049,train
5118,5.991182,nan,0.00009954,layer_7,0.2,3.2049,train
5119,5.624939,nan,0.00009954,layer_7,0.2,3.2049,train
5120,5.286125,nan,0.00009954,layer_7,0.2,3.2049,train
5121,6.006343,nan,0.00009954,layer_8,0.2,3.2049,train
5122,5.634823,nan,0.00009954,layer_8,0.2,3.2049,train
5123,5.027249,nan,0.00009954,layer_8,0.2,3.2049,train
5124,5.459857,nan,0.00009954,layer_8,0.2,3.2049,train
5125,6.074112,nan,0.00009954,layer_8,0.2,3.2049,train
5126,5.740756,nan,0.00009954,layer_8,0.2,3.2049,train
5127,6.064146,nan,0.00009954,layer_8,0.2,3.2049,train
5128,5.460547,nan,0.00009954,layer_8,0.2,3.2049,train
5129,6.207423,nan,0.00009954,layer_8,0.2,3.2049,train
5130,6.458930,nan,0.00009954,layer_8,0.2,3.2049,train
5131,5.397180,nan,0.00009954,layer_9,0.2,3.2049,train
5132,5.450595,nan,0.00009954,layer_9,0.2,3.2049,train
5133,4.816686,nan,0.00009954,layer_9,0.2,3.2049,train
5134,5.298699,nan,0.00009954,layer_9,0.2,3.2049,train
5135,4.737700,nan,0.00009954,layer_9,0.2,3.2049,train
5136,6.080135,nan,0.00009954,layer_9,0.2,3.2049,train
5137,5.548066,nan,0.00009954,layer_9,0.2,3.2049,train
5138,5.754186,nan,0.00009954,layer_9,0.2,3.2049,train
5139,5.375062,nan,0.00009954,layer_9,0.2,3.2049,train
5140,5.798085,nan,0.00009954,layer_9,0.2,3.2049,train
5141,5.570111,nan,0.00009954,layer_10,0.2,3.2049,train
5142,5.594063,nan,0.00009954,layer_10,0.2,3.2049,train
5143,5.256413,nan,0.00009954,layer_10,0.2,3.2049,train
5144,5.699996,nan,0.00009954,layer_10,0.2,3.2049,train
5145,5.237505,nan,0.00009954,layer_10,0.2,3.2049,train
5146,5.736712,nan,0.00009954,layer_10,0.2,3.2049,train
5147,5.215350,nan,0.00009954,layer_10,0.2,3.2049,train
5148,4.984752,nan,0.00009954,layer_10,0.2,3.2049,train
5149,5.882621,nan,0.00009953,layer_10,0.2,3.2049,train
5150,4.989603,nan,0.00009953,layer_10,0.2,3.2049,train
5151,5.360919,nan,0.00009953,layer_11,0.2,3.2049,train
5152,5.747862,nan,0.00009953,layer_11,0.2,3.2049,train
5153,6.338264,nan,0.00009953,layer_11,0.2,3.2049,train
5154,5.474528,nan,0.00009953,layer_11,0.2,3.2049,train
5155,4.829359,nan,0.00009953,layer_11,0.2,3.2049,train
5156,5.077043,nan,0.00009953,layer_11,0.2,3.2049,train
5157,5.512996,nan,0.00009953,layer_11,0.2,3.2049,train
5158,5.566462,nan,0.00009953,layer_11,0.2,3.2049,train
5159,5.546346,nan,0.00009953,layer_11,0.2,3.2049,train
5160,5.887609,nan,0.00009953,layer_11,0.2,3.2049,train
5161,5.621834,nan,0.00009953,layer_0,0.2,3.2049,train
5162,4.941281,nan,0.00009953,layer_0,0.2,3.2049,train
5163,5.428080,nan,0.00009953,layer_0,0.2,3.2049,train
5164,5.768427,nan,0.00009953,layer_0,0.2,3.2049,train
5165,5.339166,nan,0.00009953,layer_0,0.2,3.2049,train
5166,5.147374,nan,0.00009953,layer_0,0.2,3.2049,train
5167,4.679134,nan,0.00009953,layer_0,0.2,3.2049,train
5168,4.856370,nan,0.00009953,layer_0,0.2,3.2049,train
5169,5.107284,nan,0.00009953,layer_0,0.2,3.2049,train
5170,5.995913,nan,0.00009953,layer_0,0.2,3.2049,train
5171,5.619524,nan,0.00009953,layer_1,0.2,3.2049,train
5172,5.519192,nan,0.00009953,layer_1,0.2,3.2049,train
5173,5.450504,nan,0.00009953,layer_1,0.2,3.2049,train
5174,5.260989,nan,0.00009953,layer_1,0.2,3.2049,train
5175,5.528614,nan,0.00009953,layer_1,0.2,3.2049,train
5176,5.522856,nan,0.00009953,layer_1,0.2,3.2049,train
5177,5.396111,nan,0.00009953,layer_1,0.2,3.2049,train
5178,5.458865,nan,0.00009953,layer_1,0.2,3.2049,train
5179,5.386416,nan,0.00009953,layer_1,0.2,3.2049,train
5180,5.240362,nan,0.00009953,layer_1,0.2,3.2049,train
5181,5.031784,nan,0.00009953,layer_2,0.2,3.2049,train
5182,5.544822,nan,0.00009953,layer_2,0.2,3.2049,train
5183,5.595571,nan,0.00009953,layer_2,0.2,3.2049,train
5184,5.980307,nan,0.00009953,layer_2,0.2,3.2049,train
5185,6.187511,nan,0.00009953,layer_2,0.2,3.2049,train
5186,5.687022,nan,0.00009953,layer_2,0.2,3.2049,train
5187,5.436290,nan,0.00009953,layer_2,0.2,3.2049,train
5188,5.448599,nan,0.00009953,layer_2,0.2,3.2049,train
5189,5.692967,nan,0.00009953,layer_2,0.2,3.2049,train
5190,5.210439,nan,0.00009953,layer_2,0.2,3.2049,train
5191,5.441359,nan,0.00009953,layer_3,0.2,3.2049,train
5192,5.359493,nan,0.00009953,layer_3,0.2,3.2049,train
5193,5.150485,nan,0.00009952,layer_3,0.2,3.2049,train
5194,4.881155,nan,0.00009952,layer_3,0.2,3.2049,train
5195,5.470564,nan,0.00009952,layer_3,0.2,3.2049,train
5196,5.148023,nan,0.00009952,layer_3,0.2,3.2049,train
5197,5.452083,nan,0.00009952,layer_3,0.2,3.2049,train
5198,5.709669,nan,0.00009952,layer_3,0.2,3.2049,train
5199,5.620029,nan,0.00009952,layer_3,0.2,3.2049,train
5200,5.110408,nan,0.00009952,layer_3,0.2,3.2049,train
5201,5.290396,nan,0.00009952,layer_4,0.2,3.2049,train
5202,5.619512,nan,0.00009952,layer_4,0.2,3.2049,train
5203,5.123947,nan,0.00009952,layer_4,0.2,3.2049,train
5204,5.441006,nan,0.00009952,layer_4,0.2,3.2049,train
5205,5.751655,nan,0.00009952,layer_4,0.2,3.2049,train
5206,6.188028,nan,0.00009952,layer_4,0.2,3.2049,train
5207,5.778004,nan,0.00009952,layer_4,0.2,3.2049,train
5208,5.915833,nan,0.00009952,layer_4,0.2,3.2049,train
5209,5.737139,nan,0.00009952,layer_4,0.2,3.2049,train
5210,5.586216,nan,0.00009952,layer_4,0.2,3.2049,train
5211,5.426028,nan,0.00009952,layer_5,0.2,3.2049,train
5212,6.094278,nan,0.00009952,layer_5,0.2,3.2049,train
5213,5.620383,nan,0.00009952,layer_5,0.2,3.2049,train
5214,5.139273,nan,0.00009952,layer_5,0.2,3.2049,train
5215,5.338136,nan,0.00009952,layer_5,0.2,3.2049,train
5216,6.043167,nan,0.00009952,layer_5,0.2,3.2049,train
5217,5.270872,nan,0.00009952,layer_5,0.2,3.2049,train
5218,4.572639,nan,0.00009952,layer_5,0.2,3.2049,train
5219,5.337964,nan,0.00009952,layer_5,0.2,3.2049,train
5220,5.553970,nan,0.00009952,layer_5,0.2,3.2049,train
5221,5.901587,nan,0.00009952,layer_6,0.2,3.2049,train
5222,5.315616,nan,0.00009952,layer_6,0.2,3.2049,train
5223,5.469088,nan,0.00009952,layer_6,0.2,3.2049,train
5224,5.561124,nan,0.00009952,layer_6,0.2,3.2049,train
5225,4.950324,nan,0.00009952,layer_6,0.2,3.2049,train
5226,5.377393,nan,0.00009952,layer_6,0.2,3.2049,train
5227,5.262507,nan,0.00009952,layer_6,0.2,3.2049,train
5228,5.156799,nan,0.00009952,layer_6,0.2,3.2049,train
5229,5.582335,nan,0.00009952,layer_6,0.2,3.2049,train
5230,5.451464,nan,0.00009952,layer_6,0.2,3.2049,train
5231,4.888162,nan,0.00009952,layer_7,0.2,3.2049,train
5232,5.640589,nan,0.00009952,layer_7,0.2,3.2049,train
5233,5.595051,nan,0.00009952,layer_7,0.2,3.2049,train
5234,5.604527,nan,0.00009952,layer_7,0.2,3.2049,train
5235,6.409111,nan,0.00009952,layer_7,0.2,3.2049,train
5236,4.867275,nan,0.00009952,layer_7,0.2,3.2049,train
5237,5.283665,nan,0.00009951,layer_7,0.2,3.2049,train
5238,5.344784,nan,0.00009951,layer_7,0.2,3.2049,train
5239,6.607522,nan,0.00009951,layer_7,0.2,3.2049,train
5240,5.560533,nan,0.00009951,layer_7,0.2,3.2049,train
5241,5.018538,nan,0.00009951,layer_8,0.2,3.2049,train
5242,5.501072,nan,0.00009951,layer_8,0.2,3.2049,train
5243,5.569624,nan,0.00009951,layer_8,0.2,3.2049,train
5244,5.105375,nan,0.00009951,layer_8,0.2,3.2049,train
5245,5.846259,nan,0.00009951,layer_8,0.2,3.2049,train
5246,5.463457,nan,0.00009951,layer_8,0.2,3.2049,train
5247,5.241576,nan,0.00009951,layer_8,0.2,3.2049,train
5248,5.902957,nan,0.00009951,layer_8,0.2,3.2049,train
5249,5.288726,nan,0.00009951,layer_8,0.2,3.2049,train
5250,5.140097,nan,0.00009951,layer_8,0.2,3.2049,train
5251,5.695862,nan,0.00009951,layer_9,0.2,3.2049,train
5252,5.403322,nan,0.00009951,layer_9,0.2,3.2049,train
5253,5.528064,nan,0.00009951,layer_9,0.2,3.2049,train
5254,4.586404,nan,0.00009951,layer_9,0.2,3.2049,train
5255,5.359771,nan,0.00009951,layer_9,0.2,3.2049,train
5256,5.559906,nan,0.00009951,layer_9,0.2,3.2049,train
5257,5.381731,nan,0.00009951,layer_9,0.2,3.2049,train
5258,5.725362,nan,0.00009951,layer_9,0.2,3.2049,train
5259,5.715156,nan,0.00009951,layer_9,0.2,3.2049,train
5260,5.600665,nan,0.00009951,layer_9,0.2,3.2049,train
5261,5.390676,nan,0.00009951,layer_10,0.2,3.2049,train
5262,5.612833,nan,0.00009951,layer_10,0.2,3.2049,train
5263,4.776140,nan,0.00009951,layer_10,0.2,3.2049,train
5264,5.023664,nan,0.00009951,layer_10,0.2,3.2049,train
5265,5.873846,nan,0.00009951,layer_10,0.2,3.2049,train
5266,5.410570,nan,0.00009951,layer_10,0.2,3.2049,train
5267,5.006589,nan,0.00009951,layer_10,0.2,3.2049,train
5268,4.676099,nan,0.00009951,layer_10,0.2,3.2049,train
5269,5.521405,nan,0.00009951,layer_10,0.2,3.2049,train
5270,5.345483,nan,0.00009951,layer_10,0.2,3.2049,train
5271,5.698035,nan,0.00009951,layer_11,0.2,3.2049,train
5272,5.209930,nan,0.00009951,layer_11,0.2,3.2049,train
5273,5.545458,nan,0.00009951,layer_11,0.2,3.2049,train
5274,5.160317,nan,0.00009951,layer_11,0.2,3.2049,train
5275,5.645121,nan,0.00009951,layer_11,0.2,3.2049,train
5276,5.257101,nan,0.00009951,layer_11,0.2,3.2049,train
5277,5.455987,nan,0.00009951,layer_11,0.2,3.2049,train
5278,6.743025,nan,0.00009951,layer_11,0.2,3.2049,train
5279,5.513496,nan,0.00009951,layer_11,0.2,3.2049,train
5280,5.398005,nan,0.00009951,layer_11,0.2,3.2049,train
5281,5.860126,nan,0.00009950,layer_0,0.2,3.2049,train
5282,5.173880,nan,0.00009950,layer_0,0.2,3.2049,train
5283,5.326485,nan,0.00009950,layer_0,0.2,3.2049,train
5284,5.354983,nan,0.00009950,layer_0,0.2,3.2049,train
5285,5.539825,nan,0.00009950,layer_0,0.2,3.2049,train
5286,4.779412,nan,0.00009950,layer_0,0.2,3.2049,train
5287,5.728356,nan,0.00009950,layer_0,0.2,3.2049,train
5288,6.019323,nan,0.00009950,layer_0,0.2,3.2049,train
5289,5.397086,nan,0.00009950,layer_0,0.2,3.2049,train
5290,5.522155,nan,0.00009950,layer_0,0.2,3.2049,train
5291,5.288320,nan,0.00009950,layer_1,0.2,3.2049,train
5292,6.074944,nan,0.00009950,layer_1,0.2,3.2049,train
5293,5.554434,nan,0.00009950,layer_1,0.2,3.2049,train
5294,5.631613,nan,0.00009950,layer_1,0.2,3.2049,train
5295,5.336143,nan,0.00009950,layer_1,0.2,3.2049,train
5296,5.081912,nan,0.00009950,layer_1,0.2,3.2049,train
5297,5.586345,nan,0.00009950,layer_1,0.2,3.2049,train
5298,5.369938,nan,0.00009950,layer_1,0.2,3.2049,train
5299,5.208678,nan,0.00009950,layer_1,0.2,3.2049,train
5300,5.061066,nan,0.00009950,layer_1,0.2,3.2049,train
5301,5.936349,nan,0.00009950,layer_2,0.2,3.2049,train
5302,5.016179,nan,0.00009950,layer_2,0.2,3.2049,train
5303,4.987480,nan,0.00009950,layer_2,0.2,3.2049,train
5304,5.578454,nan,0.00009950,layer_2,0.2,3.2049,train
5305,5.418439,nan,0.00009950,layer_2,0.2,3.2049,train
5306,4.980559,nan,0.00009950,layer_2,0.2,3.2049,train
5307,5.311685,nan,0.00009950,layer_2,0.2,3.2049,train
5308,6.383708,nan,0.00009950,layer_2,0.2,3.2049,train
5309,5.012467,nan,0.00009950,layer_2,0.2,3.2049,train
5310,5.238168,nan,0.00009950,layer_2,0.2,3.2049,train
5311,4.640661,nan,0.00009950,layer_3,0.2,3.2049,train
5312,5.164623,nan,0.00009950,layer_3,0.2,3.2049,train
5313,5.517142,nan,0.00009950,layer_3,0.2,3.2049,train
5314,6.157336,nan,0.00009950,layer_3,0.2,3.2049,train
5315,5.146431,nan,0.00009950,layer_3,0.2,3.2049,train
5316,5.315032,nan,0.00009950,layer_3,0.2,3.2049,train
5317,5.402021,nan,0.00009950,layer_3,0.2,3.2049,train
5318,5.606686,nan,0.00009950,layer_3,0.2,3.2049,train
5319,5.499351,nan,0.00009950,layer_3,0.2,3.2049,train
5320,5.193471,nan,0.00009950,layer_3,0.2,3.2049,train
5321,5.487094,nan,0.00009950,layer_4,0.2,3.2049,train
5322,5.710070,nan,0.00009950,layer_4,0.2,3.2049,train
5323,5.348859,nan,0.00009950,layer_4,0.2,3.2049,train
5324,6.910253,nan,0.00009949,layer_4,0.2,3.2049,train
5325,5.433664,nan,0.00009949,layer_4,0.2,3.2049,train
5326,5.059011,nan,0.00009949,layer_4,0.2,3.2049,train
5327,5.703273,nan,0.00009949,layer_4,0.2,3.2049,train
5328,5.784826,nan,0.00009949,layer_4,0.2,3.2049,train
5329,5.795584,nan,0.00009949,layer_4,0.2,3.2049,train
5330,5.473876,nan,0.00009949,layer_4,0.2,3.2049,train
5331,5.729959,nan,0.00009949,layer_5,0.2,3.2049,train
5332,4.724589,nan,0.00009949,layer_5,0.2,3.2049,train
5333,5.140612,nan,0.00009949,layer_5,0.2,3.2049,train
5334,6.208453,nan,0.00009949,layer_5,0.2,3.2049,train
5335,5.402857,nan,0.00009949,layer_5,0.2,3.2049,train
5336,5.249518,nan,0.00009949,layer_5,0.2,3.2049,train
5337,5.404425,nan,0.00009949,layer_5,0.2,3.2049,train
5338,5.387404,nan,0.00009949,layer_5,0.2,3.2049,train
5339,5.172079,nan,0.00009949,layer_5,0.2,3.2049,train
5340,4.845305,nan,0.00009949,layer_5,0.2,3.2049,train
5341,5.721419,nan,0.00009949,layer_6,0.2,3.2049,train
5342,5.422632,nan,0.00009949,layer_6,0.2,3.2049,train
5343,5.310813,nan,0.00009949,layer_6,0.2,3.2049,train
5344,5.042653,nan,0.00009949,layer_6,0.2,3.2049,train
5345,5.787260,nan,0.00009949,layer_6,0.2,3.2049,train
5346,5.883887,nan,0.00009949,layer_6,0.2,3.2049,train
5347,4.996695,nan,0.00009949,layer_6,0.2,3.2049,train
5348,5.306545,nan,0.00009949,layer_6,0.2,3.2049,train
5349,6.210174,nan,0.00009949,layer_6,0.2,3.2049,train
5350,5.259332,nan,0.00009949,layer_6,0.2,3.2049,train
5351,6.128298,nan,0.00009949,layer_7,0.2,3.2049,train
5352,5.081953,nan,0.00009949,layer_7,0.2,3.2049,train
5353,5.921065,nan,0.00009949,layer_7,0.2,3.2049,train
5354,5.486978,nan,0.00009949,layer_7,0.2,3.2049,train
5355,5.405287,nan,0.00009949,layer_7,0.2,3.2049,train
5356,5.718596,nan,0.00009949,layer_7,0.2,3.2049,train
5357,5.106143,nan,0.00009949,layer_7,0.2,3.2049,train
5358,5.852473,nan,0.00009949,layer_7,0.2,3.2049,train
5359,5.615420,nan,0.00009949,layer_7,0.2,3.2049,train
5360,5.343863,nan,0.00009949,layer_7,0.2,3.2049,train
5361,5.289658,nan,0.00009949,layer_8,0.2,3.2049,train
5362,5.360437,nan,0.00009949,layer_8,0.2,3.2049,train
5363,5.459019,nan,0.00009949,layer_8,0.2,3.2049,train
5364,5.686010,nan,0.00009949,layer_8,0.2,3.2049,train
5365,5.441866,nan,0.00009949,layer_8,0.2,3.2049,train
5366,5.768529,nan,0.00009948,layer_8,0.2,3.2049,train
5367,5.467163,nan,0.00009948,layer_8,0.2,3.2049,train
5368,6.072299,nan,0.00009948,layer_8,0.2,3.2049,train
5369,5.668366,nan,0.00009948,layer_8,0.2,3.2049,train
5370,5.616632,nan,0.00009948,layer_8,0.2,3.2049,train
5371,5.507185,nan,0.00009948,layer_9,0.2,3.2049,train
5372,5.355005,nan,0.00009948,layer_9,0.2,3.2049,train
5373,5.770475,nan,0.00009948,layer_9,0.2,3.2049,train
5374,5.533453,nan,0.00009948,layer_9,0.2,3.2049,train
5375,5.420690,nan,0.00009948,layer_9,0.2,3.2049,train
5376,5.231446,nan,0.00009948,layer_9,0.2,3.2049,train
5377,5.459657,nan,0.00009948,layer_9,0.2,3.2049,train
5378,5.189971,nan,0.00009948,layer_9,0.2,3.2049,train
5379,5.844188,nan,0.00009948,layer_9,0.2,3.2049,train
5380,4.875679,nan,0.00009948,layer_9,0.2,3.2049,train
5381,5.345057,nan,0.00009948,layer_10,0.2,3.2049,train
5382,5.092576,nan,0.00009948,layer_10,0.2,3.2049,train
5383,5.116766,nan,0.00009948,layer_10,0.2,3.2049,train
5384,4.869400,nan,0.00009948,layer_10,0.2,3.2049,train
5385,5.058433,nan,0.00009948,layer_10,0.2,3.2049,train
5386,5.546412,nan,0.00009948,layer_10,0.2,3.2049,train
5387,5.259897,nan,0.00009948,layer_10,0.2,3.2049,train
5388,5.462816,nan,0.00009948,layer_10,0.2,3.2049,train
5389,5.044943,nan,0.00009948,layer_10,0.2,3.2049,train
5390,5.338481,nan,0.00009948,layer_10,0.2,3.2049,train
5391,5.642187,nan,0.00009948,layer_11,0.2,3.2049,train
5392,5.340179,nan,0.00009948,layer_11,0.2,3.2049,train
5393,5.440922,nan,0.00009948,layer_11,0.2,3.2049,train
5394,5.286180,nan,0.00009948,layer_11,0.2,3.2049,train
5395,4.988287,nan,0.00009948,layer_11,0.2,3.2049,train
5396,5.453517,nan,0.00009948,layer_11,0.2,3.2049,train
5397,5.030082,nan,0.00009948,layer_11,0.2,3.2049,train
5398,6.023921,nan,0.00009948,layer_11,0.2,3.2049,train
5399,5.622229,nan,0.00009948,layer_11,0.2,3.2049,train
5400,5.217815,nan,0.00009948,layer_11,0.2,3.2049,train
5401,5.591894,nan,0.00009948,layer_0,0.2,3.2049,train
5402,5.594739,nan,0.00009948,layer_0,0.2,3.2049,train
5403,5.440740,nan,0.00009948,layer_0,0.2,3.2049,train
5404,5.637306,nan,0.00009948,layer_0,0.2,3.2049,train
5405,5.403054,nan,0.00009948,layer_0,0.2,3.2049,train
5406,5.344495,nan,0.00009948,layer_0,0.2,3.2049,train
5407,5.524304,nan,0.00009948,layer_0,0.2,3.2049,train
5408,5.712781,nan,0.00009948,layer_0,0.2,3.2049,train
5409,4.936335,nan,0.00009947,layer_0,0.2,3.2049,train
5410,4.615031,nan,0.00009947,layer_0,0.2,3.2049,train
5411,5.073269,nan,0.00009947,layer_1,0.2,3.2049,train
5412,5.581817,nan,0.00009947,layer_1,0.2,3.2049,train
5413,5.392650,nan,0.00009947,layer_1,0.2,3.2049,train
5414,5.594594,nan,0.00009947,layer_1,0.2,3.2049,train
5415,5.312334,nan,0.00009947,layer_1,0.2,3.2049,train
5416,6.177539,nan,0.00009947,layer_1,0.2,3.2049,train
5417,4.846158,nan,0.00009947,layer_1,0.2,3.2049,train
5418,5.322517,nan,0.00009947,layer_1,0.2,3.2049,train
5419,4.972455,nan,0.00009947,layer_1,0.2,3.2049,train
5420,5.166154,nan,0.00009947,layer_1,0.2,3.2049,train
5421,5.600618,nan,0.00009947,layer_2,0.2,3.2049,train
5422,5.878778,nan,0.00009947,layer_2,0.2,3.2049,train
5423,5.664898,nan,0.00009947,layer_2,0.2,3.2049,train
5424,5.318242,nan,0.00009947,layer_2,0.2,3.2049,train
5425,5.017057,nan,0.00009947,layer_2,0.2,3.2049,train
5426,5.385880,nan,0.00009947,layer_2,0.2,3.2049,train
5427,5.030790,nan,0.00009947,layer_2,0.2,3.2049,train
5428,5.659410,nan,0.00009947,layer_2,0.2,3.2049,train
5429,4.896386,nan,0.00009947,layer_2,0.2,3.2049,train
5430,5.827148,nan,0.00009947,layer_2,0.2,3.2049,train
5431,5.121595,nan,0.00009947,layer_3,0.2,3.2049,train
5432,5.843669,nan,0.00009947,layer_3,0.2,3.2049,train
5433,5.404536,nan,0.00009947,layer_3,0.2,3.2049,train
5434,5.526134,nan,0.00009947,layer_3,0.2,3.2049,train
5435,5.839687,nan,0.00009947,layer_3,0.2,3.2049,train
5436,5.718424,nan,0.00009947,layer_3,0.2,3.2049,train
5437,5.070148,nan,0.00009947,layer_3,0.2,3.2049,train
5438,5.401942,nan,0.00009947,layer_3,0.2,3.2049,train
5439,6.108981,nan,0.00009947,layer_3,0.2,3.2049,train
5440,5.585441,nan,0.00009947,layer_3,0.2,3.2049,train
5441,5.876933,nan,0.00009947,layer_4,0.2,3.2049,train
5442,6.472256,nan,0.00009947,layer_4,0.2,3.2049,train
5443,4.977269,nan,0.00009947,layer_4,0.2,3.2049,train
5444,4.891279,nan,0.00009947,layer_4,0.2,3.2049,train
5445,5.262658,nan,0.00009947,layer_4,0.2,3.2049,train
5446,5.326839,nan,0.00009947,layer_4,0.2,3.2049,train
5447,5.184225,nan,0.00009947,layer_4,0.2,3.2049,train
5448,4.818465,nan,0.00009947,layer_4,0.2,3.2049,train
5449,6.909748,nan,0.00009947,layer_4,0.2,3.2049,train
5450,5.368623,nan,0.00009947,layer_4,0.2,3.2049,train
5451,5.501157,nan,0.00009946,layer_5,0.2,3.2049,train
5452,5.000499,nan,0.00009946,layer_5,0.2,3.2049,train
5453,5.427476,nan,0.00009946,layer_5,0.2,3.2049,train
5454,5.685200,nan,0.00009946,layer_5,0.2,3.2049,train
5455,5.592547,nan,0.00009946,layer_5,0.2,3.2049,train
5456,4.529836,nan,0.00009946,layer_5,0.2,3.2049,train
5457,5.293541,nan,0.00009946,layer_5,0.2,3.2049,train
5458,5.463817,nan,0.00009946,layer_5,0.2,3.2049,train
5459,6.847105,nan,0.00009946,layer_5,0.2,3.2049,train
5460,5.493334,nan,0.00009946,layer_5,0.2,3.2049,train
5461,5.651816,nan,0.00009946,layer_6,0.2,3.2049,train
5462,5.576993,nan,0.00009946,layer_6,0.2,3.2049,train
5463,5.497119,nan,0.00009946,layer_6,0.2,3.2049,train
5464,5.408016,nan,0.00009946,layer_6,0.2,3.2049,train
5465,5.169360,nan,0.00009946,layer_6,0.2,3.2049,train
5466,5.341687,nan,0.00009946,layer_6,0.2,3.2049,train
5467,5.051990,nan,0.00009946,layer_6,0.2,3.2049,train
5468,5.847342,nan,0.00009946,layer_6,0.2,3.2049,train
5469,5.523283,nan,0.00009946,layer_6,0.2,3.2049,train
5470,5.826499,nan,0.00009946,layer_6,0.2,3.2049,train
5471,5.677517,nan,0.00009946,layer_7,0.2,3.2049,train
5472,5.408084,nan,0.00009946,layer_7,0.2,3.2049,train
5473,5.242402,nan,0.00009946,layer_7,0.2,3.2049,train
5474,5.145083,nan,0.00009946,layer_7,0.2,3.2049,train
5475,5.429119,nan,0.00009946,layer_7,0.2,3.2049,train
5476,4.920299,nan,0.00009946,layer_7,0.2,3.2049,train
5477,5.413266,nan,0.00009946,layer_7,0.2,3.2049,train
5478,5.352516,nan,0.00009946,layer_7,0.2,3.2049,train
5479,5.463322,nan,0.00009946,layer_7,0.2,3.2049,train
5480,4.526967,nan,0.00009946,layer_7,0.2,3.2049,train
5481,4.917942,nan,0.00009946,layer_8,0.2,3.2049,train
5482,5.586298,nan,0.00009946,layer_8,0.2,3.2049,train
5483,5.221807,nan,0.00009946,layer_8,0.2,3.2049,train
5484,5.496358,nan,0.00009946,layer_8,0.2,3.2049,train
5485,5.054061,nan,0.00009946,layer_8,0.2,3.2049,train
5486,4.874499,nan,0.00009946,layer_8,0.2,3.2049,train
5487,5.422913,nan,0.00009946,layer_8,0.2,3.2049,train
5488,5.615471,nan,0.00009946,layer_8,0.2,3.2049,train
5489,5.487034,nan,0.00009946,layer_8,0.2,3.2049,train
5490,5.514091,nan,0.00009946,layer_8,0.2,3.2049,train
5491,5.307500,nan,0.00009946,layer_9,0.2,3.2049,train
5492,5.172853,nan,0.00009945,layer_9,0.2,3.2049,train
5493,5.372081,nan,0.00009945,layer_9,0.2,3.2049,train
5494,5.107710,nan,0.00009945,layer_9,0.2,3.2049,train
5495,5.670495,nan,0.00009945,layer_9,0.2,3.2049,train
5496,5.810076,nan,0.00009945,layer_9,0.2,3.2049,train
5497,5.266275,nan,0.00009945,layer_9,0.2,3.2049,train
5498,4.509137,nan,0.00009945,layer_9,0.2,3.2049,train
5499,5.472651,nan,0.00009945,layer_9,0.2,3.2049,train
5500,5.125219,nan,0.00009945,layer_9,0.2,3.2049,train
5500,5.434945,5.432135,0.00009945,layer_10,14.9,3.2049,eval
5501,5.584220,nan,0.00009945,layer_10,0.2,3.2049,train
5502,5.232968,nan,0.00009945,layer_10,0.2,3.2049,train
5503,5.065799,nan,0.00009945,layer_10,0.2,3.2049,train
5504,5.669967,nan,0.00009945,layer_10,0.2,3.2049,train
5505,5.831133,nan,0.00009945,layer_10,0.2,3.2049,train
5506,5.182873,nan,0.00009945,layer_10,0.2,3.2049,train
5507,5.548813,nan,0.00009945,layer_10,0.2,3.2049,train
5508,5.460237,nan,0.00009945,layer_10,0.2,3.2049,train
5509,5.882054,nan,0.00009945,layer_10,0.2,3.2049,train
5510,5.481041,nan,0.00009945,layer_10,0.2,3.2049,train
5511,5.451464,nan,0.00009945,layer_11,0.2,3.2049,train
5512,5.406124,nan,0.00009945,layer_11,0.2,3.2049,train
5513,5.347697,nan,0.00009945,layer_11,0.2,3.2049,train
5514,5.290023,nan,0.00009945,layer_11,0.2,3.2049,train
5515,6.394404,nan,0.00009945,layer_11,0.2,3.2049,train
5516,6.063898,nan,0.00009945,layer_11,0.2,3.2049,train
5517,3.997465,nan,0.00009945,layer_11,0.2,3.2049,train
5518,5.157168,nan,0.00009945,layer_11,0.2,3.2049,train
5519,5.008839,nan,0.00009945,layer_11,0.2,3.2049,train
5520,4.809803,nan,0.00009945,layer_11,0.2,3.2049,train
5521,6.469593,nan,0.00009945,layer_0,0.2,3.2049,train
5522,5.639555,nan,0.00009945,layer_0,0.2,3.2049,train
5523,4.840431,nan,0.00009945,layer_0,0.2,3.2049,train
5524,5.451172,nan,0.00009945,layer_0,0.2,3.2049,train
5525,5.622269,nan,0.00009945,layer_0,0.2,3.2049,train
5526,5.517952,nan,0.00009945,layer_0,0.2,3.2049,train
5527,5.499160,nan,0.00009945,layer_0,0.2,3.2049,train
5528,5.935913,nan,0.00009945,layer_0,0.2,3.2049,train
5529,5.348068,nan,0.00009945,layer_0,0.2,3.2049,train
5530,5.487164,nan,0.00009945,layer_0,0.2,3.2049,train
5531,5.113893,nan,0.00009945,layer_1,0.2,3.2049,train
5532,6.071789,nan,0.00009945,layer_1,0.2,3.2049,train
5533,5.146359,nan,0.00009944,layer_1,0.2,3.2049,train
5534,5.661910,nan,0.00009944,layer_1,0.2,3.2049,train
5535,5.657036,nan,0.00009944,layer_1,0.2,3.2049,train
5536,5.087762,nan,0.00009944,layer_1,0.2,3.2049,train
5537,5.318615,nan,0.00009944,layer_1,0.2,3.2049,train
5538,5.214015,nan,0.00009944,layer_1,0.2,3.2049,train
5539,5.106119,nan,0.00009944,layer_1,0.2,3.2049,train
5540,4.723981,nan,0.00009944,layer_1,0.2,3.2049,train
5541,5.718199,nan,0.00009944,layer_2,0.2,3.2049,train
5542,6.198326,nan,0.00009944,layer_2,0.2,3.2049,train
5543,5.485575,nan,0.00009944,layer_2,0.2,3.2049,train
5544,4.926608,nan,0.00009944,layer_2,0.2,3.2049,train
5545,5.396089,nan,0.00009944,layer_2,0.2,3.2049,train
5546,5.548750,nan,0.00009944,layer_2,0.2,3.2049,train
5547,5.587969,nan,0.00009944,layer_2,0.2,3.2049,train
5548,6.776300,nan,0.00009944,layer_2,0.2,3.2049,train
5549,5.443506,nan,0.00009944,layer_2,0.2,3.2049,train
5550,6.162870,nan,0.00009944,layer_2,0.2,3.2049,train
5551,5.077362,nan,0.00009944,layer_3,0.2,3.2049,train
5552,4.773899,nan,0.00009944,layer_3,0.2,3.2049,train
5553,5.552007,nan,0.00009944,layer_3,0.2,3.2049,train
5554,5.398260,nan,0.00009944,layer_3,0.2,3.2049,train
5555,5.628032,nan,0.00009944,layer_3,0.2,3.2049,train
5556,4.968090,nan,0.00009944,layer_3,0.2,3.2049,train
5557,5.190445,nan,0.00009944,layer_3,0.2,3.2049,train
5558,5.346521,nan,0.00009944,layer_3,0.2,3.2049,train
5559,5.612631,nan,0.00009944,layer_3,0.2,3.2049,train
5560,6.650497,nan,0.00009944,layer_3,0.2,3.2049,train
5561,5.985889,nan,0.00009944,layer_4,0.2,3.2049,train
5562,5.831001,nan,0.00009944,layer_4,0.2,3.2049,train
5563,5.542323,nan,0.00009944,layer_4,0.2,3.2049,train
5564,5.638973,nan,0.00009944,layer_4,0.2,3.2049,train
5565,5.473670,nan,0.00009944,layer_4,0.2,3.2049,train
5566,5.272816,nan,0.00009944,layer_4,0.2,3.2049,train
5567,5.798377,nan,0.00009944,layer_4,0.2,3.2049,train
5568,5.469646,nan,0.00009944,layer_4,0.2,3.2049,train
5569,4.741665,nan,0.00009944,layer_4,0.2,3.2049,train
5570,5.244771,nan,0.00009944,layer_4,0.2,3.2049,train
5571,5.631331,nan,0.00009944,layer_5,0.2,3.2049,train
5572,5.410266,nan,0.00009944,layer_5,0.2,3.2049,train
5573,5.601438,nan,0.00009944,layer_5,0.2,3.2049,train
5574,6.275173,nan,0.00009943,layer_5,0.2,3.2049,train
5575,5.952745,nan,0.00009943,layer_5,0.2,3.2049,train
5576,5.832463,nan,0.00009943,layer_5,0.2,3.2049,train
5577,5.098673,nan,0.00009943,layer_5,0.2,3.2049,train
5578,4.849326,nan,0.00009943,layer_5,0.2,3.2049,train
5579,5.189353,nan,0.00009943,layer_5,0.2,3.2049,train
5580,5.168725,nan,0.00009943,layer_5,0.2,3.2049,train
5581,5.470122,nan,0.00009943,layer_6,0.2,3.2049,train
5582,5.494736,nan,0.00009943,layer_6,0.2,3.2049,train
5583,5.000205,nan,0.00009943,layer_6,0.2,3.2049,train
5584,5.640482,nan,0.00009943,layer_6,0.2,3.2049,train
5585,5.501463,nan,0.00009943,layer_6,0.2,3.2049,train
5586,5.200093,nan,0.00009943,layer_6,0.2,3.2049,train
5587,5.671702,nan,0.00009943,layer_6,0.2,3.2049,train
5588,6.060877,nan,0.00009943,layer_6,0.2,3.2049,train
5589,5.181227,nan,0.00009943,layer_6,0.2,3.2049,train
5590,6.007748,nan,0.00009943,layer_6,0.2,3.2049,train
5591,5.844679,nan,0.00009943,layer_7,0.2,3.2049,train
5592,5.215223,nan,0.00009943,layer_7,0.2,3.2049,train
5593,5.488204,nan,0.00009943,layer_7,0.2,3.2049,train
5594,4.974628,nan,0.00009943,layer_7,0.2,3.2049,train
5595,5.537156,nan,0.00009943,layer_7,0.2,3.2049,train
5596,5.121849,nan,0.00009943,layer_7,0.2,3.2049,train
5597,5.079776,nan,0.00009943,layer_7,0.2,3.2049,train
5598,4.875209,nan,0.00009943,layer_7,0.2,3.2049,train
5599,5.137693,nan,0.00009943,layer_7,0.2,3.2049,train
5600,5.088163,nan,0.00009943,layer_7,0.2,3.2049,train
5601,5.820946,nan,0.00009943,layer_8,0.2,3.2049,train
5602,4.953950,nan,0.00009943,layer_8,0.2,3.2049,train
5603,5.647783,nan,0.00009943,layer_8,0.2,3.2049,train
5604,5.085416,nan,0.00009943,layer_8,0.2,3.2049,train
5605,5.165501,nan,0.00009943,layer_8,0.2,3.2049,train
5606,5.589342,nan,0.00009943,layer_8,0.2,3.2049,train
5607,5.285007,nan,0.00009943,layer_8,0.2,3.2049,train
5608,6.734967,nan,0.00009943,layer_8,0.2,3.2049,train
5609,5.497816,nan,0.00009943,layer_8,0.2,3.2049,train
5610,5.250169,nan,0.00009943,layer_8,0.2,3.2049,train
5611,5.664281,nan,0.00009943,layer_9,0.2,3.2049,train
5612,5.835657,nan,0.00009943,layer_9,0.2,3.2049,train
5613,5.672527,nan,0.00009943,layer_9,0.2,3.2049,train
5614,5.434272,nan,0.00009942,layer_9,0.2,3.2049,train
5615,5.393996,nan,0.00009942,layer_9,0.2,3.2049,train
5616,5.444456,nan,0.00009942,layer_9,0.2,3.2049,train
5617,5.230114,nan,0.00009942,layer_9,0.2,3.2049,train
5618,5.338840,nan,0.00009942,layer_9,0.2,3.2049,train
5619,5.057613,nan,0.00009942,layer_9,0.2,3.2049,train
5620,5.460615,nan,0.00009942,layer_9,0.2,3.2049,train
5621,4.930484,nan,0.00009942,layer_10,0.2,3.2049,train
5622,5.505918,nan,0.00009942,layer_10,0.2,3.2049,train
5623,5.509966,nan,0.00009942,layer_10,0.2,3.2049,train
5624,5.437781,nan,0.00009942,layer_10,0.2,3.2049,train
5625,5.251095,nan,0.00009942,layer_10,0.2,3.2049,train
5626,5.772556,nan,0.00009942,layer_10,0.2,3.2049,train
5627,5.625981,nan,0.00009942,layer_10,0.2,3.2049,train
5628,5.104863,nan,0.00009942,layer_10,0.2,3.2049,train
5629,5.828390,nan,0.00009942,layer_10,0.2,3.2049,train
5630,4.948291,nan,0.00009942,layer_10,0.2,3.2049,train
5631,5.864645,nan,0.00009942,layer_11,0.2,3.2049,train
5632,6.133048,nan,0.00009942,layer_11,0.2,3.2049,train
5633,5.115008,nan,0.00009942,layer_11,0.2,3.2049,train
5634,5.066471,nan,0.00009942,layer_11,0.2,3.2049,train
5635,5.962330,nan,0.00009942,layer_11,0.2,3.2049,train
5636,5.274728,nan,0.00009942,layer_11,0.2,3.2049,train
5637,5.114869,nan,0.00009942,layer_11,0.2,3.2049,train
5638,5.118487,nan,0.00009942,layer_11,0.2,3.2049,train
5639,3.671845,nan,0.00009942,layer_11,0.2,3.2049,train
5640,5.409549,nan,0.00009942,layer_11,0.2,3.2049,train
5641,5.497320,nan,0.00009942,layer_0,0.2,3.2049,train
5642,6.049309,nan,0.00009942,layer_0,0.2,3.2049,train
5643,5.047307,nan,0.00009942,layer_0,0.2,3.2049,train
5644,5.704688,nan,0.00009942,layer_0,0.2,3.2049,train
5645,4.863941,nan,0.00009942,layer_0,0.2,3.2049,train
5646,6.506042,nan,0.00009942,layer_0,0.2,3.2049,train
5647,5.274314,nan,0.00009942,layer_0,0.2,3.2049,train
5648,5.143763,nan,0.00009942,layer_0,0.2,3.2049,train
5649,5.532589,nan,0.00009942,layer_0,0.2,3.2049,train
5650,5.338274,nan,0.00009942,layer_0,0.2,3.2049,train
5651,5.424829,nan,0.00009942,layer_1,0.2,3.2049,train
5652,5.470540,nan,0.00009942,layer_1,0.2,3.2049,train
5653,5.879794,nan,0.00009942,layer_1,0.2,3.2049,train
5654,5.311673,nan,0.00009941,layer_1,0.2,3.2049,train
5655,4.863505,nan,0.00009941,layer_1,0.2,3.2049,train
5656,5.358631,nan,0.00009941,layer_1,0.2,3.2049,train
5657,5.497523,nan,0.00009941,layer_1,0.2,3.2049,train
5658,5.501043,nan,0.00009941,layer_1,0.2,3.2049,train
5659,5.438514,nan,0.00009941,layer_1,0.2,3.2049,train
5660,4.783459,nan,0.00009941,layer_1,0.2,3.2049,train
5661,5.721566,nan,0.00009941,layer_2,0.2,3.2049,train
5662,5.175168,nan,0.00009941,layer_2,0.2,3.2049,train
5663,5.717614,nan,0.00009941,layer_2,0.2,3.2049,train
5664,5.652642,nan,0.00009941,layer_2,0.2,3.2049,train
5665,5.090445,nan,0.00009941,layer_2,0.2,3.2049,train
5666,5.921648,nan,0.00009941,layer_2,0.2,3.2049,train
5667,6.275270,nan,0.00009941,layer_2,0.2,3.2049,train
5668,5.476933,nan,0.00009941,layer_2,0.2,3.2049,train
5669,4.670188,nan,0.00009941,layer_2,0.2,3.2049,train
5670,5.374458,nan,0.00009941,layer_2,0.2,3.2049,train
5671,5.767264,nan,0.00009941,layer_3,0.2,3.2049,train
5672,5.310706,nan,0.00009941,layer_3,0.2,3.2049,train
5673,4.954033,nan,0.00009941,layer_3,0.2,3.2049,train
5674,5.323314,nan,0.00009941,layer_3,0.2,3.2049,train
5675,5.627530,nan,0.00009941,layer_3,0.2,3.2049,train
5676,4.900110,nan,0.00009941,layer_3,0.2,3.2049,train
5677,5.107924,nan,0.00009941,layer_3,0.2,3.2049,train
5678,5.189293,nan,0.00009941,layer_3,0.2,3.2049,train
5679,6.062677,nan,0.00009941,layer_3,0.2,3.2049,train
5680,5.082307,nan,0.00009941,layer_3,0.2,3.2049,train
5681,5.091505,nan,0.00009941,layer_4,0.2,3.2049,train
5682,5.371150,nan,0.00009941,layer_4,0.2,3.2049,train
5683,5.672123,nan,0.00009941,layer_4,0.2,3.2049,train
5684,4.936084,nan,0.00009941,layer_4,0.2,3.2049,train
5685,5.395396,nan,0.00009941,layer_4,0.2,3.2049,train
5686,5.395605,nan,0.00009941,layer_4,0.2,3.2049,train
5687,5.346664,nan,0.00009941,layer_4,0.2,3.2049,train
5688,5.141783,nan,0.00009941,layer_4,0.2,3.2049,train
5689,5.326513,nan,0.00009941,layer_4,0.2,3.2049,train
5690,5.035285,nan,0.00009941,layer_4,0.2,3.2049,train
5691,4.921132,nan,0.00009941,layer_5,0.2,3.2049,train
5692,5.589985,nan,0.00009941,layer_5,0.2,3.2049,train
5693,4.650249,nan,0.00009941,layer_5,0.2,3.2049,train
5694,5.604381,nan,0.00009940,layer_5,0.2,3.2049,train
5695,5.162773,nan,0.00009940,layer_5,0.2,3.2049,train
5696,5.329453,nan,0.00009940,layer_5,0.2,3.2049,train
5697,5.673783,nan,0.00009940,layer_5,0.2,3.2049,train
5698,5.171166,nan,0.00009940,layer_5,0.2,3.2049,train
5699,5.414691,nan,0.00009940,layer_5,0.2,3.2049,train
5700,6.022933,nan,0.00009940,layer_5,0.2,3.2049,train
5701,5.515627,nan,0.00009940,layer_6,0.2,3.2049,train
5702,5.566740,nan,0.00009940,layer_6,0.2,3.2049,train
5703,6.021221,nan,0.00009940,layer_6,0.2,3.2049,train
5704,5.426389,nan,0.00009940,layer_6,0.2,3.2049,train
5705,5.461710,nan,0.00009940,layer_6,0.2,3.2049,train
5706,5.113382,nan,0.00009940,layer_6,0.2,3.2049,train
5707,5.426151,nan,0.00009940,layer_6,0.2,3.2049,train
5708,5.765688,nan,0.00009940,layer_6,0.2,3.2049,train
5709,4.866805,nan,0.00009940,layer_6,0.2,3.2049,train
5710,5.361212,nan,0.00009940,layer_6,0.2,3.2049,train
5711,5.342178,nan,0.00009940,layer_7,0.2,3.2049,train
5712,5.897299,nan,0.00009940,layer_7,0.2,3.2049,train
5713,5.498475,nan,0.00009940,layer_7,0.2,3.2049,train
5714,4.614262,nan,0.00009940,layer_7,0.2,3.2049,train
5715,5.362978,nan,0.00009940,layer_7,0.2,3.2049,train
5716,5.524615,nan,0.00009940,layer_7,0.2,3.2049,train
5717,5.817555,nan,0.00009940,layer_7,0.2,3.2049,train
5718,5.173836,nan,0.00009940,layer_7,0.2,3.2049,train
5719,5.047997,nan,0.00009940,layer_7,0.2,3.2049,train
5720,5.424109,nan,0.00009940,layer_7,0.2,3.2049,train
5721,5.505491,nan,0.00009940,layer_8,0.2,3.2049,train
5722,5.591473,nan,0.00009940,layer_8,0.2,3.2049,train
5723,5.722661,nan,0.00009940,layer_8,0.2,3.2049,train
5724,5.848272,nan,0.00009940,layer_8,0.2,3.2049,train
5725,4.964204,nan,0.00009940,layer_8,0.2,3.2049,train
5726,5.360812,nan,0.00009940,layer_8,0.2,3.2049,train
5727,4.913330,nan,0.00009940,layer_8,0.2,3.2049,train
5728,5.616258,nan,0.00009940,layer_8,0.2,3.2049,train
5729,5.237999,nan,0.00009940,layer_8,0.2,3.2049,train
5730,5.338199,nan,0.00009940,layer_8,0.2,3.2049,train
5731,5.133876,nan,0.00009940,layer_9,0.2,3.2049,train
5732,5.727420,nan,0.00009940,layer_9,0.2,3.2049,train
5733,4.946137,nan,0.00009939,layer_9,0.2,3.2049,train
5734,5.290193,nan,0.00009939,layer_9,0.2,3.2049,train
5735,4.978244,nan,0.00009939,layer_9,0.2,3.2049,train
5736,6.241898,nan,0.00009939,layer_9,0.2,3.2049,train
5737,6.430836,nan,0.00009939,layer_9,0.2,3.2049,train
5738,5.222921,nan,0.00009939,layer_9,0.2,3.2049,train
5739,4.499290,nan,0.00009939,layer_9,0.2,3.2049,train
5740,5.419312,nan,0.00009939,layer_9,0.2,3.2049,train
5741,6.471846,nan,0.00009939,layer_10,0.2,3.2049,train
5742,5.574541,nan,0.00009939,layer_10,0.2,3.2049,train
5743,5.536986,nan,0.00009939,layer_10,0.2,3.2049,train
5744,5.624256,nan,0.00009939,layer_10,0.2,3.2049,train
5745,6.645417,nan,0.00009939,layer_10,0.2,3.2049,train
5746,5.024761,nan,0.00009939,layer_10,0.2,3.2049,train
5747,5.788464,nan,0.00009939,layer_10,0.2,3.2049,train
5748,4.984929,nan,0.00009939,layer_10,0.2,3.2049,train
5749,5.245705,nan,0.00009939,layer_10,0.2,3.2049,train
5750,5.513469,nan,0.00009939,layer_10,0.2,3.2049,train
5751,5.353734,nan,0.00009939,layer_11,0.2,3.2049,train
5752,5.927123,nan,0.00009939,layer_11,0.2,3.2049,train
5753,5.572626,nan,0.00009939,layer_11,0.2,3.2049,train
5754,6.938941,nan,0.00009939,layer_11,0.2,3.2049,train
5755,5.730755,nan,0.00009939,layer_11,0.2,3.2049,train
5756,5.505438,nan,0.00009939,layer_11,0.2,3.2049,train
5757,6.263262,nan,0.00009939,layer_11,0.2,3.2049,train
5758,4.968631,nan,0.00009939,layer_11,0.2,3.2049,train
5759,5.277786,nan,0.00009939,layer_11,0.2,3.2049,train
5760,5.340740,nan,0.00009939,layer_11,0.2,3.2049,train
5761,5.290018,nan,0.00009939,layer_0,0.2,3.2049,train
5762,4.984255,nan,0.00009939,layer_0,0.2,3.2049,train
5763,6.338322,nan,0.00009939,layer_0,0.2,3.2049,train
5764,5.211367,nan,0.00009939,layer_0,0.2,3.2049,train
5765,5.569982,nan,0.00009939,layer_0,0.2,3.2049,train
5766,5.620561,nan,0.00009939,layer_0,0.2,3.2049,train
5767,5.356415,nan,0.00009939,layer_0,0.2,3.2049,train
5768,4.403167,nan,0.00009939,layer_0,0.2,3.2049,train
5769,5.656483,nan,0.00009939,layer_0,0.2,3.2049,train
5770,5.006241,nan,0.00009939,layer_0,0.2,3.2049,train
5771,5.349180,nan,0.00009939,layer_1,0.2,3.2049,train
5772,5.559470,nan,0.00009938,layer_1,0.2,3.2049,train
5773,5.869407,nan,0.00009938,layer_1,0.2,3.2049,train
5774,5.234827,nan,0.00009938,layer_1,0.2,3.2049,train
5775,5.688061,nan,0.00009938,layer_1,0.2,3.2049,train
5776,5.215683,nan,0.00009938,layer_1,0.2,3.2049,train
5777,5.887419,nan,0.00009938,layer_1,0.2,3.2049,train
5778,5.039577,nan,0.00009938,layer_1,0.2,3.2049,train
5779,5.911995,nan,0.00009938,layer_1,0.2,3.2049,train
5780,5.384285,nan,0.00009938,layer_1,0.2,3.2049,train
5781,5.198954,nan,0.00009938,layer_2,0.2,3.2049,train
5782,5.257059,nan,0.00009938,layer_2,0.2,3.2049,train
5783,4.804784,nan,0.00009938,layer_2,0.2,3.2049,train
5784,5.102788,nan,0.00009938,layer_2,0.2,3.2049,train
5785,5.228661,nan,0.00009938,layer_2,0.2,3.2049,train
5786,5.465128,nan,0.00009938,layer_2,0.2,3.2049,train
5787,5.209059,nan,0.00009938,layer_2,0.2,3.2049,train
5788,5.499701,nan,0.00009938,layer_2,0.2,3.2049,train
5789,4.807388,nan,0.00009938,layer_2,0.2,3.2049,train
5790,4.985960,nan,0.00009938,layer_2,0.2,3.2049,train
5791,5.762655,nan,0.00009938,layer_3,0.2,3.2049,train
5792,5.493217,nan,0.00009938,layer_3,0.2,3.2049,train
5793,5.058527,nan,0.00009938,layer_3,0.2,3.2049,train
5794,4.821313,nan,0.00009938,layer_3,0.2,3.2049,train
5795,5.676688,nan,0.00009938,layer_3,0.2,3.2049,train
5796,6.035238,nan,0.00009938,layer_3,0.2,3.2049,train
5797,5.175819,nan,0.00009938,layer_3,0.2,3.2049,train
5798,5.557323,nan,0.00009938,layer_3,0.2,3.2049,train
5799,4.880097,nan,0.00009938,layer_3,0.2,3.2049,train
5800,5.926931,nan,0.00009938,layer_3,0.2,3.2049,train
5801,5.526546,nan,0.00009938,layer_4,0.2,3.2049,train
5802,5.132329,nan,0.00009938,layer_4,0.2,3.2049,train
5803,5.241836,nan,0.00009938,layer_4,0.2,3.2049,train
5804,5.914597,nan,0.00009938,layer_4,0.2,3.2049,train
5805,5.469702,nan,0.00009938,layer_4,0.2,3.2049,train
5806,6.084364,nan,0.00009938,layer_4,0.2,3.2049,train
5807,4.939897,nan,0.00009938,layer_4,0.2,3.2049,train
5808,4.971988,nan,0.00009938,layer_4,0.2,3.2049,train
5809,5.757532,nan,0.00009938,layer_4,0.2,3.2049,train
5810,5.627934,nan,0.00009938,layer_4,0.2,3.2049,train
5811,5.446269,nan,0.00009937,layer_5,0.2,3.2049,train
5812,5.408864,nan,0.00009937,layer_5,0.2,3.2049,train
5813,5.462680,nan,0.00009937,layer_5,0.2,3.2049,train
5814,5.458046,nan,0.00009937,layer_5,0.2,3.2049,train
5815,6.008759,nan,0.00009937,layer_5,0.2,3.2049,train
5816,5.394855,nan,0.00009937,layer_5,0.2,3.2049,train
5817,5.463755,nan,0.00009937,layer_5,0.2,3.2049,train
5818,5.003460,nan,0.00009937,layer_5,0.2,3.2049,train
5819,5.423068,nan,0.00009937,layer_5,0.2,3.2049,train
5820,5.101591,nan,0.00009937,layer_5,0.2,3.2049,train
5821,4.870888,nan,0.00009937,layer_6,0.2,3.2049,train
5822,4.823833,nan,0.00009937,layer_6,0.2,3.2049,train
5823,4.993347,nan,0.00009937,layer_6,0.2,3.2049,train
5824,5.370341,nan,0.00009937,layer_6,0.2,3.2049,train
5825,5.500116,nan,0.00009937,layer_6,0.2,3.2049,train
5826,5.193894,nan,0.00009937,layer_6,0.2,3.2049,train
5827,4.971610,nan,0.00009937,layer_6,0.2,3.2049,train
5828,5.453886,nan,0.00009937,layer_6,0.2,3.2049,train
5829,5.401623,nan,0.00009937,layer_6,0.2,3.2049,train
5830,5.620583,nan,0.00009937,layer_6,0.2,3.2049,train
5831,5.336714,nan,0.00009937,layer_7,0.2,3.2049,train
5832,5.578439,nan,0.00009937,layer_7,0.2,3.2049,train
5833,5.522701,nan,0.00009937,layer_7,0.2,3.2049,train
5834,5.145980,nan,0.00009937,layer_7,0.2,3.2049,train
5835,5.186125,nan,0.00009937,layer_7,0.2,3.2049,train
5836,5.047812,nan,0.00009937,layer_7,0.2,3.2049,train
5837,5.168725,nan,0.00009937,layer_7,0.2,3.2049,train
5838,5.228849,nan,0.00009937,layer_7,0.2,3.2049,train
5839,5.161280,nan,0.00009937,layer_7,0.2,3.2049,train
5840,5.696275,nan,0.00009937,layer_7,0.2,3.2049,train
5841,5.329515,nan,0.00009937,layer_8,0.2,3.2049,train
5842,5.654346,nan,0.00009937,layer_8,0.2,3.2049,train
5843,6.165915,nan,0.00009937,layer_8,0.2,3.2049,train
5844,5.437579,nan,0.00009937,layer_8,0.2,3.2049,train
5845,5.753366,nan,0.00009937,layer_8,0.2,3.2049,train
5846,5.071799,nan,0.00009937,layer_8,0.2,3.2049,train
5847,5.616424,nan,0.00009937,layer_8,0.2,3.2049,train
5848,5.455115,nan,0.00009937,layer_8,0.2,3.2049,train
5849,5.995857,nan,0.00009936,layer_8,0.2,3.2049,train
5850,5.841668,nan,0.00009936,layer_8,0.2,3.2049,train
5851,5.045527,nan,0.00009936,layer_9,0.2,3.2049,train
5852,5.358927,nan,0.00009936,layer_9,0.2,3.2049,train
5853,4.907081,nan,0.00009936,layer_9,0.2,3.2049,train
5854,5.508574,nan,0.00009936,layer_9,0.2,3.2049,train
5855,5.430521,nan,0.00009936,layer_9,0.2,3.2049,train
5856,6.610968,nan,0.00009936,layer_9,0.2,3.2049,train
5857,4.991956,nan,0.00009936,layer_9,0.2,3.2049,train
5858,5.411000,nan,0.00009936,layer_9,0.2,3.2049,train
5859,4.726430,nan,0.00009936,layer_9,0.2,3.2049,train
5860,5.005548,nan,0.00009936,layer_9,0.2,3.2049,train
5861,5.259581,nan,0.00009936,layer_10,0.2,3.2049,train
5862,5.108021,nan,0.00009936,layer_10,0.2,3.2049,train
5863,5.214054,nan,0.00009936,layer_10,0.2,3.2049,train
5864,4.825523,nan,0.00009936,layer_10,0.2,3.2049,train
5865,6.214247,nan,0.00009936,layer_10,0.2,3.2049,train
5866,5.567775,nan,0.00009936,layer_10,0.2,3.2049,train
5867,5.347614,nan,0.00009936,layer_10,0.2,3.2049,train
5868,5.385896,nan,0.00009936,layer_10,0.2,3.2049,train
5869,4.761725,nan,0.00009936,layer_10,0.2,3.2049,train
5870,5.432182,nan,0.00009936,layer_10,0.2,3.2049,train
5871,5.607002,nan,0.00009936,layer_11,0.2,3.2049,train
5872,5.512627,nan,0.00009936,layer_11,0.2,3.2049,train
5873,6.012578,nan,0.00009936,layer_11,0.2,3.2049,train
5874,5.238829,nan,0.00009936,layer_11,0.2,3.2049,train
5875,5.123505,nan,0.00009936,layer_11,0.2,3.2049,train
5876,5.657247,nan,0.00009936,layer_11,0.2,3.2049,train
5877,5.691932,nan,0.00009936,layer_11,0.2,3.2049,train
5878,5.600968,nan,0.00009936,layer_11,0.2,3.2049,train
5879,5.255694,nan,0.00009936,layer_11,0.2,3.2049,train
5880,5.555402,nan,0.00009936,layer_11,0.2,3.2049,train
5881,5.436630,nan,0.00009936,layer_0,0.2,3.2049,train
5882,5.083776,nan,0.00009936,layer_0,0.2,3.2049,train
5883,5.033307,nan,0.00009936,layer_0,0.2,3.2049,train
5884,5.196142,nan,0.00009936,layer_0,0.2,3.2049,train
5885,5.731795,nan,0.00009936,layer_0,0.2,3.2049,train
5886,5.219999,nan,0.00009936,layer_0,0.2,3.2049,train
5887,5.849197,nan,0.00009936,layer_0,0.2,3.2049,train
5888,5.098030,nan,0.00009935,layer_0,0.2,3.2049,train
5889,5.184003,nan,0.00009935,layer_0,0.2,3.2049,train
5890,5.433140,nan,0.00009935,layer_0,0.2,3.2049,train
5891,5.152792,nan,0.00009935,layer_1,0.2,3.2049,train
5892,5.195506,nan,0.00009935,layer_1,0.2,3.2049,train
5893,6.209480,nan,0.00009935,layer_1,0.2,3.2049,train
5894,5.433006,nan,0.00009935,layer_1,0.2,3.2049,train
5895,5.427154,nan,0.00009935,layer_1,0.2,3.2049,train
5896,5.299187,nan,0.00009935,layer_1,0.2,3.2049,train
5897,5.354933,nan,0.00009935,layer_1,0.2,3.2049,train
5898,5.282056,nan,0.00009935,layer_1,0.2,3.2049,train
5899,5.151367,nan,0.00009935,layer_1,0.2,3.2049,train
5900,4.996118,nan,0.00009935,layer_1,0.2,3.2049,train
5901,5.388525,nan,0.00009935,layer_2,0.2,3.2049,train
5902,5.368226,nan,0.00009935,layer_2,0.2,3.2049,train
5903,5.415299,nan,0.00009935,layer_2,0.2,3.2049,train
5904,5.285598,nan,0.00009935,layer_2,0.2,3.2049,train
5905,5.740999,nan,0.00009935,layer_2,0.2,3.2049,train
5906,5.415767,nan,0.00009935,layer_2,0.2,3.2049,train
5907,4.959681,nan,0.00009935,layer_2,0.2,3.2049,train
5908,5.957286,nan,0.00009935,layer_2,0.2,3.2049,train
5909,5.614198,nan,0.00009935,layer_2,0.2,3.2049,train
5910,5.337999,nan,0.00009935,layer_2,0.2,3.2049,train
5911,5.583324,nan,0.00009935,layer_3,0.2,3.2049,train
5912,4.893465,nan,0.00009935,layer_3,0.2,3.2049,train
5913,5.346536,nan,0.00009935,layer_3,0.2,3.2049,train
5914,4.769784,nan,0.00009935,layer_3,0.2,3.2049,train
5915,5.378909,nan,0.00009935,layer_3,0.2,3.2049,train
5916,5.605807,nan,0.00009935,layer_3,0.2,3.2049,train
5917,5.034728,nan,0.00009935,layer_3,0.2,3.2049,train
5918,5.166267,nan,0.00009935,layer_3,0.2,3.2049,train
5919,5.873993,nan,0.00009935,layer_3,0.2,3.2049,train
5920,5.001440,nan,0.00009935,layer_3,0.2,3.2049,train
5921,5.531000,nan,0.00009935,layer_4,0.2,3.2049,train
5922,5.571445,nan,0.00009935,layer_4,0.2,3.2049,train
5923,4.840709,nan,0.00009935,layer_4,0.2,3.2049,train
5924,5.541323,nan,0.00009935,layer_4,0.2,3.2049,train
5925,4.937366,nan,0.00009934,layer_4,0.2,3.2049,train
5926,5.115963,nan,0.00009934,layer_4,0.2,3.2049,train
5927,5.486816,nan,0.00009934,layer_4,0.2,3.2049,train
5928,5.649458,nan,0.00009934,layer_4,0.2,3.2049,train
5929,5.399669,nan,0.00009934,layer_4,0.2,3.2049,train
5930,4.818536,nan,0.00009934,layer_4,0.2,3.2049,train
5931,6.106811,nan,0.00009934,layer_5,0.2,3.2049,train
5932,5.656492,nan,0.00009934,layer_5,0.2,3.2049,train
5933,5.554060,nan,0.00009934,layer_5,0.2,3.2049,train
5934,4.808643,nan,0.00009934,layer_5,0.2,3.2049,train
5935,5.669567,nan,0.00009934,layer_5,0.2,3.2049,train
5936,5.773377,nan,0.00009934,layer_5,0.2,3.2049,train
5937,5.136607,nan,0.00009934,layer_5,0.2,3.2049,train
5938,5.724796,nan,0.00009934,layer_5,0.2,3.2049,train
5939,5.504040,nan,0.00009934,layer_5,0.2,3.2049,train
5940,5.882404,nan,0.00009934,layer_5,0.2,3.2049,train
5941,5.579411,nan,0.00009934,layer_6,0.2,3.2049,train
5942,5.306946,nan,0.00009934,layer_6,0.2,3.2049,train
5943,5.642192,nan,0.00009934,layer_6,0.2,3.2049,train
5944,5.395794,nan,0.00009934,layer_6,0.2,3.2049,train
5945,5.800986,nan,0.00009934,layer_6,0.2,3.2049,train
5946,5.062739,nan,0.00009934,layer_6,0.2,3.2049,train
5947,5.254749,nan,0.00009934,layer_6,0.2,3.2049,train
5948,4.917394,nan,0.00009934,layer_6,0.2,3.2049,train
5949,5.015594,nan,0.00009934,layer_6,0.2,3.2049,train
5950,6.034474,nan,0.00009934,layer_6,0.2,3.2049,train
5951,5.171296,nan,0.00009934,layer_7,0.2,3.2049,train
5952,5.283605,nan,0.00009934,layer_7,0.2,3.2049,train
5953,4.930519,nan,0.00009934,layer_7,0.2,3.2049,train
5954,5.578604,nan,0.00009934,layer_7,0.2,3.2049,train
5955,5.411036,nan,0.00009934,layer_7,0.2,3.2049,train
5956,5.315280,nan,0.00009934,layer_7,0.2,3.2049,train
5957,4.654676,nan,0.00009934,layer_7,0.2,3.2049,train
5958,5.396013,nan,0.00009934,layer_7,0.2,3.2049,train
5959,5.154829,nan,0.00009934,layer_7,0.2,3.2049,train
5960,5.684771,nan,0.00009934,layer_7,0.2,3.2049,train
5961,5.480249,nan,0.00009934,layer_8,0.2,3.2049,train
5962,5.413670,nan,0.00009934,layer_8,0.2,3.2049,train
5963,5.491028,nan,0.00009933,layer_8,0.2,3.2049,train
5964,4.890775,nan,0.00009933,layer_8,0.2,3.2049,train
5965,4.609353,nan,0.00009933,layer_8,0.2,3.2049,train
5966,4.999947,nan,0.00009933,layer_8,0.2,3.2049,train
5967,5.605221,nan,0.00009933,layer_8,0.2,3.2049,train
5968,5.033221,nan,0.00009933,layer_8,0.2,3.2049,train
5969,5.152642,nan,0.00009933,layer_8,0.2,3.2049,train
5970,5.606646,nan,0.00009933,layer_8,0.2,3.2049,train
5971,5.005416,nan,0.00009933,layer_9,0.2,3.2049,train
5972,5.557665,nan,0.00009933,layer_9,0.2,3.2049,train
5973,5.200665,nan,0.00009933,layer_9,0.2,3.2049,train
5974,5.236900,nan,0.00009933,layer_9,0.2,3.2049,train
5975,5.673174,nan,0.00009933,layer_9,0.2,3.2049,train
5976,5.965829,nan,0.00009933,layer_9,0.2,3.2049,train
5977,4.958087,nan,0.00009933,layer_9,0.2,3.2049,train
5978,5.944668,nan,0.00009933,layer_9,0.2,3.2049,train
5979,5.466063,nan,0.00009933,layer_9,0.2,3.2049,train
5980,5.059654,nan,0.00009933,layer_9,0.2,3.2049,train
5981,5.288700,nan,0.00009933,layer_10,0.2,3.2049,train
5982,5.885105,nan,0.00009933,layer_10,0.2,3.2049,train
5983,5.477141,nan,0.00009933,layer_10,0.2,3.2049,train
5984,5.678353,nan,0.00009933,layer_10,0.2,3.2049,train
5985,5.309760,nan,0.00009933,layer_10,0.2,3.2049,train
5986,5.055570,nan,0.00009933,layer_10,0.2,3.2049,train
5987,5.729152,nan,0.00009933,layer_10,0.2,3.2049,train
5988,5.631989,nan,0.00009933,layer_10,0.2,3.2049,train
5989,5.116488,nan,0.00009933,layer_10,0.2,3.2049,train
5990,4.854722,nan,0.00009933,layer_10,0.2,3.2049,train
5991,4.868815,nan,0.00009933,layer_11,0.2,3.2049,train
5992,5.254155,nan,0.00009933,layer_11,0.2,3.2049,train
5993,5.548142,nan,0.00009933,layer_11,0.2,3.2049,train
5994,5.560740,nan,0.00009933,layer_11,0.2,3.2049,train
5995,5.386955,nan,0.00009933,layer_11,0.2,3.2049,train
5996,5.469802,nan,0.00009933,layer_11,0.2,3.2049,train
5997,6.103641,nan,0.00009933,layer_11,0.2,3.2049,train
5998,4.679021,nan,0.00009933,layer_11,0.2,3.2049,train
5999,5.338597,nan,0.00009933,layer_11,0.2,3.2049,train
6000,5.857557,nan,0.00009932,layer_11,0.2,3.2049,train
6000,5.346248,5.346509,0.00009932,layer_0,14.9,3.2049,eval
6001,5.403272,nan,0.00009932,layer_0,0.2,3.2049,train
6002,5.440517,nan,0.00009932,layer_0,0.2,3.2049,train
6003,5.697087,nan,0.00009932,layer_0,0.2,3.2049,train
6004,5.480681,nan,0.00009932,layer_0,0.2,3.2049,train
6005,5.213326,nan,0.00009932,layer_0,0.2,3.2049,train
6006,5.339160,nan,0.00009932,layer_0,0.2,3.2049,train
6007,4.958198,nan,0.00009932,layer_0,0.2,3.2049,train
6008,5.491555,nan,0.00009932,layer_0,0.2,3.2049,train
6009,4.994254,nan,0.00009932,layer_0,0.2,3.2049,train
6010,5.784145,nan,0.00009932,layer_0,0.2,3.2049,train
6011,5.349946,nan,0.00009932,layer_1,0.2,3.2049,train
6012,4.818809,nan,0.00009932,layer_1,0.2,3.2049,train
6013,5.589904,nan,0.00009932,layer_1,0.2,3.2049,train
6014,5.644073,nan,0.00009932,layer_1,0.2,3.2049,train
6015,6.929082,nan,0.00009932,layer_1,0.2,3.2049,train
6016,5.072719,nan,0.00009932,layer_1,0.2,3.2049,train
6017,5.131293,nan,0.00009932,layer_1,0.2,3.2049,train
6018,5.256848,nan,0.00009932,layer_1,0.2,3.2049,train
6019,5.997319,nan,0.00009932,layer_1,0.2,3.2049,train
6020,5.968956,nan,0.00009932,layer_1,0.2,3.2049,train
6021,5.768800,nan,0.00009932,layer_2,0.2,3.2049,train
6022,4.795492,nan,0.00009932,layer_2,0.2,3.2049,train
6023,5.273497,nan,0.00009932,layer_2,0.2,3.2049,train
6024,5.577915,nan,0.00009932,layer_2,0.2,3.2049,train
6025,4.753800,nan,0.00009932,layer_2,0.2,3.2049,train
6026,4.974196,nan,0.00009932,layer_2,0.2,3.2049,train
6027,5.780360,nan,0.00009932,layer_2,0.2,3.2049,train
6028,4.947258,nan,0.00009932,layer_2,0.2,3.2049,train
6029,5.664927,nan,0.00009932,layer_2,0.2,3.2049,train
6030,5.182456,nan,0.00009932,layer_2,0.2,3.2049,train
6031,5.345276,nan,0.00009932,layer_3,0.2,3.2049,train
6032,5.375384,nan,0.00009932,layer_3,0.2,3.2049,train
6033,4.819060,nan,0.00009932,layer_3,0.2,3.2049,train
6034,5.512384,nan,0.00009932,layer_3,0.2,3.2049,train
6035,5.121007,nan,0.00009932,layer_3,0.2,3.2049,train
6036,4.945111,nan,0.00009932,layer_3,0.2,3.2049,train
6037,5.008906,nan,0.00009931,layer_3,0.2,3.2049,train
6038,5.106839,nan,0.00009931,layer_3,0.2,3.2049,train
6039,5.610673,nan,0.00009931,layer_3,0.2,3.2049,train
6040,5.222911,nan,0.00009931,layer_3,0.2,3.2049,train
6041,5.654840,nan,0.00009931,layer_4,0.2,3.2049,train
6042,4.884302,nan,0.00009931,layer_4,0.2,3.2049,train
6043,5.136525,nan,0.00009931,layer_4,0.2,3.2049,train
6044,5.594274,nan,0.00009931,layer_4,0.2,3.2049,train
6045,5.601544,nan,0.00009931,layer_4,0.2,3.2049,train
6046,5.627363,nan,0.00009931,layer_4,0.2,3.2049,train
6047,5.720112,nan,0.00009931,layer_4,0.2,3.2049,train
6048,5.328686,nan,0.00009931,layer_4,0.2,3.2049,train
6049,5.521879,nan,0.00009931,layer_4,0.2,3.2049,train
6050,6.851132,nan,0.00009931,layer_4,0.2,3.2049,train
6051,5.210202,nan,0.00009931,layer_5,0.2,3.2049,train
6052,5.152522,nan,0.00009931,layer_5,0.2,3.2049,train
6053,5.124199,nan,0.00009931,layer_5,0.2,3.2049,train
6054,6.104207,nan,0.00009931,layer_5,0.2,3.2049,train
6055,5.855259,nan,0.00009931,layer_5,0.2,3.2049,train
6056,5.442125,nan,0.00009931,layer_5,0.2,3.2049,train
6057,5.324534,nan,0.00009931,layer_5,0.2,3.2049,train
6058,5.715934,nan,0.00009931,layer_5,0.2,3.2049,train
6059,5.031060,nan,0.00009931,layer_5,0.2,3.2049,train
6060,5.242663,nan,0.00009931,layer_5,0.2,3.2049,train
6061,6.140714,nan,0.00009931,layer_6,0.2,3.2049,train
6062,5.366813,nan,0.00009931,layer_6,0.2,3.2049,train
6063,5.159263,nan,0.00009931,layer_6,0.2,3.2049,train
6064,5.194006,nan,0.00009931,layer_6,0.2,3.2049,train
6065,5.849669,nan,0.00009931,layer_6,0.2,3.2049,train
6066,5.377214,nan,0.00009931,layer_6,0.2,3.2049,train
6067,5.452372,nan,0.00009931,layer_6,0.2,3.2049,train
6068,5.449708,nan,0.00009931,layer_6,0.2,3.2049,train
6069,4.868735,nan,0.00009931,layer_6,0.2,3.2049,train
6070,4.964432,nan,0.00009931,layer_6,0.2,3.2049,train
6071,4.022871,nan,0.00009931,layer_7,0.2,3.2049,train
6072,5.217925,nan,0.00009931,layer_7,0.2,3.2049,train
6073,5.354650,nan,0.00009931,layer_7,0.2,3.2049,train
6074,5.063488,nan,0.00009930,layer_7,0.2,3.2049,train
6075,5.786364,nan,0.00009930,layer_7,0.2,3.2049,train
6076,5.271358,nan,0.00009930,layer_7,0.2,3.2049,train
6077,5.453972,nan,0.00009930,layer_7,0.2,3.2049,train
6078,5.375164,nan,0.00009930,layer_7,0.2,3.2049,train
6079,5.487611,nan,0.00009930,layer_7,0.2,3.2049,train
6080,5.450956,nan,0.00009930,layer_7,0.2,3.2049,train
6081,5.236176,nan,0.00009930,layer_8,0.2,3.2049,train
6082,5.303285,nan,0.00009930,layer_8,0.2,3.2049,train
6083,5.653625,nan,0.00009930,layer_8,0.2,3.2049,train
6084,5.576639,nan,0.00009930,layer_8,0.2,3.2049,train
6085,5.335125,nan,0.00009930,layer_8,0.2,3.2049,train
6086,6.007587,nan,0.00009930,layer_8,0.2,3.2049,train
6087,5.442966,nan,0.00009930,layer_8,0.2,3.2049,train
6088,4.858200,nan,0.00009930,layer_8,0.2,3.2049,train
6089,4.824825,nan,0.00009930,layer_8,0.2,3.2049,train
6090,5.502735,nan,0.00009930,layer_8,0.2,3.2049,train
6091,5.778906,nan,0.00009930,layer_9,0.2,3.2049,train
6092,5.285585,nan,0.00009930,layer_9,0.2,3.2049,train
6093,5.218974,nan,0.00009930,layer_9,0.2,3.2049,train
6094,5.281700,nan,0.00009930,layer_9,0.2,3.2049,train
6095,5.294580,nan,0.00009930,layer_9,0.2,3.2049,train
6096,5.368073,nan,0.00009930,layer_9,0.2,3.2049,train
6097,5.514835,nan,0.00009930,layer_9,0.2,3.2049,train
6098,5.248949,nan,0.00009930,layer_9,0.2,3.2049,train
6099,5.011522,nan,0.00009930,layer_9,0.2,3.2049,train
6100,5.189725,nan,0.00009930,layer_9,0.2,3.2049,train
6101,5.301540,nan,0.00009930,layer_10,0.2,3.2049,train
6102,6.145077,nan,0.00009930,layer_10,0.2,3.2049,train
6103,5.554669,nan,0.00009930,layer_10,0.2,3.2049,train
6104,5.429792,nan,0.00009930,layer_10,0.2,3.2049,train
6105,5.484838,nan,0.00009930,layer_10,0.2,3.2049,train
6106,5.616679,nan,0.00009930,layer_10,0.2,3.2049,train
6107,5.360994,nan,0.00009930,layer_10,0.2,3.2049,train
6108,5.457398,nan,0.00009930,layer_10,0.2,3.2049,train
6109,5.362706,nan,0.00009930,layer_10,0.2,3.2049,train
6110,5.408498,nan,0.00009929,layer_10,0.2,3.2049,train
6111,4.531038,nan,0.00009929,layer_11,0.2,3.2049,train
6112,5.531522,nan,0.00009929,layer_11,0.2,3.2049,train
6113,5.130004,nan,0.00009929,layer_11,0.2,3.2049,train
6114,5.428916,nan,0.00009929,layer_11,0.2,3.2049,train
6115,4.421308,nan,0.00009929,layer_11,0.2,3.2049,train
6116,4.965113,nan,0.00009929,layer_11,0.2,3.2049,train
6117,4.894572,nan,0.00009929,layer_11,0.2,3.2049,train
6118,5.165825,nan,0.00009929,layer_11,0.2,3.2049,train
6119,5.476999,nan,0.00009929,layer_11,0.2,3.2049,train
6120,5.651756,nan,0.00009929,layer_11,0.2,3.2049,train
6121,5.436184,nan,0.00009929,layer_0,0.2,3.2049,train
6122,5.357086,nan,0.00009929,layer_0,0.2,3.2049,train
6123,5.439713,nan,0.00009929,layer_0,0.2,3.2049,train
6124,4.872630,nan,0.00009929,layer_0,0.2,3.2049,train
6125,5.280516,nan,0.00009929,layer_0,0.2,3.2049,train
6126,5.423402,nan,0.00009929,layer_0,0.2,3.2049,train
6127,4.464620,nan,0.00009929,layer_0,0.2,3.2049,train
6128,5.073828,nan,0.00009929,layer_0,0.2,3.2049,train
6129,5.984449,nan,0.00009929,layer_0,0.2,3.2049,train
6130,4.626233,nan,0.00009929,layer_0,0.2,3.2049,train
6131,5.395364,nan,0.00009929,layer_1,0.2,3.2049,train
6132,4.876741,nan,0.00009929,layer_1,0.2,3.2049,train
6133,5.089017,nan,0.00009929,layer_1,0.2,3.2049,train
6134,5.362373,nan,0.00009929,layer_1,0.2,3.2049,train
6135,5.909622,nan,0.00009929,layer_1,0.2,3.2049,train
6136,5.097945,nan,0.00009929,layer_1,0.2,3.2049,train
6137,4.906025,nan,0.00009929,layer_1,0.2,3.2049,train
6138,5.584701,nan,0.00009929,layer_1,0.2,3.2049,train
6139,4.988938,nan,0.00009929,layer_1,0.2,3.2049,train
6140,4.985594,nan,0.00009929,layer_1,0.2,3.2049,train
6141,5.175274,nan,0.00009929,layer_2,0.2,3.2049,train
6142,5.216223,nan,0.00009929,layer_2,0.2,3.2049,train
6143,4.934811,nan,0.00009929,layer_2,0.2,3.2049,train
6144,5.239516,nan,0.00009929,layer_2,0.2,3.2049,train
6145,4.930524,nan,0.00009929,layer_2,0.2,3.2049,train
6146,5.707629,nan,0.00009929,layer_2,0.2,3.2049,train
6147,4.623817,nan,0.00009928,layer_2,0.2,3.2049,train
6148,5.365657,nan,0.00009928,layer_2,0.2,3.2049,train
6149,4.916897,nan,0.00009928,layer_2,0.2,3.2049,train
6150,6.059821,nan,0.00009928,layer_2,0.2,3.2049,train
6151,5.202392,nan,0.00009928,layer_3,0.2,3.2049,train
6152,6.488612,nan,0.00009928,layer_3,0.2,3.2049,train
6153,5.821093,nan,0.00009928,layer_3,0.2,3.2049,train
6154,5.105186,nan,0.00009928,layer_3,0.2,3.2049,train
6155,5.975817,nan,0.00009928,layer_3,0.2,3.2049,train
6156,5.395446,nan,0.00009928,layer_3,0.2,3.2049,train
6157,5.066369,nan,0.00009928,layer_3,0.2,3.2049,train
6158,5.728201,nan,0.00009928,layer_3,0.2,3.2049,train
6159,5.930427,nan,0.00009928,layer_3,0.2,3.2049,train
6160,5.317199,nan,0.00009928,layer_3,0.2,3.2049,train
6161,4.961542,nan,0.00009928,layer_4,0.2,3.2049,train
6162,5.866166,nan,0.00009928,layer_4,0.2,3.2049,train
6163,5.041985,nan,0.00009928,layer_4,0.2,3.2049,train
6164,5.884140,nan,0.00009928,layer_4,0.2,3.2049,train
6165,5.145287,nan,0.00009928,layer_4,0.2,3.2049,train
6166,5.204104,nan,0.00009928,layer_4,0.2,3.2049,train
6167,5.904689,nan,0.00009928,layer_4,0.2,3.2049,train
6168,5.297905,nan,0.00009928,layer_4,0.2,3.2049,train
6169,5.330814,nan,0.00009928,layer_4,0.2,3.2049,train
6170,5.300992,nan,0.00009928,layer_4,0.2,3.2049,train
6171,5.239057,nan,0.00009928,layer_5,0.2,3.2049,train
6172,5.017319,nan,0.00009928,layer_5,0.2,3.2049,train
6173,5.352911,nan,0.00009928,layer_5,0.2,3.2049,train
6174,5.877709,nan,0.00009928,layer_5,0.2,3.2049,train
6175,5.849567,nan,0.00009928,layer_5,0.2,3.2049,train
6176,4.912403,nan,0.00009928,layer_5,0.2,3.2049,train
6177,5.607324,nan,0.00009928,layer_5,0.2,3.2049,train
6178,5.271469,nan,0.00009928,layer_5,0.2,3.2049,train
6179,5.684136,nan,0.00009928,layer_5,0.2,3.2049,train
6180,5.759794,nan,0.00009928,layer_5,0.2,3.2049,train
6181,5.079550,nan,0.00009928,layer_6,0.2,3.2049,train
6182,5.019187,nan,0.00009928,layer_6,0.2,3.2049,train
6183,5.376786,nan,0.00009927,layer_6,0.2,3.2049,train
6184,5.411388,nan,0.00009927,layer_6,0.2,3.2049,train
6185,5.224777,nan,0.00009927,layer_6,0.2,3.2049,train
6186,5.119471,nan,0.00009927,layer_6,0.2,3.2049,train
6187,5.132122,nan,0.00009927,layer_6,0.2,3.2049,train
6188,5.435152,nan,0.00009927,layer_6,0.2,3.2049,train
6189,5.565078,nan,0.00009927,layer_6,0.2,3.2049,train
6190,4.851708,nan,0.00009927,layer_6,0.2,3.2049,train
6191,5.172309,nan,0.00009927,layer_7,0.2,3.2049,train
6192,6.267536,nan,0.00009927,layer_7,0.2,3.2049,train
6193,5.472054,nan,0.00009927,layer_7,0.2,3.2049,train
6194,5.388840,nan,0.00009927,layer_7,0.2,3.2049,train
6195,5.381526,nan,0.00009927,layer_7,0.2,3.2049,train
6196,4.456484,nan,0.00009927,layer_7,0.2,3.2049,train
6197,5.109729,nan,0.00009927,layer_7,0.2,3.2049,train
6198,5.555463,nan,0.00009927,layer_7,0.2,3.2049,train
6199,4.818740,nan,0.00009927,layer_7,0.2,3.2049,train
6200,4.998551,nan,0.00009927,layer_7,0.2,3.2049,train
6201,5.467181,nan,0.00009927,layer_8,0.2,3.2049,train
6202,5.270418,nan,0.00009927,layer_8,0.2,3.2049,train
6203,5.206057,nan,0.00009927,layer_8,0.2,3.2049,train
6204,5.451675,nan,0.00009927,layer_8,0.2,3.2049,train
6205,5.439195,nan,0.00009927,layer_8,0.2,3.2049,train
6206,5.568153,nan,0.00009927,layer_8,0.2,3.2049,train
6207,5.070686,nan,0.00009927,layer_8,0.2,3.2049,train
6208,5.504951,nan,0.00009927,layer_8,0.2,3.2049,train
6209,5.200237,nan,0.00009927,layer_8,0.2,3.2049,train
6210,5.465087,nan,0.00009927,layer_8,0.2,3.2049,train
6211,5.525661,nan,0.00009927,layer_9,0.2,3.2049,train
6212,5.448372,nan,0.00009927,layer_9,0.2,3.2049,train
6213,5.230192,nan,0.00009927,layer_9,0.2,3.2049,train
6214,4.816483,nan,0.00009927,layer_9,0.2,3.2049,train
6215,5.232565,nan,0.00009927,layer_9,0.2,3.2049,train
6216,4.888561,nan,0.00009927,layer_9,0.2,3.2049,train
6217,4.991282,nan,0.00009927,layer_9,0.2,3.2049,train
6218,5.059465,nan,0.00009926,layer_9,0.2,3.2049,train
6219,5.198554,nan,0.00009926,layer_9,0.2,3.2049,train
6220,4.941518,nan,0.00009926,layer_9,0.2,3.2049,train
6221,5.125166,nan,0.00009926,layer_10,0.2,3.2049,train
6222,5.374640,nan,0.00009926,layer_10,0.2,3.2049,train
6223,4.851786,nan,0.00009926,layer_10,0.2,3.2049,train
6224,5.335582,nan,0.00009926,layer_10,0.2,3.2049,train
6225,5.667185,nan,0.00009926,layer_10,0.2,3.2049,train
6226,5.937138,nan,0.00009926,layer_10,0.2,3.2049,train
6227,4.959347,nan,0.00009926,layer_10,0.2,3.2049,train
6228,6.044039,nan,0.00009926,layer_10,0.2,3.2049,train
6229,4.800618,nan,0.00009926,layer_10,0.2,3.2049,train
6230,5.398026,nan,0.00009926,layer_10,0.2,3.2049,train
6231,4.953740,nan,0.00009926,layer_11,0.2,3.2049,train
6232,5.200924,nan,0.00009926,layer_11,0.2,3.2049,train
6233,5.259725,nan,0.00009926,layer_11,0.2,3.2049,train
6234,6.070430,nan,0.00009926,layer_11,0.2,3.2049,train
6235,5.062791,nan,0.00009926,layer_11,0.2,3.2049,train
6236,5.163832,nan,0.00009926,layer_11,0.2,3.2049,train
6237,5.646605,nan,0.00009926,layer_11,0.2,3.2049,train
6238,5.252258,nan,0.00009926,layer_11,0.2,3.2049,train
6239,5.213187,nan,0.00009926,layer_11,0.2,3.2049,train
6240,5.058875,nan,0.00009926,layer_11,0.2,3.2049,train
6241,5.599812,nan,0.00009926,layer_0,0.2,3.2049,train
6242,5.390235,nan,0.00009926,layer_0,0.2,3.2049,train
6243,5.151293,nan,0.00009926,layer_0,0.2,3.2049,train
6244,5.448363,nan,0.00009926,layer_0,0.2,3.2049,train
6245,5.151847,nan,0.00009926,layer_0,0.2,3.2049,train
6246,6.426915,nan,0.00009926,layer_0,0.2,3.2049,train
6247,5.304670,nan,0.00009926,layer_0,0.2,3.2049,train
6248,5.402575,nan,0.00009926,layer_0,0.2,3.2049,train
6249,5.186319,nan,0.00009926,layer_0,0.2,3.2049,train
6250,5.332433,nan,0.00009926,layer_0,0.2,3.2049,train
6251,4.641527,nan,0.00009926,layer_1,0.2,3.2049,train
6252,5.387753,nan,0.00009926,layer_1,0.2,3.2049,train
6253,5.416304,nan,0.00009926,layer_1,0.2,3.2049,train
6254,5.314170,nan,0.00009925,layer_1,0.2,3.2049,train
6255,5.538996,nan,0.00009925,layer_1,0.2,3.2049,train
6256,6.571572,nan,0.00009925,layer_1,0.2,3.2049,train
6257,5.380035,nan,0.00009925,layer_1,0.2,3.2049,train
6258,5.281311,nan,0.00009925,layer_1,0.2,3.2049,train
6259,5.476788,nan,0.00009925,layer_1,0.2,3.2049,train
6260,4.992311,nan,0.00009925,layer_1,0.2,3.2049,train
6261,4.858492,nan,0.00009925,layer_2,0.2,3.2049,train
6262,4.650595,nan,0.00009925,layer_2,0.2,3.2049,train
6263,5.649522,nan,0.00009925,layer_2,0.2,3.2049,train
6264,5.468832,nan,0.00009925,layer_2,0.2,3.2049,train
6265,5.452655,nan,0.00009925,layer_2,0.2,3.2049,train
6266,5.240988,nan,0.00009925,layer_2,0.2,3.2049,train
6267,5.622439,nan,0.00009925,layer_2,0.2,3.2049,train
6268,4.821724,nan,0.00009925,layer_2,0.2,3.2049,train
6269,5.537939,nan,0.00009925,layer_2,0.2,3.2049,train
6270,4.802495,nan,0.00009925,layer_2,0.2,3.2049,train
6271,4.385080,nan,0.00009925,layer_3,0.2,3.2049,train
6272,5.153292,nan,0.00009925,layer_3,0.2,3.2049,train
6273,5.680507,nan,0.00009925,layer_3,0.2,3.2049,train
6274,4.236311,nan,0.00009925,layer_3,0.2,3.2049,train
6275,5.119208,nan,0.00009925,layer_3,0.2,3.2049,train
6276,4.652908,nan,0.00009925,layer_3,0.2,3.2049,train
6277,5.161259,nan,0.00009925,layer_3,0.2,3.2049,train
6278,5.428588,nan,0.00009925,layer_3,0.2,3.2049,train
6279,4.940349,nan,0.00009925,layer_3,0.2,3.2049,train
6280,5.437738,nan,0.00009925,layer_3,0.2,3.2049,train
6281,5.090649,nan,0.00009925,layer_4,0.2,3.2049,train
6282,5.963865,nan,0.00009925,layer_4,0.2,3.2049,train
6283,5.415578,nan,0.00009925,layer_4,0.2,3.2049,train
6284,4.953059,nan,0.00009925,layer_4,0.2,3.2049,train
6285,5.441496,nan,0.00009925,layer_4,0.2,3.2049,train
6286,5.812880,nan,0.00009925,layer_4,0.2,3.2049,train
6287,5.192520,nan,0.00009925,layer_4,0.2,3.2049,train
6288,6.367452,nan,0.00009925,layer_4,0.2,3.2049,train
6289,5.126192,nan,0.00009924,layer_4,0.2,3.2049,train
6290,5.483187,nan,0.00009924,layer_4,0.2,3.2049,train
6291,4.956352,nan,0.00009924,layer_5,0.2,3.2049,train
6292,5.449514,nan,0.00009924,layer_5,0.2,3.2049,train
6293,4.951275,nan,0.00009924,layer_5,0.2,3.2049,train
6294,5.712141,nan,0.00009924,layer_5,0.2,3.2049,train
6295,5.656139,nan,0.00009924,layer_5,0.2,3.2049,train
6296,5.033129,nan,0.00009924,layer_5,0.2,3.2049,train
6297,4.760896,nan,0.00009924,layer_5,0.2,3.2049,train
6298,5.004972,nan,0.00009924,layer_5,0.2,3.2049,train
6299,5.421304,nan,0.00009924,layer_5,0.2,3.2049,train
6300,5.570096,nan,0.00009924,layer_5,0.2,3.2049,train
6301,5.386066,nan,0.00009924,layer_6,0.2,3.2049,train
6302,5.410233,nan,0.00009924,layer_6,0.2,3.2049,train
6303,5.695602,nan,0.00009924,layer_6,0.2,3.2049,train
6304,5.649913,nan,0.00009924,layer_6,0.2,3.2049,train
6305,4.848812,nan,0.00009924,layer_6,0.2,3.2049,train
6306,5.077803,nan,0.00009924,layer_6,0.2,3.2049,train
6307,5.872782,nan,0.00009924,layer_6,0.2,3.2049,train
6308,5.951782,nan,0.00009924,layer_6,0.2,3.2049,train
6309,5.447748,nan,0.00009924,layer_6,0.2,3.2049,train
6310,6.723165,nan,0.00009924,layer_6,0.2,3.2049,train
6311,5.601908,nan,0.00009924,layer_7,0.2,3.2049,train
6312,4.870925,nan,0.00009924,layer_7,0.2,3.2049,train
6313,5.472003,nan,0.00009924,layer_7,0.2,3.2049,train
6314,5.327032,nan,0.00009924,layer_7,0.2,3.2049,train
6315,5.358716,nan,0.00009924,layer_7,0.2,3.2049,train
6316,5.436609,nan,0.00009924,layer_7,0.2,3.2049,train
6317,5.283279,nan,0.00009924,layer_7,0.2,3.2049,train
6318,4.752821,nan,0.00009924,layer_7,0.2,3.2049,train
6319,5.776094,nan,0.00009924,layer_7,0.2,3.2049,train
6320,5.479042,nan,0.00009924,layer_7,0.2,3.2049,train
6321,5.595338,nan,0.00009924,layer_8,0.2,3.2049,train
6322,4.884682,nan,0.00009924,layer_8,0.2,3.2049,train
6323,5.903373,nan,0.00009924,layer_8,0.2,3.2049,train
6324,5.349410,nan,0.00009923,layer_8,0.2,3.2049,train
6325,5.071240,nan,0.00009923,layer_8,0.2,3.2049,train
6326,5.360695,nan,0.00009923,layer_8,0.2,3.2049,train
6327,4.955482,nan,0.00009923,layer_8,0.2,3.2049,train
6328,4.922787,nan,0.00009923,layer_8,0.2,3.2049,train
6329,4.505740,nan,0.00009923,layer_8,0.2,3.2049,train
6330,4.946350,nan,0.00009923,layer_8,0.2,3.2049,train
6331,5.067839,nan,0.00009923,layer_9,0.2,3.2049,train
6332,4.583941,nan,0.00009923,layer_9,0.2,3.2049,train
6333,5.859676,nan,0.00009923,layer_9,0.2,3.2049,train
6334,5.431965,nan,0.00009923,layer_9,0.2,3.2049,train
6335,5.339298,nan,0.00009923,layer_9,0.2,3.2049,train
6336,6.504011,nan,0.00009923,layer_9,0.2,3.2049,train
6337,5.685425,nan,0.00009923,layer_9,0.2,3.2049,train
6338,5.195912,nan,0.00009923,layer_9,0.2,3.2049,train
6339,4.736611,nan,0.00009923,layer_9,0.2,3.2049,train
6340,5.507376,nan,0.00009923,layer_9,0.2,3.2049,train
6341,4.831015,nan,0.00009923,layer_10,0.2,3.2049,train
6342,5.030431,nan,0.00009923,layer_10,0.2,3.2049,train
6343,5.008663,nan,0.00009923,layer_10,0.2,3.2049,train
6344,5.312531,nan,0.00009923,layer_10,0.2,3.2049,train
6345,4.851721,nan,0.00009923,layer_10,0.2,3.2049,train
6346,5.661595,nan,0.00009923,layer_10,0.2,3.2049,train
6347,4.500695,nan,0.00009923,layer_10,0.2,3.2049,train
6348,5.180130,nan,0.00009923,layer_10,0.2,3.2049,train
6349,5.593851,nan,0.00009923,layer_10,0.2,3.2049,train
6350,5.248997,nan,0.00009923,layer_10,0.2,3.2049,train
6351,5.144955,nan,0.00009923,layer_11,0.2,3.2049,train
6352,5.350827,nan,0.00009923,layer_11,0.2,3.2049,train
6353,5.579504,nan,0.00009923,layer_11,0.2,3.2049,train
6354,5.656171,nan,0.00009923,layer_11,0.2,3.2049,train
6355,4.937975,nan,0.00009923,layer_11,0.2,3.2049,train
6356,5.118076,nan,0.00009923,layer_11,0.2,3.2049,train
6357,5.624906,nan,0.00009923,layer_11,0.2,3.2049,train
6358,5.825594,nan,0.00009923,layer_11,0.2,3.2049,train
6359,5.466905,nan,0.00009922,layer_11,0.2,3.2049,train
6360,5.772008,nan,0.00009922,layer_11,0.2,3.2049,train
6361,5.053615,nan,0.00009922,layer_0,0.2,3.2049,train
6362,5.637666,nan,0.00009922,layer_0,0.2,3.2049,train
6363,5.984340,nan,0.00009922,layer_0,0.2,3.2049,train
6364,5.526262,nan,0.00009922,layer_0,0.2,3.2049,train
6365,4.811365,nan,0.00009922,layer_0,0.2,3.2049,train
6366,5.724029,nan,0.00009922,layer_0,0.2,3.2049,train
6367,5.322538,nan,0.00009922,layer_0,0.2,3.2049,train
6368,5.456825,nan,0.00009922,layer_0,0.2,3.2049,train
6369,5.287739,nan,0.00009922,layer_0,0.2,3.2049,train
6370,5.238728,nan,0.00009922,layer_0,0.2,3.2049,train
6371,5.525242,nan,0.00009922,layer_1,0.2,3.2049,train
6372,5.346900,nan,0.00009922,layer_1,0.2,3.2049,train
6373,5.170222,nan,0.00009922,layer_1,0.2,3.2049,train
6374,4.944063,nan,0.00009922,layer_1,0.2,3.2049,train
6375,5.299066,nan,0.00009922,layer_1,0.2,3.2049,train
6376,5.188035,nan,0.00009922,layer_1,0.2,3.2049,train
6377,5.546265,nan,0.00009922,layer_1,0.2,3.2049,train
6378,5.383702,nan,0.00009922,layer_1,0.2,3.2049,train
6379,5.556015,nan,0.00009922,layer_1,0.2,3.2049,train
6380,5.264998,nan,0.00009922,layer_1,0.2,3.2049,train
6381,4.554686,nan,0.00009922,layer_2,0.2,3.2049,train
6382,5.476313,nan,0.00009922,layer_2,0.2,3.2049,train
6383,5.739875,nan,0.00009922,layer_2,0.2,3.2049,train
6384,5.378782,nan,0.00009922,layer_2,0.2,3.2049,train
6385,5.429941,nan,0.00009922,layer_2,0.2,3.2049,train
6386,5.624317,nan,0.00009922,layer_2,0.2,3.2049,train
6387,4.618533,nan,0.00009922,layer_2,0.2,3.2049,train
6388,5.591770,nan,0.00009922,layer_2,0.2,3.2049,train
6389,5.326762,nan,0.00009922,layer_2,0.2,3.2049,train
6390,5.193109,nan,0.00009922,layer_2,0.2,3.2049,train
6391,5.221509,nan,0.00009922,layer_3,0.2,3.2049,train
6392,5.073437,nan,0.00009922,layer_3,0.2,3.2049,train
6393,6.896704,nan,0.00009921,layer_3,0.2,3.2049,train
6394,5.319210,nan,0.00009921,layer_3,0.2,3.2049,train
6395,5.342737,nan,0.00009921,layer_3,0.2,3.2049,train
6396,5.094981,nan,0.00009921,layer_3,0.2,3.2049,train
6397,5.832618,nan,0.00009921,layer_3,0.2,3.2049,train
6398,5.194650,nan,0.00009921,layer_3,0.2,3.2049,train
6399,5.692903,nan,0.00009921,layer_3,0.2,3.2049,train
6400,5.358249,nan,0.00009921,layer_3,0.2,3.2049,train
6401,5.322190,nan,0.00009921,layer_4,0.2,3.2049,train
6402,5.938992,nan,0.00009921,layer_4,0.2,3.2049,train
6403,5.642643,nan,0.00009921,layer_4,0.2,3.2049,train
6404,5.303672,nan,0.00009921,layer_4,0.2,3.2049,train
6405,4.909927,nan,0.00009921,layer_4,0.2,3.2049,train
6406,5.445621,nan,0.00009921,layer_4,0.2,3.2049,train
6407,5.100153,nan,0.00009921,layer_4,0.2,3.2049,train
6408,5.558623,nan,0.00009921,layer_4,0.2,3.2049,train
6409,5.442690,nan,0.00009921,layer_4,0.2,3.2049,train
6410,5.546297,nan,0.00009921,layer_4,0.2,3.2049,train
6411,5.437677,nan,0.00009921,layer_5,0.2,3.2049,train
6412,5.248827,nan,0.00009921,layer_5,0.2,3.2049,train
6413,5.545594,nan,0.00009921,layer_5,0.2,3.2049,train
6414,5.000684,nan,0.00009921,layer_5,0.2,3.2049,train
6415,5.585761,nan,0.00009921,layer_5,0.2,3.2049,train
6416,5.061615,nan,0.00009921,layer_5,0.2,3.2049,train
6417,4.425226,nan,0.00009921,layer_5,0.2,3.2049,train
6418,5.809193,nan,0.00009921,layer_5,0.2,3.2049,train
6419,5.320971,nan,0.00009921,layer_5,0.2,3.2049,train
6420,5.619452,nan,0.00009921,layer_5,0.2,3.2049,train
6421,4.692654,nan,0.00009921,layer_6,0.2,3.2049,train
6422,5.756719,nan,0.00009921,layer_6,0.2,3.2049,train
6423,5.413503,nan,0.00009921,layer_6,0.2,3.2049,train
6424,5.637179,nan,0.00009921,layer_6,0.2,3.2049,train
6425,5.389574,nan,0.00009921,layer_6,0.2,3.2049,train
6426,5.524552,nan,0.00009921,layer_6,0.2,3.2049,train
6427,5.258858,nan,0.00009921,layer_6,0.2,3.2049,train
6428,5.547259,nan,0.00009920,layer_6,0.2,3.2049,train
6429,5.518026,nan,0.00009920,layer_6,0.2,3.2049,train
6430,5.411601,nan,0.00009920,layer_6,0.2,3.2049,train
6431,5.385440,nan,0.00009920,layer_7,0.2,3.2049,train
6432,5.063053,nan,0.00009920,layer_7,0.2,3.2049,train
6433,5.428899,nan,0.00009920,layer_7,0.2,3.2049,train
6434,5.878967,nan,0.00009920,layer_7,0.2,3.2049,train
6435,6.050467,nan,0.00009920,layer_7,0.2,3.2049,train
6436,4.851041,nan,0.00009920,layer_7,0.2,3.2049,train
6437,5.234857,nan,0.00009920,layer_7,0.2,3.2049,train
6438,5.193812,nan,0.00009920,layer_7,0.2,3.2049,train
6439,5.261786,nan,0.00009920,layer_7,0.2,3.2049,train
6440,5.367948,nan,0.00009920,layer_7,0.2,3.2049,train
6441,5.047963,nan,0.00009920,layer_8,0.2,3.2049,train
6442,6.252670,nan,0.00009920,layer_8,0.2,3.2049,train
6443,5.307936,nan,0.00009920,layer_8,0.2,3.2049,train
6444,5.542624,nan,0.00009920,layer_8,0.2,3.2049,train
6445,6.003838,nan,0.00009920,layer_8,0.2,3.2049,train
6446,5.217834,nan,0.00009920,layer_8,0.2,3.2049,train
6447,5.361706,nan,0.00009920,layer_8,0.2,3.2049,train
6448,6.258329,nan,0.00009920,layer_8,0.2,3.2049,train
6449,4.902476,nan,0.00009920,layer_8,0.2,3.2049,train
6450,4.955269,nan,0.00009920,layer_8,0.2,3.2049,train
6451,5.939249,nan,0.00009920,layer_9,0.2,3.2049,train
6452,4.834451,nan,0.00009920,layer_9,0.2,3.2049,train
6453,5.768362,nan,0.00009920,layer_9,0.2,3.2049,train
6454,6.025879,nan,0.00009920,layer_9,0.2,3.2049,train
6455,5.719911,nan,0.00009920,layer_9,0.2,3.2049,train
6456,5.562901,nan,0.00009920,layer_9,0.2,3.2049,train
6457,5.380656,nan,0.00009920,layer_9,0.2,3.2049,train
6458,5.439241,nan,0.00009920,layer_9,0.2,3.2049,train
6459,5.006014,nan,0.00009920,layer_9,0.2,3.2049,train
6460,5.005195,nan,0.00009920,layer_9,0.2,3.2049,train
6461,5.055991,nan,0.00009920,layer_10,0.2,3.2049,train
6462,5.088304,nan,0.00009919,layer_10,0.2,3.2049,train
6463,5.813430,nan,0.00009919,layer_10,0.2,3.2049,train
6464,5.406068,nan,0.00009919,layer_10,0.2,3.2049,train
6465,4.912363,nan,0.00009919,layer_10,0.2,3.2049,train
6466,4.937665,nan,0.00009919,layer_10,0.2,3.2049,train
6467,4.991561,nan,0.00009919,layer_10,0.2,3.2049,train
6468,5.512968,nan,0.00009919,layer_10,0.2,3.2049,train
6469,4.496841,nan,0.00009919,layer_10,0.2,3.2049,train
6470,5.243573,nan,0.00009919,layer_10,0.2,3.2049,train
6471,5.537117,nan,0.00009919,layer_11,0.2,3.2049,train
6472,4.918812,nan,0.00009919,layer_11,0.2,3.2049,train
6473,5.548917,nan,0.00009919,layer_11,0.2,3.2049,train
6474,4.646994,nan,0.00009919,layer_11,0.2,3.2049,train
6475,5.147537,nan,0.00009919,layer_11,0.2,3.2049,train
6476,5.086586,nan,0.00009919,layer_11,0.2,3.2049,train
6477,4.832797,nan,0.00009919,layer_11,0.2,3.2049,train
6478,4.982294,nan,0.00009919,layer_11,0.2,3.2049,train
6479,5.391598,nan,0.00009919,layer_11,0.2,3.2049,train
6480,6.145614,nan,0.00009919,layer_11,0.2,3.2049,train
6481,5.508523,nan,0.00009919,layer_0,0.2,3.2049,train
6482,5.248856,nan,0.00009919,layer_0,0.2,3.2049,train
6483,5.613294,nan,0.00009919,layer_0,0.2,3.2049,train
6484,5.231251,nan,0.00009919,layer_0,0.2,3.2049,train
6485,5.184324,nan,0.00009919,layer_0,0.2,3.2049,train
6486,5.240745,nan,0.00009919,layer_0,0.2,3.2049,train
6487,4.913795,nan,0.00009919,layer_0,0.2,3.2049,train
6488,5.610496,nan,0.00009919,layer_0,0.2,3.2049,train
6489,5.296710,nan,0.00009919,layer_0,0.2,3.2049,train
6490,5.578995,nan,0.00009919,layer_0,0.2,3.2049,train
6491,5.979569,nan,0.00009919,layer_1,0.2,3.2049,train
6492,5.280608,nan,0.00009919,layer_1,0.2,3.2049,train
6493,4.837412,nan,0.00009919,layer_1,0.2,3.2049,train
6494,5.757509,nan,0.00009919,layer_1,0.2,3.2049,train
6495,5.077310,nan,0.00009919,layer_1,0.2,3.2049,train
6496,5.027359,nan,0.00009918,layer_1,0.2,3.2049,train
6497,5.560915,nan,0.00009918,layer_1,0.2,3.2049,train
6498,4.652437,nan,0.00009918,layer_1,0.2,3.2049,train
6499,6.813468,nan,0.00009918,layer_1,0.2,3.2049,train
6500,4.914751,nan,0.00009918,layer_1,0.2,3.2049,train
6500,5.338322,5.297631,0.00009918,layer_2,14.9,3.2049,eval
6501,5.062148,nan,0.00009918,layer_2,0.2,3.2049,train
6502,4.877432,nan,0.00009918,layer_2,0.2,3.2049,train
6503,5.417378,nan,0.00009918,layer_2,0.2,3.2049,train
6504,4.977742,nan,0.00009918,layer_2,0.2,3.2049,train
6505,5.037382,nan,0.00009918,layer_2,0.2,3.2049,train
6506,6.407768,nan,0.00009918,layer_2,0.2,3.2049,train
6507,5.211154,nan,0.00009918,layer_2,0.2,3.2049,train
6508,5.037608,nan,0.00009918,layer_2,0.2,3.2049,train
6509,5.587329,nan,0.00009918,layer_2,0.2,3.2049,train
6510,5.128759,nan,0.00009918,layer_2,0.2,3.2049,train
6511,6.268139,nan,0.00009918,layer_3,0.2,3.2049,train
6512,5.690668,nan,0.00009918,layer_3,0.2,3.2049,train
6513,5.297704,nan,0.00009918,layer_3,0.2,3.2049,train
6514,4.393153,nan,0.00009918,layer_3,0.2,3.2049,train
6515,5.195806,nan,0.00009918,layer_3,0.2,3.2049,train
6516,5.374301,nan,0.00009918,layer_3,0.2,3.2049,train
6517,5.295169,nan,0.00009918,layer_3,0.2,3.2049,train
6518,5.672810,nan,0.00009918,layer_3,0.2,3.2049,train
6519,5.738297,nan,0.00009918,layer_3,0.2,3.2049,train
6520,5.087284,nan,0.00009918,layer_3,0.2,3.2049,train
6521,5.219948,nan,0.00009918,layer_4,0.2,3.2049,train
6522,5.945858,nan,0.00009918,layer_4,0.2,3.2049,train
6523,5.464280,nan,0.00009918,layer_4,0.2,3.2049,train
6524,5.356345,nan,0.00009918,layer_4,0.2,3.2049,train
6525,5.053202,nan,0.00009918,layer_4,0.2,3.2049,train
6526,6.073071,nan,0.00009918,layer_4,0.2,3.2049,train
6527,5.296767,nan,0.00009918,layer_4,0.2,3.2049,train
6528,4.926850,nan,0.00009918,layer_4,0.2,3.2049,train
6529,5.133313,nan,0.00009917,layer_4,0.2,3.2049,train
6530,5.302448,nan,0.00009917,layer_4,0.2,3.2049,train
6531,5.769638,nan,0.00009917,layer_5,0.2,3.2049,train
6532,4.979135,nan,0.00009917,layer_5,0.2,3.2049,train
6533,4.918381,nan,0.00009917,layer_5,0.2,3.2049,train
6534,5.387444,nan,0.00009917,layer_5,0.2,3.2049,train
6535,5.367187,nan,0.00009917,layer_5,0.2,3.2049,train
6536,5.113833,nan,0.00009917,layer_5,0.2,3.2049,train
6537,5.107572,nan,0.00009917,layer_5,0.2,3.2049,train
6538,5.423491,nan,0.00009917,layer_5,0.2,3.2049,train
6539,5.202471,nan,0.00009917,layer_5,0.2,3.2049,train
6540,5.654438,nan,0.00009917,layer_5,0.2,3.2049,train
6541,5.428432,nan,0.00009917,layer_6,0.2,3.2049,train
6542,4.922031,nan,0.00009917,layer_6,0.2,3.2049,train
6543,4.963348,nan,0.00009917,layer_6,0.2,3.2049,train
6544,5.520822,nan,0.00009917,layer_6,0.2,3.2049,train
6545,4.869211,nan,0.00009917,layer_6,0.2,3.2049,train
6546,4.890007,nan,0.00009917,layer_6,0.2,3.2049,train
6547,5.418627,nan,0.00009917,layer_6,0.2,3.2049,train
6548,5.236707,nan,0.00009917,layer_6,0.2,3.2049,train
6549,5.615160,nan,0.00009917,layer_6,0.2,3.2049,train
6550,5.771423,nan,0.00009917,layer_6,0.2,3.2049,train
6551,5.284904,nan,0.00009917,layer_7,0.2,3.2049,train
6552,5.306595,nan,0.00009917,layer_7,0.2,3.2049,train
6553,5.607979,nan,0.00009917,layer_7,0.2,3.2049,train
6554,5.394470,nan,0.00009917,layer_7,0.2,3.2049,train
6555,5.037477,nan,0.00009917,layer_7,0.2,3.2049,train
6556,5.349219,nan,0.00009917,layer_7,0.2,3.2049,train
6557,4.736362,nan,0.00009917,layer_7,0.2,3.2049,train
6558,5.217740,nan,0.00009917,layer_7,0.2,3.2049,train
6559,5.023792,nan,0.00009917,layer_7,0.2,3.2049,train
6560,5.705565,nan,0.00009917,layer_7,0.2,3.2049,train
6561,4.966296,nan,0.00009917,layer_8,0.2,3.2049,train
6562,4.920734,nan,0.00009917,layer_8,0.2,3.2049,train
6563,6.098346,nan,0.00009916,layer_8,0.2,3.2049,train
6564,4.831859,nan,0.00009916,layer_8,0.2,3.2049,train
6565,5.686947,nan,0.00009916,layer_8,0.2,3.2049,train
6566,5.701521,nan,0.00009916,layer_8,0.2,3.2049,train
6567,5.516971,nan,0.00009916,layer_8,0.2,3.2049,train
6568,5.775718,nan,0.00009916,layer_8,0.2,3.2049,train
6569,5.165847,nan,0.00009916,layer_8,0.2,3.2049,train
6570,5.401403,nan,0.00009916,layer_8,0.2,3.2049,train
6571,5.052647,nan,0.00009916,layer_9,0.2,3.2049,train
6572,5.806745,nan,0.00009916,layer_9,0.2,3.2049,train
6573,5.081347,nan,0.00009916,layer_9,0.2,3.2049,train
6574,5.450211,nan,0.00009916,layer_9,0.2,3.2049,train
6575,5.011959,nan,0.00009916,layer_9,0.2,3.2049,train
6576,5.451467,nan,0.00009916,layer_9,0.2,3.2049,train
6577,5.881746,nan,0.00009916,layer_9,0.2,3.2049,train
6578,5.672186,nan,0.00009916,layer_9,0.2,3.2049,train
6579,5.090964,nan,0.00009916,layer_9,0.2,3.2049,train
6580,5.309327,nan,0.00009916,layer_9,0.2,3.2049,train
6581,5.349560,nan,0.00009916,layer_10,0.2,3.2049,train
6582,4.979451,nan,0.00009916,layer_10,0.2,3.2049,train
6583,6.352167,nan,0.00009916,layer_10,0.2,3.2049,train
6584,5.087014,nan,0.00009916,layer_10,0.2,3.2049,train
6585,5.345666,nan,0.00009916,layer_10,0.2,3.2049,train
6586,5.479565,nan,0.00009916,layer_10,0.2,3.2049,train
6587,5.050057,nan,0.00009916,layer_10,0.2,3.2049,train
6588,5.945467,nan,0.00009916,layer_10,0.2,3.2049,train
6589,5.407429,nan,0.00009916,layer_10,0.2,3.2049,train
6590,4.782128,nan,0.00009916,layer_10,0.2,3.2049,train
6591,6.699820,nan,0.00009916,layer_11,0.2,3.2049,train
6592,5.142327,nan,0.00009916,layer_11,0.2,3.2049,train
6593,5.311177,nan,0.00009916,layer_11,0.2,3.2049,train
6594,5.292459,nan,0.00009916,layer_11,0.2,3.2049,train
6595,5.448418,nan,0.00009916,layer_11,0.2,3.2049,train
6596,5.328923,nan,0.00009915,layer_11,0.2,3.2049,train
6597,4.815301,nan,0.00009915,layer_11,0.2,3.2049,train
6598,5.294317,nan,0.00009915,layer_11,0.2,3.2049,train
6599,5.273067,nan,0.00009915,layer_11,0.2,3.2049,train
6600,5.635012,nan,0.00009915,layer_11,0.2,3.2049,train
6601,5.373090,nan,0.00009915,layer_0,0.2,3.2049,train
6602,5.396576,nan,0.00009915,layer_0,0.2,3.2049,train
6603,5.450383,nan,0.00009915,layer_0,0.2,3.2049,train
6604,5.269057,nan,0.00009915,layer_0,0.2,3.2049,train
6605,5.479873,nan,0.00009915,layer_0,0.2,3.2049,train
6606,5.718713,nan,0.00009915,layer_0,0.2,3.2049,train
6607,5.806022,nan,0.00009915,layer_0,0.2,3.2049,train
6608,5.198657,nan,0.00009915,layer_0,0.2,3.2049,train
6609,4.048796,nan,0.00009915,layer_0,0.2,3.2049,train
6610,4.891580,nan,0.00009915,layer_0,0.2,3.2049,train
6611,5.323485,nan,0.00009915,layer_1,0.2,3.2049,train
6612,5.404794,nan,0.00009915,layer_1,0.2,3.2049,train
6613,5.019958,nan,0.00009915,layer_1,0.2,3.2049,train
6614,5.247312,nan,0.00009915,layer_1,0.2,3.2049,train
6615,4.765888,nan,0.00009915,layer_1,0.2,3.2049,train
6616,4.623029,nan,0.00009915,layer_1,0.2,3.2049,train
6617,5.225381,nan,0.00009915,layer_1,0.2,3.2049,train
6618,6.055247,nan,0.00009915,layer_1,0.2,3.2049,train
6619,5.136224,nan,0.00009915,layer_1,0.2,3.2049,train
6620,4.699889,nan,0.00009915,layer_1,0.2,3.2049,train
6621,5.337611,nan,0.00009915,layer_2,0.2,3.2049,train
6622,5.536712,nan,0.00009915,layer_2,0.2,3.2049,train
6623,4.761128,nan,0.00009915,layer_2,0.2,3.2049,train
6624,5.271392,nan,0.00009915,layer_2,0.2,3.2049,train
6625,5.747549,nan,0.00009915,layer_2,0.2,3.2049,train
6626,5.304974,nan,0.00009915,layer_2,0.2,3.2049,train
6627,5.007036,nan,0.00009915,layer_2,0.2,3.2049,train
6628,5.578435,nan,0.00009915,layer_2,0.2,3.2049,train
6629,4.813919,nan,0.00009914,layer_2,0.2,3.2049,train
6630,4.837951,nan,0.00009914,layer_2,0.2,3.2049,train
6631,5.577169,nan,0.00009914,layer_3,0.2,3.2049,train
6632,5.147460,nan,0.00009914,layer_3,0.2,3.2049,train
6633,5.421580,nan,0.00009914,layer_3,0.2,3.2049,train
6634,4.884250,nan,0.00009914,layer_3,0.2,3.2049,train
6635,5.325486,nan,0.00009914,layer_3,0.2,3.2049,train
6636,4.535200,nan,0.00009914,layer_3,0.2,3.2049,train
6637,5.327433,nan,0.00009914,layer_3,0.2,3.2049,train
6638,4.900188,nan,0.00009914,layer_3,0.2,3.2049,train
6639,4.917530,nan,0.00009914,layer_3,0.2,3.2049,train
6640,5.240117,nan,0.00009914,layer_3,0.2,3.2049,train
6641,4.979101,nan,0.00009914,layer_4,0.2,3.2049,train
6642,5.638232,nan,0.00009914,layer_4,0.2,3.2049,train
6643,5.270998,nan,0.00009914,layer_4,0.2,3.2049,train
6644,5.883058,nan,0.00009914,layer_4,0.2,3.2049,train
6645,5.425235,nan,0.00009914,layer_4,0.2,3.2049,train
6646,4.828707,nan,0.00009914,layer_4,0.2,3.2049,train
6647,5.244853,nan,0.00009914,layer_4,0.2,3.2049,train
6648,5.509889,nan,0.00009914,layer_4,0.2,3.2049,train
6649,5.515442,nan,0.00009914,layer_4,0.2,3.2049,train
6650,4.889010,nan,0.00009914,layer_4,0.2,3.2049,train
6651,5.452837,nan,0.00009914,layer_5,0.2,3.2049,train
6652,4.970495,nan,0.00009914,layer_5,0.2,3.2049,train
6653,5.185906,nan,0.00009914,layer_5,0.2,3.2049,train
6654,5.250131,nan,0.00009914,layer_5,0.2,3.2049,train
6655,5.661217,nan,0.00009914,layer_5,0.2,3.2049,train
6656,5.118809,nan,0.00009914,layer_5,0.2,3.2049,train
6657,5.287110,nan,0.00009914,layer_5,0.2,3.2049,train
6658,5.172520,nan,0.00009914,layer_5,0.2,3.2049,train
6659,5.075409,nan,0.00009914,layer_5,0.2,3.2049,train
6660,4.436554,nan,0.00009914,layer_5,0.2,3.2049,train
6661,5.000040,nan,0.00009914,layer_6,0.2,3.2049,train
6662,4.998839,nan,0.00009913,layer_6,0.2,3.2049,train
6663,5.271698,nan,0.00009913,layer_6,0.2,3.2049,train
6664,5.010186,nan,0.00009913,layer_6,0.2,3.2049,train
6665,5.324631,nan,0.00009913,layer_6,0.2,3.2049,train
6666,5.088853,nan,0.00009913,layer_6,0.2,3.2049,train
6667,4.893752,nan,0.00009913,layer_6,0.2,3.2049,train
6668,5.670760,nan,0.00009913,layer_6,0.2,3.2049,train
6669,5.399687,nan,0.00009913,layer_6,0.2,3.2049,train
6670,4.692984,nan,0.00009913,layer_6,0.2,3.2049,train
6671,5.568769,nan,0.00009913,layer_7,0.2,3.2049,train
6672,5.254781,nan,0.00009913,layer_7,0.2,3.2049,train
6673,5.627234,nan,0.00009913,layer_7,0.2,3.2049,train
6674,5.186218,nan,0.00009913,layer_7,0.2,3.2049,train
6675,5.738476,nan,0.00009913,layer_7,0.2,3.2049,train
6676,5.404070,nan,0.00009913,layer_7,0.2,3.2049,train
6677,5.247162,nan,0.00009913,layer_7,0.2,3.2049,train
6678,5.913064,nan,0.00009913,layer_7,0.2,3.2049,train
6679,5.353539,nan,0.00009913,layer_7,0.2,3.2049,train
6680,5.471210,nan,0.00009913,layer_7,0.2,3.2049,train
6681,4.680969,nan,0.00009913,layer_8,0.2,3.2049,train
6682,5.093179,nan,0.00009913,layer_8,0.2,3.2049,train
6683,6.034377,nan,0.00009913,layer_8,0.2,3.2049,train
6684,5.210877,nan,0.00009913,layer_8,0.2,3.2049,train
6685,4.615100,nan,0.00009913,layer_8,0.2,3.2049,train
6686,5.443120,nan,0.00009913,layer_8,0.2,3.2049,train
6687,5.064301,nan,0.00009913,layer_8,0.2,3.2049,train
6688,5.305917,nan,0.00009913,layer_8,0.2,3.2049,train
6689,5.040052,nan,0.00009913,layer_8,0.2,3.2049,train
6690,5.398845,nan,0.00009913,layer_8,0.2,3.2049,train
6691,5.285711,nan,0.00009913,layer_9,0.2,3.2049,train
6692,5.151215,nan,0.00009913,layer_9,0.2,3.2049,train
6693,5.433694,nan,0.00009913,layer_9,0.2,3.2049,train
6694,5.195874,nan,0.00009913,layer_9,0.2,3.2049,train
6695,6.374295,nan,0.00009912,layer_9,0.2,3.2049,train
6696,4.192989,nan,0.00009912,layer_9,0.2,3.2049,train
6697,4.768069,nan,0.00009912,layer_9,0.2,3.2049,train
6698,4.697052,nan,0.00009912,layer_9,0.2,3.2049,train
6699,4.673953,nan,0.00009912,layer_9,0.2,3.2049,train
6700,5.366604,nan,0.00009912,layer_9,0.2,3.2049,train
6701,5.757255,nan,0.00009912,layer_10,0.2,3.2049,train
6702,4.677635,nan,0.00009912,layer_10,0.2,3.2049,train
6703,5.594319,nan,0.00009912,layer_10,0.2,3.2049,train
6704,5.490754,nan,0.00009912,layer_10,0.2,3.2049,train
6705,5.401037,nan,0.00009912,layer_10,0.2,3.2049,train
6706,5.029398,nan,0.00009912,layer_10,0.2,3.2049,train
6707,5.158260,nan,0.00009912,layer_10,0.2,3.2049,train
6708,5.639071,nan,0.00009912,layer_10,0.2,3.2049,train
6709,5.935179,nan,0.00009912,layer_10,0.2,3.2049,train
6710,3.083721,nan,0.00009912,layer_10,0.2,3.2049,train
6711,5.190284,nan,0.00009912,layer_11,0.2,3.2049,train
6712,5.052855,nan,0.00009912,layer_11,0.2,3.2049,train
6713,4.826859,nan,0.00009912,layer_11,0.2,3.2049,train
6714,5.547996,nan,0.00009912,layer_11,0.2,3.2049,train
6715,4.693495,nan,0.00009912,layer_11,0.2,3.2049,train
6716,5.416204,nan,0.00009912,layer_11,0.2,3.2049,train
6717,4.984263,nan,0.00009912,layer_11,0.2,3.2049,train
6718,6.443023,nan,0.00009912,layer_11,0.2,3.2049,train
6719,5.091828,nan,0.00009912,layer_11,0.2,3.2049,train
6720,5.388786,nan,0.00009912,layer_11,0.2,3.2049,train
6721,5.852380,nan,0.00009912,layer_0,0.2,3.2049,train
6722,5.111693,nan,0.00009912,layer_0,0.2,3.2049,train
6723,5.725592,nan,0.00009912,layer_0,0.2,3.2049,train
6724,5.483303,nan,0.00009912,layer_0,0.2,3.2049,train
6725,5.133993,nan,0.00009912,layer_0,0.2,3.2049,train
6726,5.977986,nan,0.00009912,layer_0,0.2,3.2049,train
6727,4.863828,nan,0.00009911,layer_0,0.2,3.2049,train
6728,5.480586,nan,0.00009911,layer_0,0.2,3.2049,train
6729,5.602714,nan,0.00009911,layer_0,0.2,3.2049,train
6730,4.924506,nan,0.00009911,layer_0,0.2,3.2049,train
6731,5.096708,nan,0.00009911,layer_1,0.2,3.2049,train
6732,4.908451,nan,0.00009911,layer_1,0.2,3.2049,train
6733,5.474052,nan,0.00009911,layer_1,0.2,3.2049,train
6734,5.700912,nan,0.00009911,layer_1,0.2,3.2049,train
6735,5.236361,nan,0.00009911,layer_1,0.2,3.2049,train
6736,4.850500,nan,0.00009911,layer_1,0.2,3.2049,train
6737,5.340203,nan,0.00009911,layer_1,0.2,3.2049,train
6738,5.158247,nan,0.00009911,layer_1,0.2,3.2049,train
6739,5.526670,nan,0.00009911,layer_1,0.2,3.2049,train
6740,5.533410,nan,0.00009911,layer_1,0.2,3.2049,train
6741,4.936519,nan,0.00009911,layer_2,0.2,3.2049,train
6742,5.307475,nan,0.00009911,layer_2,0.2,3.2049,train
6743,4.827256,nan,0.00009911,layer_2,0.2,3.2049,train
6744,5.208937,nan,0.00009911,layer_2,0.2,3.2049,train
6745,5.719570,nan,0.00009911,layer_2,0.2,3.2049,train
6746,5.141829,nan,0.00009911,layer_2,0.2,3.2049,train
6747,5.480908,nan,0.00009911,layer_2,0.2,3.2049,train
6748,5.122479,nan,0.00009911,layer_2,0.2,3.2049,train
6749,5.147072,nan,0.00009911,layer_2,0.2,3.2049,train
6750,5.025863,nan,0.00009911,layer_2,0.2,3.2049,train
6751,4.971027,nan,0.00009911,layer_3,0.2,3.2049,train
6752,4.408542,nan,0.00009911,layer_3,0.2,3.2049,train
6753,5.605095,nan,0.00009911,layer_3,0.2,3.2049,train
6754,5.197260,nan,0.00009911,layer_3,0.2,3.2049,train
6755,4.997401,nan,0.00009911,layer_3,0.2,3.2049,train
6756,5.185555,nan,0.00009911,layer_3,0.2,3.2049,train
6757,5.128992,nan,0.00009911,layer_3,0.2,3.2049,train
6758,5.249222,nan,0.00009911,layer_3,0.2,3.2049,train
6759,4.731551,nan,0.00009911,layer_3,0.2,3.2049,train
6760,6.038565,nan,0.00009910,layer_3,0.2,3.2049,train
6761,5.399343,nan,0.00009910,layer_4,0.2,3.2049,train
6762,5.420621,nan,0.00009910,layer_4,0.2,3.2049,train
6763,5.513227,nan,0.00009910,layer_4,0.2,3.2049,train
6764,5.733920,nan,0.00009910,layer_4,0.2,3.2049,train
6765,5.151919,nan,0.00009910,layer_4,0.2,3.2049,train
6766,4.784446,nan,0.00009910,layer_4,0.2,3.2049,train
6767,5.342608,nan,0.00009910,layer_4,0.2,3.2049,train
6768,5.120713,nan,0.00009910,layer_4,0.2,3.2049,train
6769,5.762689,nan,0.00009910,layer_4,0.2,3.2049,train
6770,5.016773,nan,0.00009910,layer_4,0.2,3.2049,train
6771,5.180742,nan,0.00009910,layer_5,0.2,3.2049,train
6772,4.788935,nan,0.00009910,layer_5,0.2,3.2049,train
6773,5.259304,nan,0.00009910,layer_5,0.2,3.2049,train
6774,5.650054,nan,0.00009910,layer_5,0.2,3.2049,train
6775,5.452415,nan,0.00009910,layer_5,0.2,3.2049,train
6776,5.322174,nan,0.00009910,layer_5,0.2,3.2049,train
6777,5.445362,nan,0.00009910,layer_5,0.2,3.2049,train
6778,5.222560,nan,0.00009910,layer_5,0.2,3.2049,train
6779,4.997659,nan,0.00009910,layer_5,0.2,3.2049,train
6780,5.283115,nan,0.00009910,layer_5,0.2,3.2049,train
6781,6.587553,nan,0.00009910,layer_6,0.2,3.2049,train
6782,5.113248,nan,0.00009910,layer_6,0.2,3.2049,train
6783,5.807082,nan,0.00009910,layer_6,0.2,3.2049,train
6784,5.440333,nan,0.00009910,layer_6,0.2,3.2049,train
6785,5.360393,nan,0.00009910,layer_6,0.2,3.2049,train
6786,5.512104,nan,0.00009910,layer_6,0.2,3.2049,train
6787,5.098265,nan,0.00009910,layer_6,0.2,3.2049,train
6788,5.504957,nan,0.00009910,layer_6,0.2,3.2049,train
6789,5.159662,nan,0.00009910,layer_6,0.2,3.2049,train
6790,4.798326,nan,0.00009910,layer_6,0.2,3.2049,train
6791,5.375736,nan,0.00009910,layer_7,0.2,3.2049,train
6792,5.401167,nan,0.00009909,layer_7,0.2,3.2049,train
6793,5.399618,nan,0.00009909,layer_7,0.2,3.2049,train
6794,5.217341,nan,0.00009909,layer_7,0.2,3.2049,train
6795,4.744462,nan,0.00009909,layer_7,0.2,3.2049,train
6796,5.271111,nan,0.00009909,layer_7,0.2,3.2049,train
6797,5.438578,nan,0.00009909,layer_7,0.2,3.2049,train
6798,4.935978,nan,0.00009909,layer_7,0.2,3.2049,train
6799,5.402546,nan,0.00009909,layer_7,0.2,3.2049,train
6800,5.097720,nan,0.00009909,layer_7,0.2,3.2049,train
6801,5.126471,nan,0.00009909,layer_8,0.2,3.2049,train
6802,5.050868,nan,0.00009909,layer_8,0.2,3.2049,train
6803,5.536072,nan,0.00009909,layer_8,0.2,3.2049,train
6804,5.086627,nan,0.00009909,layer_8,0.2,3.2049,train
6805,5.595649,nan,0.00009909,layer_8,0.2,3.2049,train
6806,5.109959,nan,0.00009909,layer_8,0.2,3.2049,train
6807,5.748742,nan,0.00009909,layer_8,0.2,3.2049,train
6808,5.536241,nan,0.00009909,layer_8,0.2,3.2049,train
6809,6.116245,nan,0.00009909,layer_8,0.2,3.2049,train
6810,4.971374,nan,0.00009909,layer_8,0.2,3.2049,train
6811,5.054067,nan,0.00009909,layer_9,0.2,3.2049,train
6812,5.408440,nan,0.00009909,layer_9,0.2,3.2049,train
6813,5.427270,nan,0.00009909,layer_9,0.2,3.2049,train
6814,5.214909,nan,0.00009909,layer_9,0.2,3.2049,train
6815,5.113326,nan,0.00009909,layer_9,0.2,3.2049,train
6816,5.071427,nan,0.00009909,layer_9,0.2,3.2049,train
6817,4.630553,nan,0.00009909,layer_9,0.2,3.2049,train
6818,5.513371,nan,0.00009909,layer_9,0.2,3.2049,train
6819,5.951004,nan,0.00009909,layer_9,0.2,3.2049,train
6820,5.080387,nan,0.00009909,layer_9,0.2,3.2049,train
6821,5.432576,nan,0.00009909,layer_10,0.2,3.2049,train
6822,5.072979,nan,0.00009909,layer_10,0.2,3.2049,train
6823,4.675515,nan,0.00009909,layer_10,0.2,3.2049,train
6824,5.365563,nan,0.00009908,layer_10,0.2,3.2049,train
6825,5.769501,nan,0.00009908,layer_10,0.2,3.2049,train
6826,4.659894,nan,0.00009908,layer_10,0.2,3.2049,train
6827,4.450270,nan,0.00009908,layer_10,0.2,3.2049,train
6828,5.637032,nan,0.00009908,layer_10,0.2,3.2049,train
6829,5.653475,nan,0.00009908,layer_10,0.2,3.2049,train
6830,4.560905,nan,0.00009908,layer_10,0.2,3.2049,train
6831,5.380673,nan,0.00009908,layer_11,0.2,3.2049,train
6832,5.690079,nan,0.00009908,layer_11,0.2,3.2049,train
6833,6.093824,nan,0.00009908,layer_11,0.2,3.2049,train
6834,4.950562,nan,0.00009908,layer_11,0.2,3.2049,train
6835,5.323267,nan,0.00009908,layer_11,0.2,3.2049,train
6836,5.132185,nan,0.00009908,layer_11,0.2,3.2049,train
6837,5.153548,nan,0.00009908,layer_11,0.2,3.2049,train
6838,4.837089,nan,0.00009908,layer_11,0.2,3.2049,train
6839,4.895608,nan,0.00009908,layer_11,0.2,3.2049,train
6840,5.786997,nan,0.00009908,layer_11,0.2,3.2049,train
6841,5.744414,nan,0.00009908,layer_0,0.2,3.2049,train
6842,5.928218,nan,0.00009908,layer_0,0.2,3.2049,train
6843,6.369111,nan,0.00009908,layer_0,0.2,3.2049,train
6844,5.392560,nan,0.00009908,layer_0,0.2,3.2049,train
6845,5.426083,nan,0.00009908,layer_0,0.2,3.2049,train
6846,4.377306,nan,0.00009908,layer_0,0.2,3.2049,train
6847,4.913763,nan,0.00009908,layer_0,0.2,3.2049,train
6848,5.544270,nan,0.00009908,layer_0,0.2,3.2049,train
6849,4.940653,nan,0.00009908,layer_0,0.2,3.2049,train
6850,6.067694,nan,0.00009908,layer_0,0.2,3.2049,train
6851,5.302411,nan,0.00009908,layer_1,0.2,3.2049,train
6852,5.003355,nan,0.00009908,layer_1,0.2,3.2049,train
6853,7.225895,nan,0.00009908,layer_1,0.2,3.2049,train
6854,5.145466,nan,0.00009908,layer_1,0.2,3.2049,train
6855,5.446564,nan,0.00009908,layer_1,0.2,3.2049,train
6856,5.620477,nan,0.00009907,layer_1,0.2,3.2049,train
6857,4.650147,nan,0.00009907,layer_1,0.2,3.2049,train
6858,5.404274,nan,0.00009907,layer_1,0.2,3.2049,train
6859,5.583231,nan,0.00009907,layer_1,0.2,3.2049,train
6860,4.969866,nan,0.00009907,layer_1,0.2,3.2049,train
6861,5.005178,nan,0.00009907,layer_2,0.2,3.2049,train
6862,5.526577,nan,0.00009907,layer_2,0.2,3.2049,train
6863,5.646910,nan,0.00009907,layer_2,0.2,3.2049,train
6864,5.618496,nan,0.00009907,layer_2,0.2,3.2049,train
6865,5.624268,nan,0.00009907,layer_2,0.2,3.2049,train
6866,5.579854,nan,0.00009907,layer_2,0.2,3.2049,train
6867,5.204257,nan,0.00009907,layer_2,0.2,3.2049,train
6868,5.588255,nan,0.00009907,layer_2,0.2,3.2049,train
6869,5.665739,nan,0.00009907,layer_2,0.2,3.2049,train
6870,4.995745,nan,0.00009907,layer_2,0.2,3.2049,train
6871,5.222552,nan,0.00009907,layer_3,0.2,3.2049,train
6872,5.179694,nan,0.00009907,layer_3,0.2,3.2049,train
6873,4.505716,nan,0.00009907,layer_3,0.2,3.2049,train
6874,5.808914,nan,0.00009907,layer_3,0.2,3.2049,train
6875,5.254799,nan,0.00009907,layer_3,0.2,3.2049,train
6876,5.218319,nan,0.00009907,layer_3,0.2,3.2049,train
6877,5.118425,nan,0.00009907,layer_3,0.2,3.2049,train
6878,5.441667,nan,0.00009907,layer_3,0.2,3.2049,train
6879,5.681080,nan,0.00009907,layer_3,0.2,3.2049,train
6880,4.926825,nan,0.00009907,layer_3,0.2,3.2049,train
6881,5.215880,nan,0.00009907,layer_4,0.2,3.2049,train
6882,4.984939,nan,0.00009907,layer_4,0.2,3.2049,train
6883,5.333088,nan,0.00009907,layer_4,0.2,3.2049,train
6884,5.143738,nan,0.00009907,layer_4,0.2,3.2049,train
6885,4.934295,nan,0.00009907,layer_4,0.2,3.2049,train
6886,5.488680,nan,0.00009907,layer_4,0.2,3.2049,train
6887,4.955383,nan,0.00009907,layer_4,0.2,3.2049,train
6888,5.154499,nan,0.00009906,layer_4,0.2,3.2049,train
6889,4.584269,nan,0.00009906,layer_4,0.2,3.2049,train
6890,5.128910,nan,0.00009906,layer_4,0.2,3.2049,train
6891,5.017369,nan,0.00009906,layer_5,0.2,3.2049,train
6892,5.097456,nan,0.00009906,layer_5,0.2,3.2049,train
6893,5.093867,nan,0.00009906,layer_5,0.2,3.2049,train
6894,5.406776,nan,0.00009906,layer_5,0.2,3.2049,train
6895,5.623430,nan,0.00009906,layer_5,0.2,3.2049,train
6896,5.393705,nan,0.00009906,layer_5,0.2,3.2049,train
6897,5.646744,nan,0.00009906,layer_5,0.2,3.2049,train
6898,4.922114,nan,0.00009906,layer_5,0.2,3.2049,train
6899,5.164108,nan,0.00009906,layer_5,0.2,3.2049,train
6900,4.861667,nan,0.00009906,layer_5,0.2,3.2049,train
6901,5.122646,nan,0.00009906,layer_6,0.2,3.2049,train
6902,4.987148,nan,0.00009906,layer_6,0.2,3.2049,train
6903,5.547766,nan,0.00009906,layer_6,0.2,3.2049,train
6904,5.044983,nan,0.00009906,layer_6,0.2,3.2049,train
6905,5.109076,nan,0.00009906,layer_6,0.2,3.2049,train
6906,5.163216,nan,0.00009906,layer_6,0.2,3.2049,train
6907,5.648935,nan,0.00009906,layer_6,0.2,3.2049,train
6908,5.205447,nan,0.00009906,layer_6,0.2,3.2049,train
6909,5.108685,nan,0.00009906,layer_6,0.2,3.2049,train
6910,5.290801,nan,0.00009906,layer_6,0.2,3.2049,train
6911,5.021954,nan,0.00009906,layer_7,0.2,3.2049,train
6912,5.345606,nan,0.00009906,layer_7,0.2,3.2049,train
6913,5.576321,nan,0.00009906,layer_7,0.2,3.2049,train
6914,5.402957,nan,0.00009906,layer_7,0.2,3.2049,train
6915,4.837856,nan,0.00009906,layer_7,0.2,3.2049,train
6916,5.404233,nan,0.00009906,layer_7,0.2,3.2049,train
6917,4.814521,nan,0.00009906,layer_7,0.2,3.2049,train
6918,4.785113,nan,0.00009906,layer_7,0.2,3.2049,train
6919,5.218412,nan,0.00009905,layer_7,0.2,3.2049,train
6920,5.169053,nan,0.00009905,layer_7,0.2,3.2049,train
6921,5.077588,nan,0.00009905,layer_8,0.2,3.2049,train
6922,5.662875,nan,0.00009905,layer_8,0.2,3.2049,train
6923,5.524669,nan,0.00009905,layer_8,0.2,3.2049,train
6924,4.951261,nan,0.00009905,layer_8,0.2,3.2049,train
6925,5.494522,nan,0.00009905,layer_8,0.2,3.2049,train
6926,5.354841,nan,0.00009905,layer_8,0.2,3.2049,train
6927,5.566784,nan,0.00009905,layer_8,0.2,3.2049,train
6928,5.243243,nan,0.00009905,layer_8,0.2,3.2049,train
6929,5.218304,nan,0.00009905,layer_8,0.2,3.2049,train
6930,4.593454,nan,0.00009905,layer_8,0.2,3.2049,train
6931,5.241700,nan,0.00009905,layer_9,0.2,3.2049,train
6932,5.243917,nan,0.00009905,layer_9,0.2,3.2049,train
6933,5.444857,nan,0.00009905,layer_9,0.2,3.2049,train
6934,5.443762,nan,0.00009905,layer_9,0.2,3.2049,train
6935,5.100484,nan,0.00009905,layer_9,0.2,3.2049,train
6936,5.435509,nan,0.00009905,layer_9,0.2,3.2049,train
6937,5.382545,nan,0.00009905,layer_9,0.2,3.2049,train
6938,4.809158,nan,0.00009905,layer_9,0.2,3.2049,train
6939,5.111141,nan,0.00009905,layer_9,0.2,3.2049,train
6940,5.297898,nan,0.00009905,layer_9,0.2,3.2049,train
6941,4.764685,nan,0.00009905,layer_10,0.2,3.2049,train
6942,4.716880,nan,0.00009905,layer_10,0.2,3.2049,train
6943,4.852595,nan,0.00009905,layer_10,0.2,3.2049,train
6944,5.064462,nan,0.00009905,layer_10,0.2,3.2049,train
6945,5.298668,nan,0.00009905,layer_10,0.2,3.2049,train
6946,5.987983,nan,0.00009905,layer_10,0.2,3.2049,train
6947,5.302856,nan,0.00009905,layer_10,0.2,3.2049,train
6948,5.730777,nan,0.00009905,layer_10,0.2,3.2049,train
6949,5.125274,nan,0.00009905,layer_10,0.2,3.2049,train
6950,4.794725,nan,0.00009904,layer_10,0.2,3.2049,train
6951,5.668265,nan,0.00009904,layer_11,0.2,3.2049,train
6952,6.913530,nan,0.00009904,layer_11,0.2,3.2049,train
6953,4.540068,nan,0.00009904,layer_11,0.2,3.2049,train
6954,4.891011,nan,0.00009904,layer_11,0.2,3.2049,train
6955,4.866714,nan,0.00009904,layer_11,0.2,3.2049,train
6956,4.954928,nan,0.00009904,layer_11,0.2,3.2049,train
6957,5.553626,nan,0.00009904,layer_11,0.2,3.2049,train
6958,5.604776,nan,0.00009904,layer_11,0.2,3.2049,train
6959,5.170076,nan,0.00009904,layer_11,0.2,3.2049,train
6960,5.819233,nan,0.00009904,layer_11,0.2,3.2049,train
6961,5.202998,nan,0.00009904,layer_0,0.2,3.2049,train
6962,4.675648,nan,0.00009904,layer_0,0.2,3.2049,train
6963,5.159928,nan,0.00009904,layer_0,0.2,3.2049,train
6964,5.219539,nan,0.00009904,layer_0,0.2,3.2049,train
6965,5.535521,nan,0.00009904,layer_0,0.2,3.2049,train
6966,5.012444,nan,0.00009904,layer_0,0.2,3.2049,train
6967,4.751794,nan,0.00009904,layer_0,0.2,3.2049,train
6968,4.844719,nan,0.00009904,layer_0,0.2,3.2049,train
6969,5.373931,nan,0.00009904,layer_0,0.2,3.2049,train
6970,5.284479,nan,0.00009904,layer_0,0.2,3.2049,train
6971,5.966846,nan,0.00009904,layer_1,0.2,3.2049,train
6972,5.114743,nan,0.00009904,layer_1,0.2,3.2049,train
6973,5.673955,nan,0.00009904,layer_1,0.2,3.2049,train
6974,4.914139,nan,0.00009904,layer_1,0.2,3.2049,train
6975,5.182883,nan,0.00009904,layer_1,0.2,3.2049,train
6976,5.637636,nan,0.00009904,layer_1,0.2,3.2049,train
6977,5.790625,nan,0.00009904,layer_1,0.2,3.2049,train
6978,4.988836,nan,0.00009904,layer_1,0.2,3.2049,train
6979,5.591092,nan,0.00009904,layer_1,0.2,3.2049,train
6980,5.269176,nan,0.00009904,layer_1,0.2,3.2049,train
6981,5.015860,nan,0.00009904,layer_2,0.2,3.2049,train
6982,5.423573,nan,0.00009903,layer_2,0.2,3.2049,train
6983,4.880515,nan,0.00009903,layer_2,0.2,3.2049,train
6984,5.487975,nan,0.00009903,layer_2,0.2,3.2049,train
6985,5.599660,nan,0.00009903,layer_2,0.2,3.2049,train
6986,5.178972,nan,0.00009903,layer_2,0.2,3.2049,train
6987,5.518959,nan,0.00009903,layer_2,0.2,3.2049,train
6988,5.476377,nan,0.00009903,layer_2,0.2,3.2049,train
6989,5.394271,nan,0.00009903,layer_2,0.2,3.2049,train
6990,5.480749,nan,0.00009903,layer_2,0.2,3.2049,train
6991,5.084346,nan,0.00009903,layer_3,0.2,3.2049,train
6992,4.212308,nan,0.00009903,layer_3,0.2,3.2049,train
6993,4.816913,nan,0.00009903,layer_3,0.2,3.2049,train
6994,5.152645,nan,0.00009903,layer_3,0.2,3.2049,train
6995,4.317070,nan,0.00009903,layer_3,0.2,3.2049,train
6996,5.454767,nan,0.00009903,layer_3,0.2,3.2049,train
6997,5.263828,nan,0.00009903,layer_3,0.2,3.2049,train
6998,5.914497,nan,0.00009903,layer_3,0.2,3.2049,train
6999,5.140134,nan,0.00009903,layer_3,0.2,3.2049,train
7000,5.370993,nan,0.00009903,layer_3,0.2,3.2049,train
7000,5.216818,5.198701,0.00009903,layer_4,15.0,3.2049,eval
7001,5.008006,nan,0.00009903,layer_4,0.2,3.2049,train
7002,4.950721,nan,0.00009903,layer_4,0.2,3.2049,train
7003,5.293888,nan,0.00009903,layer_4,0.2,3.2049,train
7004,5.203905,nan,0.00009903,layer_4,0.2,3.2049,train
7005,4.964952,nan,0.00009903,layer_4,0.2,3.2049,train
7006,5.112096,nan,0.00009903,layer_4,0.2,3.2049,train
7007,5.320357,nan,0.00009903,layer_4,0.2,3.2049,train
7008,5.901340,nan,0.00009903,layer_4,0.2,3.2049,train
7009,4.668771,nan,0.00009903,layer_4,0.2,3.2049,train
7010,5.519233,nan,0.00009903,layer_4,0.2,3.2049,train
7011,5.298020,nan,0.00009903,layer_5,0.2,3.2049,train
7012,4.858434,nan,0.00009903,layer_5,0.2,3.2049,train
7013,4.964597,nan,0.00009902,layer_5,0.2,3.2049,train
7014,5.789518,nan,0.00009902,layer_5,0.2,3.2049,train
7015,4.827480,nan,0.00009902,layer_5,0.2,3.2049,train
7016,5.610909,nan,0.00009902,layer_5,0.2,3.2049,train
7017,5.482575,nan,0.00009902,layer_5,0.2,3.2049,train
7018,5.433985,nan,0.00009902,layer_5,0.2,3.2049,train
7019,5.123338,nan,0.00009902,layer_5,0.2,3.2049,train
7020,5.874481,nan,0.00009902,layer_5,0.2,3.2049,train
7021,5.682001,nan,0.00009902,layer_6,0.2,3.2049,train
7022,5.252951,nan,0.00009902,layer_6,0.2,3.2049,train
7023,5.722688,nan,0.00009902,layer_6,0.2,3.2049,train
7024,5.444274,nan,0.00009902,layer_6,0.2,3.2049,train
7025,4.615947,nan,0.00009902,layer_6,0.2,3.2049,train
7026,5.777882,nan,0.00009902,layer_6,0.2,3.2049,train
7027,5.479259,nan,0.00009902,layer_6,0.2,3.2049,train
7028,5.139627,nan,0.00009902,layer_6,0.2,3.2049,train
7029,5.020487,nan,0.00009902,layer_6,0.2,3.2049,train
7030,5.440790,nan,0.00009902,layer_6,0.2,3.2049,train
7031,5.448856,nan,0.00009902,layer_7,0.2,3.2049,train
7032,5.297512,nan,0.00009902,layer_7,0.2,3.2049,train
7033,4.950197,nan,0.00009902,layer_7,0.2,3.2049,train
7034,5.183779,nan,0.00009902,layer_7,0.2,3.2049,train
7035,4.945661,nan,0.00009902,layer_7,0.2,3.2049,train
7036,5.149565,nan,0.00009902,layer_7,0.2,3.2049,train
7037,5.274357,nan,0.00009902,layer_7,0.2,3.2049,train
7038,5.477241,nan,0.00009902,layer_7,0.2,3.2049,train
7039,5.012680,nan,0.00009902,layer_7,0.2,3.2049,train
7040,5.684649,nan,0.00009902,layer_7,0.2,3.2049,train
7041,4.964844,nan,0.00009902,layer_8,0.2,3.2049,train
7042,5.346752,nan,0.00009902,layer_8,0.2,3.2049,train
7043,5.428042,nan,0.00009901,layer_8,0.2,3.2049,train
7044,4.730018,nan,0.00009901,layer_8,0.2,3.2049,train
7045,5.625969,nan,0.00009901,layer_8,0.2,3.2049,train
7046,6.780565,nan,0.00009901,layer_8,0.2,3.2049,train
7047,5.730165,nan,0.00009901,layer_8,0.2,3.2049,train
7048,6.352690,nan,0.00009901,layer_8,0.2,3.2049,train
7049,4.532220,nan,0.00009901,layer_8,0.2,3.2049,train
7050,5.001773,nan,0.00009901,layer_8,0.2,3.2049,train
7051,5.486557,nan,0.00009901,layer_9,0.2,3.2049,train
7052,5.699544,nan,0.00009901,layer_9,0.2,3.2049,train
7053,5.704351,nan,0.00009901,layer_9,0.2,3.2049,train
7054,5.222962,nan,0.00009901,layer_9,0.2,3.2049,train
7055,5.308556,nan,0.00009901,layer_9,0.2,3.2049,train
7056,4.602238,nan,0.00009901,layer_9,0.2,3.2049,train
7057,5.857618,nan,0.00009901,layer_9,0.2,3.2049,train
7058,5.123435,nan,0.00009901,layer_9,0.2,3.2049,train
7059,5.223620,nan,0.00009901,layer_9,0.2,3.2049,train
7060,5.769441,nan,0.00009901,layer_9,0.2,3.2049,train
7061,5.829987,nan,0.00009901,layer_10,0.2,3.2049,train
7062,5.038610,nan,0.00009901,layer_10,0.2,3.2049,train
7063,5.685583,nan,0.00009901,layer_10,0.2,3.2049,train
7064,5.268856,nan,0.00009901,layer_10,0.2,3.2049,train
7065,5.072805,nan,0.00009901,layer_10,0.2,3.2049,train
7066,5.272818,nan,0.00009901,layer_10,0.2,3.2049,train
7067,4.834503,nan,0.00009901,layer_10,0.2,3.2049,train
7068,4.791527,nan,0.00009901,layer_10,0.2,3.2049,train
7069,5.477832,nan,0.00009901,layer_10,0.2,3.2049,train
7070,4.353005,nan,0.00009901,layer_10,0.2,3.2049,train
7071,5.082811,nan,0.00009901,layer_11,0.2,3.2049,train
7072,5.139128,nan,0.00009901,layer_11,0.2,3.2049,train
7073,5.433230,nan,0.00009901,layer_11,0.2,3.2049,train
7074,5.736659,nan,0.00009900,layer_11,0.2,3.2049,train
7075,5.521516,nan,0.00009900,layer_11,0.2,3.2049,train
7076,5.469046,nan,0.00009900,layer_11,0.2,3.2049,train
7077,4.987377,nan,0.00009900,layer_11,0.2,3.2049,train
7078,5.422440,nan,0.00009900,layer_11,0.2,3.2049,train
7079,4.824597,nan,0.00009900,layer_11,0.2,3.2049,train
7080,5.927951,nan,0.00009900,layer_11,0.2,3.2049,train
7081,5.154150,nan,0.00009900,layer_0,0.2,3.2049,train
7082,5.226644,nan,0.00009900,layer_0,0.2,3.2049,train
7083,5.339855,nan,0.00009900,layer_0,0.2,3.2049,train
7084,5.307092,nan,0.00009900,layer_0,0.2,3.2049,train
7085,5.531337,nan,0.00009900,layer_0,0.2,3.2049,train
7086,5.158028,nan,0.00009900,layer_0,0.2,3.2049,train
7087,6.435287,nan,0.00009900,layer_0,0.2,3.2049,train
7088,4.986889,nan,0.00009900,layer_0,0.2,3.2049,train
7089,5.188357,nan,0.00009900,layer_0,0.2,3.2049,train
7090,4.838707,nan,0.00009900,layer_0,0.2,3.2049,train
7091,4.898306,nan,0.00009900,layer_1,0.2,3.2049,train
7092,4.965959,nan,0.00009900,layer_1,0.2,3.2049,train
7093,5.283508,nan,0.00009900,layer_1,0.2,3.2049,train
7094,5.056714,nan,0.00009900,layer_1,0.2,3.2049,train
7095,5.608431,nan,0.00009900,layer_1,0.2,3.2049,train
7096,5.526840,nan,0.00009900,layer_1,0.2,3.2049,train
7097,4.386321,nan,0.00009900,layer_1,0.2,3.2049,train
7098,5.347689,nan,0.00009900,layer_1,0.2,3.2049,train
7099,5.230218,nan,0.00009900,layer_1,0.2,3.2049,train
7100,5.368025,nan,0.00009900,layer_1,0.2,3.2049,train
7101,5.154249,nan,0.00009900,layer_2,0.2,3.2049,train
7102,5.167719,nan,0.00009900,layer_2,0.2,3.2049,train
7103,5.193434,nan,0.00009900,layer_2,0.2,3.2049,train
7104,5.598851,nan,0.00009900,layer_2,0.2,3.2049,train
7105,5.341445,nan,0.00009899,layer_2,0.2,3.2049,train
7106,5.610535,nan,0.00009899,layer_2,0.2,3.2049,train
7107,5.342504,nan,0.00009899,layer_2,0.2,3.2049,train
7108,4.203036,nan,0.00009899,layer_2,0.2,3.2049,train
7109,5.154248,nan,0.00009899,layer_2,0.2,3.2049,train
7110,5.448429,nan,0.00009899,layer_2,0.2,3.2049,train
7111,5.465667,nan,0.00009899,layer_3,0.2,3.2049,train
7112,5.178975,nan,0.00009899,layer_3,0.2,3.2049,train
7113,5.655396,nan,0.00009899,layer_3,0.2,3.2049,train
7114,4.826262,nan,0.00009899,layer_3,0.2,3.2049,train
7115,5.097130,nan,0.00009899,layer_3,0.2,3.2049,train
7116,5.283843,nan,0.00009899,layer_3,0.2,3.2049,train
7117,5.246047,nan,0.00009899,layer_3,0.2,3.2049,train
7118,5.147371,nan,0.00009899,layer_3,0.2,3.2049,train
7119,4.978632,nan,0.00009899,layer_3,0.2,3.2049,train
7120,5.669670,nan,0.00009899,layer_3,0.2,3.2049,train
7121,4.894780,nan,0.00009899,layer_4,0.2,3.2049,train
7122,4.345902,nan,0.00009899,layer_4,0.2,3.2049,train
7123,5.591492,nan,0.00009899,layer_4,0.2,3.2049,train
7124,5.510348,nan,0.00009899,layer_4,0.2,3.2049,train
7125,5.330183,nan,0.00009899,layer_4,0.2,3.2049,train
7126,5.691082,nan,0.00009899,layer_4,0.2,3.2049,train
7127,5.294676,nan,0.00009899,layer_4,0.2,3.2049,train
7128,4.908937,nan,0.00009899,layer_4,0.2,3.2049,train
7129,5.449361,nan,0.00009899,layer_4,0.2,3.2049,train
7130,5.297090,nan,0.00009899,layer_4,0.2,3.2049,train
7131,5.288139,nan,0.00009899,layer_5,0.2,3.2049,train
7132,5.400796,nan,0.00009899,layer_5,0.2,3.2049,train
7133,4.558467,nan,0.00009899,layer_5,0.2,3.2049,train
7134,5.329736,nan,0.00009899,layer_5,0.2,3.2049,train
7135,5.647504,nan,0.00009898,layer_5,0.2,3.2049,train
7136,5.240184,nan,0.00009898,layer_5,0.2,3.2049,train
7137,5.209516,nan,0.00009898,layer_5,0.2,3.2049,train
7138,4.933370,nan,0.00009898,layer_5,0.2,3.2049,train
7139,4.974147,nan,0.00009898,layer_5,0.2,3.2049,train
7140,5.122255,nan,0.00009898,layer_5,0.2,3.2049,train
7141,5.216823,nan,0.00009898,layer_6,0.2,3.2049,train
7142,5.602288,nan,0.00009898,layer_6,0.2,3.2049,train
7143,5.829780,nan,0.00009898,layer_6,0.2,3.2049,train
7144,5.416391,nan,0.00009898,layer_6,0.2,3.2049,train
7145,5.760743,nan,0.00009898,layer_6,0.2,3.2049,train
7146,5.722955,nan,0.00009898,layer_6,0.2,3.2049,train
7147,5.467804,nan,0.00009898,layer_6,0.2,3.2049,train
7148,4.834039,nan,0.00009898,layer_6,0.2,3.2049,train
7149,5.218191,nan,0.00009898,layer_6,0.2,3.2049,train
7150,5.061190,nan,0.00009898,layer_6,0.2,3.2049,train
7151,4.998403,nan,0.00009898,layer_7,0.2,3.2049,train
7152,5.295740,nan,0.00009898,layer_7,0.2,3.2049,train
7153,4.989428,nan,0.00009898,layer_7,0.2,3.2049,train
7154,4.674401,nan,0.00009898,layer_7,0.2,3.2049,train
7155,5.263566,nan,0.00009898,layer_7,0.2,3.2049,train
7156,5.270998,nan,0.00009898,layer_7,0.2,3.2049,train
7157,5.423315,nan,0.00009898,layer_7,0.2,3.2049,train
7158,5.331960,nan,0.00009898,layer_7,0.2,3.2049,train
7159,5.969878,nan,0.00009898,layer_7,0.2,3.2049,train
7160,5.544531,nan,0.00009898,layer_7,0.2,3.2049,train
7161,4.564108,nan,0.00009898,layer_8,0.2,3.2049,train
7162,5.397214,nan,0.00009898,layer_8,0.2,3.2049,train
7163,5.200681,nan,0.00009898,layer_8,0.2,3.2049,train
7164,6.820479,nan,0.00009898,layer_8,0.2,3.2049,train
7165,5.385575,nan,0.00009897,layer_8,0.2,3.2049,train
7166,5.216595,nan,0.00009897,layer_8,0.2,3.2049,train
7167,5.813823,nan,0.00009897,layer_8,0.2,3.2049,train
7168,4.832520,nan,0.00009897,layer_8,0.2,3.2049,train
7169,5.263212,nan,0.00009897,layer_8,0.2,3.2049,train
7170,6.006528,nan,0.00009897,layer_8,0.2,3.2049,train
7171,4.818383,nan,0.00009897,layer_9,0.2,3.2049,train
7172,5.697032,nan,0.00009897,layer_9,0.2,3.2049,train
7173,5.417595,nan,0.00009897,layer_9,0.2,3.2049,train
7174,5.101244,nan,0.00009897,layer_9,0.2,3.2049,train
7175,5.790620,nan,0.00009897,layer_9,0.2,3.2049,train
7176,4.796510,nan,0.00009897,layer_9,0.2,3.2049,train
7177,4.886904,nan,0.00009897,layer_9,0.2,3.2049,train
7178,5.091339,nan,0.00009897,layer_9,0.2,3.2049,train
7179,5.379348,nan,0.00009897,layer_9,0.2,3.2049,train
7180,5.202472,nan,0.00009897,layer_9,0.2,3.2049,train
7181,4.958491,nan,0.00009897,layer_10,0.2,3.2049,train
7182,5.212692,nan,0.00009897,layer_10,0.2,3.2049,train
7183,5.195323,nan,0.00009897,layer_10,0.2,3.2049,train
7184,5.634971,nan,0.00009897,layer_10,0.2,3.2049,train
7185,5.480824,nan,0.00009897,layer_10,0.2,3.2049,train
7186,5.301150,nan,0.00009897,layer_10,0.2,3.2049,train
7187,6.164979,nan,0.00009897,layer_10,0.2,3.2049,train
7188,4.702508,nan,0.00009897,layer_10,0.2,3.2049,train
7189,5.389232,nan,0.00009897,layer_10,0.2,3.2049,train
7190,5.198257,nan,0.00009897,layer_10,0.2,3.2049,train
7191,5.201792,nan,0.00009897,layer_11,0.2,3.2049,train
7192,5.801460,nan,0.00009897,layer_11,0.2,3.2049,train
7193,5.018977,nan,0.00009897,layer_11,0.2,3.2049,train
7194,5.405500,nan,0.00009897,layer_11,0.2,3.2049,train
7195,5.050390,nan,0.00009896,layer_11,0.2,3.2049,train
7196,5.392137,nan,0.00009896,layer_11,0.2,3.2049,train
7197,5.423162,nan,0.00009896,layer_11,0.2,3.2049,train
7198,5.083909,nan,0.00009896,layer_11,0.2,3.2049,train
7199,4.817049,nan,0.00009896,layer_11,0.2,3.2049,train
7200,5.612064,nan,0.00009896,layer_11,0.2,3.2049,train
7201,4.906549,nan,0.00009896,layer_0,0.2,3.2049,train
7202,5.654089,nan,0.00009896,layer_0,0.2,3.2049,train
7203,5.109643,nan,0.00009896,layer_0,0.2,3.2049,train
7204,5.075365,nan,0.00009896,layer_0,0.2,3.2049,train
7205,5.467423,nan,0.00009896,layer_0,0.2,3.2049,train
7206,5.625018,nan,0.00009896,layer_0,0.2,3.2049,train
7207,4.316484,nan,0.00009896,layer_0,0.2,3.2049,train
7208,4.369400,nan,0.00009896,layer_0,0.2,3.2049,train
7209,5.679686,nan,0.00009896,layer_0,0.2,3.2049,train
7210,4.525716,nan,0.00009896,layer_0,0.2,3.2049,train
7211,4.672957,nan,0.00009896,layer_1,0.2,3.2049,train
7212,4.933355,nan,0.00009896,layer_1,0.2,3.2049,train
7213,5.970279,nan,0.00009896,layer_1,0.2,3.2049,train
7214,5.395334,nan,0.00009896,layer_1,0.2,3.2049,train
7215,5.463275,nan,0.00009896,layer_1,0.2,3.2049,train
7216,4.565614,nan,0.00009896,layer_1,0.2,3.2049,train
7217,5.463579,nan,0.00009896,layer_1,0.2,3.2049,train
7218,5.195776,nan,0.00009896,layer_1,0.2,3.2049,train
7219,5.165343,nan,0.00009896,layer_1,0.2,3.2049,train
7220,4.585828,nan,0.00009896,layer_1,0.2,3.2049,train
7221,5.257909,nan,0.00009896,layer_2,0.2,3.2049,train
7222,5.032042,nan,0.00009896,layer_2,0.2,3.2049,train
7223,5.122798,nan,0.00009896,layer_2,0.2,3.2049,train
7224,5.254089,nan,0.00009896,layer_2,0.2,3.2049,train
7225,4.974260,nan,0.00009895,layer_2,0.2,3.2049,train
7226,5.539665,nan,0.00009895,layer_2,0.2,3.2049,train
7227,4.965559,nan,0.00009895,layer_2,0.2,3.2049,train
7228,4.968129,nan,0.00009895,layer_2,0.2,3.2049,train
7229,5.596774,nan,0.00009895,layer_2,0.2,3.2049,train
7230,4.676859,nan,0.00009895,layer_2,0.2,3.2049,train
7231,5.370385,nan,0.00009895,layer_3,0.2,3.2049,train
7232,4.946668,nan,0.00009895,layer_3,0.2,3.2049,train
7233,5.564877,nan,0.00009895,layer_3,0.2,3.2049,train
7234,5.035437,nan,0.00009895,layer_3,0.2,3.2049,train
7235,5.499749,nan,0.00009895,layer_3,0.2,3.2049,train
7236,5.210147,nan,0.00009895,layer_3,0.2,3.2049,train
7237,4.854173,nan,0.00009895,layer_3,0.2,3.2049,train
7238,4.407683,nan,0.00009895,layer_3,0.2,3.2049,train
7239,5.243311,nan,0.00009895,layer_3,0.2,3.2049,train
7240,4.537702,nan,0.00009895,layer_3,0.2,3.2049,train
7241,5.210237,nan,0.00009895,layer_4,0.2,3.2049,train
7242,6.070322,nan,0.00009895,layer_4,0.2,3.2049,train
7243,4.860073,nan,0.00009895,layer_4,0.2,3.2049,train
7244,5.426002,nan,0.00009895,layer_4,0.2,3.2049,train
7245,5.133956,nan,0.00009895,layer_4,0.2,3.2049,train
7246,4.660827,nan,0.00009895,layer_4,0.2,3.2049,train
7247,4.446885,nan,0.00009895,layer_4,0.2,3.2049,train
7248,5.446774,nan,0.00009895,layer_4,0.2,3.2049,train
7249,4.647932,nan,0.00009895,layer_4,0.2,3.2049,train
7250,4.530659,nan,0.00009895,layer_4,0.2,3.2049,train
7251,5.083209,nan,0.00009895,layer_5,0.2,3.2049,train
7252,4.841310,nan,0.00009895,layer_5,0.2,3.2049,train
7253,5.463978,nan,0.00009895,layer_5,0.2,3.2049,train
7254,5.675592,nan,0.00009895,layer_5,0.2,3.2049,train
7255,5.000592,nan,0.00009894,layer_5,0.2,3.2049,train
7256,5.292563,nan,0.00009894,layer_5,0.2,3.2049,train
7257,5.123221,nan,0.00009894,layer_5,0.2,3.2049,train
7258,4.917187,nan,0.00009894,layer_5,0.2,3.2049,train
7259,5.103802,nan,0.00009894,layer_5,0.2,3.2049,train
7260,5.701341,nan,0.00009894,layer_5,0.2,3.2049,train
7261,5.207759,nan,0.00009894,layer_6,0.2,3.2049,train
7262,5.120128,nan,0.00009894,layer_6,0.2,3.2049,train
7263,5.195911,nan,0.00009894,layer_6,0.2,3.2049,train
7264,5.382451,nan,0.00009894,layer_6,0.2,3.2049,train
7265,4.967272,nan,0.00009894,layer_6,0.2,3.2049,train
7266,4.661016,nan,0.00009894,layer_6,0.2,3.2049,train
7267,5.631347,nan,0.00009894,layer_6,0.2,3.2049,train
7268,5.242043,nan,0.00009894,layer_6,0.2,3.2049,train
7269,4.961110,nan,0.00009894,layer_6,0.2,3.2049,train
7270,7.019914,nan,0.00009894,layer_6,0.2,3.2049,train
7271,4.925909,nan,0.00009894,layer_7,0.2,3.2049,train
7272,5.056546,nan,0.00009894,layer_7,0.2,3.2049,train
7273,5.376576,nan,0.00009894,layer_7,0.2,3.2049,train
7274,5.365795,nan,0.00009894,layer_7,0.2,3.2049,train
7275,5.008802,nan,0.00009894,layer_7,0.2,3.2049,train
7276,5.529902,nan,0.00009894,layer_7,0.2,3.2049,train
7277,5.605368,nan,0.00009894,layer_7,0.2,3.2049,train
7278,5.090392,nan,0.00009894,layer_7,0.2,3.2049,train
7279,5.391130,nan,0.00009894,layer_7,0.2,3.2049,train
7280,4.725536,nan,0.00009894,layer_7,0.2,3.2049,train
7281,5.051753,nan,0.00009894,layer_8,0.2,3.2049,train
7282,4.961477,nan,0.00009894,layer_8,0.2,3.2049,train
7283,5.011958,nan,0.00009894,layer_8,0.2,3.2049,train
7284,5.222311,nan,0.00009894,layer_8,0.2,3.2049,train
7285,5.508653,nan,0.00009893,layer_8,0.2,3.2049,train
7286,5.046438,nan,0.00009893,layer_8,0.2,3.2049,train
7287,5.227186,nan,0.00009893,layer_8,0.2,3.2049,train
7288,5.500398,nan,0.00009893,layer_8,0.2,3.2049,train
7289,5.661218,nan,0.00009893,layer_8,0.2,3.2049,train
7290,5.334236,nan,0.00009893,layer_8,0.2,3.2049,train
7291,5.238604,nan,0.00009893,layer_9,0.2,3.2049,train
7292,5.693789,nan,0.00009893,layer_9,0.2,3.2049,train
7293,5.248266,nan,0.00009893,layer_9,0.2,3.2049,train
7294,5.193893,nan,0.00009893,layer_9,0.2,3.2049,train
7295,4.611664,nan,0.00009893,layer_9,0.2,3.2049,train
7296,5.162820,nan,0.00009893,layer_9,0.2,3.2049,train
7297,5.041993,nan,0.00009893,layer_9,0.2,3.2049,train
7298,4.987295,nan,0.00009893,layer_9,0.2,3.2049,train
7299,5.255831,nan,0.00009893,layer_9,0.2,3.2049,train
7300,5.715312,nan,0.00009893,layer_9,0.2,3.2049,train
7301,5.187867,nan,0.00009893,layer_10,0.2,3.2049,train
7302,5.053402,nan,0.00009893,layer_10,0.2,3.2049,train
7303,5.344498,nan,0.00009893,layer_10,0.2,3.2049,train
7304,4.762524,nan,0.00009893,layer_10,0.2,3.2049,train
7305,5.293715,nan,0.00009893,layer_10,0.2,3.2049,train
7306,5.368727,nan,0.00009893,layer_10,0.2,3.2049,train
7307,5.024953,nan,0.00009893,layer_10,0.2,3.2049,train
7308,6.085361,nan,0.00009893,layer_10,0.2,3.2049,train
7309,5.058019,nan,0.00009893,layer_10,0.2,3.2049,train
7310,5.890436,nan,0.00009893,layer_10,0.2,3.2049,train
7311,5.074569,nan,0.00009893,layer_11,0.2,3.2049,train
7312,5.176204,nan,0.00009893,layer_11,0.2,3.2049,train
7313,5.907924,nan,0.00009893,layer_11,0.2,3.2049,train
7314,5.334709,nan,0.00009892,layer_11,0.2,3.2049,train
7315,5.068578,nan,0.00009892,layer_11,0.2,3.2049,train
7316,5.460572,nan,0.00009892,layer_11,0.2,3.2049,train
7317,4.982530,nan,0.00009892,layer_11,0.2,3.2049,train
7318,4.518817,nan,0.00009892,layer_11,0.2,3.2049,train
7319,5.153628,nan,0.00009892,layer_11,0.2,3.2049,train
7320,5.294419,nan,0.00009892,layer_11,0.2,3.2049,train
7321,4.438526,nan,0.00009892,layer_0,0.2,3.2049,train
7322,4.943063,nan,0.00009892,layer_0,0.2,3.2049,train
7323,4.978616,nan,0.00009892,layer_0,0.2,3.2049,train
7324,5.557772,nan,0.00009892,layer_0,0.2,3.2049,train
7325,5.471208,nan,0.00009892,layer_0,0.2,3.2049,train
7326,4.948287,nan,0.00009892,layer_0,0.2,3.2049,train
7327,4.285524,nan,0.00009892,layer_0,0.2,3.2049,train
7328,4.952155,nan,0.00009892,layer_0,0.2,3.2049,train
7329,5.737505,nan,0.00009892,layer_0,0.2,3.2049,train
7330,5.981548,nan,0.00009892,layer_0,0.2,3.2049,train
7331,5.048330,nan,0.00009892,layer_1,0.2,3.2049,train
7332,5.198904,nan,0.00009892,layer_1,0.2,3.2049,train
7333,5.372350,nan,0.00009892,layer_1,0.2,3.2049,train
7334,5.152775,nan,0.00009892,layer_1,0.2,3.2049,train
7335,5.083141,nan,0.00009892,layer_1,0.2,3.2049,train
7336,4.891201,nan,0.00009892,layer_1,0.2,3.2049,train
7337,4.607134,nan,0.00009892,layer_1,0.2,3.2049,train
7338,5.195213,nan,0.00009892,layer_1,0.2,3.2049,train
7339,4.968148,nan,0.00009892,layer_1,0.2,3.2049,train
7340,5.287634,nan,0.00009892,layer_1,0.2,3.2049,train
7341,4.897864,nan,0.00009892,layer_2,0.2,3.2049,train
7342,5.338980,nan,0.00009892,layer_2,0.2,3.2049,train
7343,5.671145,nan,0.00009892,layer_2,0.2,3.2049,train
7344,5.100662,nan,0.00009891,layer_2,0.2,3.2049,train
7345,5.456548,nan,0.00009891,layer_2,0.2,3.2049,train
7346,5.394108,nan,0.00009891,layer_2,0.2,3.2049,train
7347,5.303317,nan,0.00009891,layer_2,0.2,3.2049,train
7348,4.996602,nan,0.00009891,layer_2,0.2,3.2049,train
7349,6.053938,nan,0.00009891,layer_2,0.2,3.2049,train
7350,5.049010,nan,0.00009891,layer_2,0.2,3.2049,train
7351,4.529502,nan,0.00009891,layer_3,0.2,3.2049,train
7352,5.290470,nan,0.00009891,layer_3,0.2,3.2049,train
7353,4.954681,nan,0.00009891,layer_3,0.2,3.2049,train
7354,5.050646,nan,0.00009891,layer_3,0.2,3.2049,train
7355,5.305498,nan,0.00009891,layer_3,0.2,3.2049,train
7356,4.980044,nan,0.00009891,layer_3,0.2,3.2049,train
7357,5.318019,nan,0.00009891,layer_3,0.2,3.2049,train
7358,4.942355,nan,0.00009891,layer_3,0.2,3.2049,train
7359,5.330552,nan,0.00009891,layer_3,0.2,3.2049,train
7360,4.829263,nan,0.00009891,layer_3,0.2,3.2049,train
7361,4.789524,nan,0.00009891,layer_4,0.2,3.2049,train
7362,5.281573,nan,0.00009891,layer_4,0.2,3.2049,train
7363,5.386171,nan,0.00009891,layer_4,0.2,3.2049,train
7364,5.193662,nan,0.00009891,layer_4,0.2,3.2049,train
7365,5.172779,nan,0.00009891,layer_4,0.2,3.2049,train
7366,5.686012,nan,0.00009891,layer_4,0.2,3.2049,train
7367,4.973307,nan,0.00009891,layer_4,0.2,3.2049,train
7368,4.865269,nan,0.00009891,layer_4,0.2,3.2049,train
7369,5.365674,nan,0.00009891,layer_4,0.2,3.2049,train
7370,5.502571,nan,0.00009891,layer_4,0.2,3.2049,train
7371,4.926003,nan,0.00009891,layer_5,0.2,3.2049,train
7372,4.881736,nan,0.00009891,layer_5,0.2,3.2049,train
7373,5.452524,nan,0.00009890,layer_5,0.2,3.2049,train
7374,4.806637,nan,0.00009890,layer_5,0.2,3.2049,train
7375,5.354520,nan,0.00009890,layer_5,0.2,3.2049,train
7376,4.902078,nan,0.00009890,layer_5,0.2,3.2049,train
7377,5.189469,nan,0.00009890,layer_5,0.2,3.2049,train
7378,5.119896,nan,0.00009890,layer_5,0.2,3.2049,train
7379,5.324076,nan,0.00009890,layer_5,0.2,3.2049,train
7380,5.539313,nan,0.00009890,layer_5,0.2,3.2049,train
7381,5.155787,nan,0.00009890,layer_6,0.2,3.2049,train
7382,4.874421,nan,0.00009890,layer_6,0.2,3.2049,train
7383,4.417750,nan,0.00009890,layer_6,0.2,3.2049,train
7384,5.260521,nan,0.00009890,layer_6,0.2,3.2049,train
7385,5.266810,nan,0.00009890,layer_6,0.2,3.2049,train
7386,5.262529,nan,0.00009890,layer_6,0.2,3.2049,train
7387,5.078225,nan,0.00009890,layer_6,0.2,3.2049,train
7388,5.497719,nan,0.00009890,layer_6,0.2,3.2049,train
7389,4.976999,nan,0.00009890,layer_6,0.2,3.2049,train
7390,5.656941,nan,0.00009890,layer_6,0.2,3.2049,train
7391,5.110407,nan,0.00009890,layer_7,0.2,3.2049,train
7392,5.219478,nan,0.00009890,layer_7,0.2,3.2049,train
7393,5.391653,nan,0.00009890,layer_7,0.2,3.2049,train
7394,5.366994,nan,0.00009890,layer_7,0.2,3.2049,train
7395,5.202228,nan,0.00009890,layer_7,0.2,3.2049,train
7396,5.371680,nan,0.00009890,layer_7,0.2,3.2049,train
7397,5.251715,nan,0.00009890,layer_7,0.2,3.2049,train
7398,4.919890,nan,0.00009890,layer_7,0.2,3.2049,train
7399,4.879845,nan,0.00009890,layer_7,0.2,3.2049,train
7400,5.915147,nan,0.00009890,layer_7,0.2,3.2049,train
7401,4.701600,nan,0.00009890,layer_8,0.2,3.2049,train
7402,5.435897,nan,0.00009889,layer_8,0.2,3.2049,train
7403,4.747004,nan,0.00009889,layer_8,0.2,3.2049,train
7404,5.244833,nan,0.00009889,layer_8,0.2,3.2049,train
7405,5.501832,nan,0.00009889,layer_8,0.2,3.2049,train
7406,4.619127,nan,0.00009889,layer_8,0.2,3.2049,train
7407,5.248534,nan,0.00009889,layer_8,0.2,3.2049,train
7408,5.053160,nan,0.00009889,layer_8,0.2,3.2049,train
7409,4.362473,nan,0.00009889,layer_8,0.2,3.2049,train
7410,5.482270,nan,0.00009889,layer_8,0.2,3.2049,train
7411,5.741421,nan,0.00009889,layer_9,0.2,3.2049,train
7412,5.576173,nan,0.00009889,layer_9,0.2,3.2049,train
7413,4.819267,nan,0.00009889,layer_9,0.2,3.2049,train
7414,6.099492,nan,0.00009889,layer_9,0.2,3.2049,train
7415,5.033009,nan,0.00009889,layer_9,0.2,3.2049,train
7416,4.954650,nan,0.00009889,layer_9,0.2,3.2049,train
7417,4.827087,nan,0.00009889,layer_9,0.2,3.2049,train
7418,5.089688,nan,0.00009889,layer_9,0.2,3.2049,train
7419,5.137051,nan,0.00009889,layer_9,0.2,3.2049,train
7420,4.372458,nan,0.00009889,layer_9,0.2,3.2049,train
7421,4.931254,nan,0.00009889,layer_10,0.2,3.2049,train
7422,4.397959,nan,0.00009889,layer_10,0.2,3.2049,train
7423,5.402658,nan,0.00009889,layer_10,0.2,3.2049,train
7424,5.047773,nan,0.00009889,layer_10,0.2,3.2049,train
7425,5.370472,nan,0.00009889,layer_10,0.2,3.2049,train
7426,5.393799,nan,0.00009889,layer_10,0.2,3.2049,train
7427,5.682358,nan,0.00009889,layer_10,0.2,3.2049,train
7428,5.404641,nan,0.00009889,layer_10,0.2,3.2049,train
7429,5.638377,nan,0.00009889,layer_10,0.2,3.2049,train
7430,5.428296,nan,0.00009889,layer_10,0.2,3.2049,train
7431,5.793111,nan,0.00009888,layer_11,0.2,3.2049,train
7432,5.468381,nan,0.00009888,layer_11,0.2,3.2049,train
7433,5.288501,nan,0.00009888,layer_11,0.2,3.2049,train
7434,4.692601,nan,0.00009888,layer_11,0.2,3.2049,train
7435,5.060734,nan,0.00009888,layer_11,0.2,3.2049,train
7436,5.259326,nan,0.00009888,layer_11,0.2,3.2049,train
7437,5.028486,nan,0.00009888,layer_11,0.2,3.2049,train
7438,5.073133,nan,0.00009888,layer_11,0.2,3.2049,train
7439,5.816845,nan,0.00009888,layer_11,0.2,3.2049,train
7440,5.219733,nan,0.00009888,layer_11,0.2,3.2049,train
7441,4.585351,nan,0.00009888,layer_0,0.2,3.2049,train
7442,4.905924,nan,0.00009888,layer_0,0.2,3.2049,train
7443,4.988317,nan,0.00009888,layer_0,0.2,3.2049,train
7444,5.027925,nan,0.00009888,layer_0,0.2,3.2049,train
7445,4.603433,nan,0.00009888,layer_0,0.2,3.2049,train
7446,5.455920,nan,0.00009888,layer_0,0.2,3.2049,train
7447,5.161747,nan,0.00009888,layer_0,0.2,3.2049,train
7448,5.223992,nan,0.00009888,layer_0,0.2,3.2049,train
7449,4.739594,nan,0.00009888,layer_0,0.2,3.2049,train
7450,5.160148,nan,0.00009888,layer_0,0.2,3.2049,train
7451,5.451477,nan,0.00009888,layer_1,0.2,3.2049,train
7452,5.131483,nan,0.00009888,layer_1,0.2,3.2049,train
7453,5.134793,nan,0.00009888,layer_1,0.2,3.2049,train
7454,5.701797,nan,0.00009888,layer_1,0.2,3.2049,train
7455,5.260330,nan,0.00009888,layer_1,0.2,3.2049,train
7456,5.310201,nan,0.00009888,layer_1,0.2,3.2049,train
7457,4.986294,nan,0.00009888,layer_1,0.2,3.2049,train
7458,5.841115,nan,0.00009888,layer_1,0.2,3.2049,train
7459,5.241982,nan,0.00009888,layer_1,0.2,3.2049,train
7460,4.690058,nan,0.00009887,layer_1,0.2,3.2049,train
7461,5.327303,nan,0.00009887,layer_2,0.2,3.2049,train
7462,6.089166,nan,0.00009887,layer_2,0.2,3.2049,train
7463,4.512050,nan,0.00009887,layer_2,0.2,3.2049,train
7464,4.865006,nan,0.00009887,layer_2,0.2,3.2049,train
7465,4.823721,nan,0.00009887,layer_2,0.2,3.2049,train
7466,5.294799,nan,0.00009887,layer_2,0.2,3.2049,train
7467,5.015077,nan,0.00009887,layer_2,0.2,3.2049,train
7468,5.468926,nan,0.00009887,layer_2,0.2,3.2049,train
7469,5.071367,nan,0.00009887,layer_2,0.2,3.2049,train
7470,5.166536,nan,0.00009887,layer_2,0.2,3.2049,train
7471,5.421657,nan,0.00009887,layer_3,0.2,3.2049,train
7472,5.101790,nan,0.00009887,layer_3,0.2,3.2049,train
7473,5.341991,nan,0.00009887,layer_3,0.2,3.2049,train
7474,4.491865,nan,0.00009887,layer_3,0.2,3.2049,train
7475,5.307672,nan,0.00009887,layer_3,0.2,3.2049,train
7476,5.254394,nan,0.00009887,layer_3,0.2,3.2049,train
7477,5.119291,nan,0.00009887,layer_3,0.2,3.2049,train
7478,5.522332,nan,0.00009887,layer_3,0.2,3.2049,train
7479,5.379369,nan,0.00009887,layer_3,0.2,3.2049,train
7480,4.281124,nan,0.00009887,layer_3,0.2,3.2049,train
7481,6.494272,nan,0.00009887,layer_4,0.2,3.2049,train
7482,6.828856,nan,0.00009887,layer_4,0.2,3.2049,train
7483,4.421462,nan,0.00009887,layer_4,0.2,3.2049,train
7484,5.319678,nan,0.00009887,layer_4,0.2,3.2049,train
7485,5.860558,nan,0.00009887,layer_4,0.2,3.2049,train
7486,4.611458,nan,0.00009887,layer_4,0.2,3.2049,train
7487,5.095851,nan,0.00009887,layer_4,0.2,3.2049,train
7488,5.205580,nan,0.00009887,layer_4,0.2,3.2049,train
7489,5.479296,nan,0.00009886,layer_4,0.2,3.2049,train
7490,5.142784,nan,0.00009886,layer_4,0.2,3.2049,train
7491,5.100125,nan,0.00009886,layer_5,0.2,3.2049,train
7492,5.104611,nan,0.00009886,layer_5,0.2,3.2049,train
7493,5.724870,nan,0.00009886,layer_5,0.2,3.2049,train
7494,4.623534,nan,0.00009886,layer_5,0.2,3.2049,train
7495,5.184327,nan,0.00009886,layer_5,0.2,3.2049,train
7496,5.210841,nan,0.00009886,layer_5,0.2,3.2049,train
7497,5.066375,nan,0.00009886,layer_5,0.2,3.2049,train
7498,5.434527,nan,0.00009886,layer_5,0.2,3.2049,train
7499,4.882637,nan,0.00009886,layer_5,0.2,3.2049,train
7500,5.675649,nan,0.00009886,layer_5,0.2,3.2049,train
7500,5.208417,5.255863,0.00009886,layer_6,15.0,3.2049,eval
7501,5.209531,nan,0.00009886,layer_6,0.2,3.2049,train
7502,4.474672,nan,0.00009886,layer_6,0.2,3.2049,train
7503,5.611578,nan,0.00009886,layer_6,0.2,3.2049,train
7504,5.505541,nan,0.00009886,layer_6,0.2,3.2049,train
7505,5.297807,nan,0.00009886,layer_6,0.2,3.2049,train
7506,4.684493,nan,0.00009886,layer_6,0.2,3.2049,train
7507,4.791718,nan,0.00009886,layer_6,0.2,3.2049,train
7508,5.029660,nan,0.00009886,layer_6,0.2,3.2049,train
7509,5.361288,nan,0.00009886,layer_6,0.2,3.2049,train
7510,4.749056,nan,0.00009886,layer_6,0.2,3.2049,train
7511,5.406309,nan,0.00009886,layer_7,0.2,3.2049,train
7512,5.173804,nan,0.00009886,layer_7,0.2,3.2049,train
7513,5.119271,nan,0.00009886,layer_7,0.2,3.2049,train
7514,5.708631,nan,0.00009886,layer_7,0.2,3.2049,train
7515,5.147867,nan,0.00009886,layer_7,0.2,3.2049,train
7516,5.436055,nan,0.00009886,layer_7,0.2,3.2049,train
7517,4.998212,nan,0.00009886,layer_7,0.2,3.2049,train
7518,5.611871,nan,0.00009885,layer_7,0.2,3.2049,train
7519,5.159741,nan,0.00009885,layer_7,0.2,3.2049,train
7520,5.743661,nan,0.00009885,layer_7,0.2,3.2049,train
7521,4.761237,nan,0.00009885,layer_8,0.2,3.2049,train
7522,5.253464,nan,0.00009885,layer_8,0.2,3.2049,train
7523,5.200177,nan,0.00009885,layer_8,0.2,3.2049,train
7524,4.577073,nan,0.00009885,layer_8,0.2,3.2049,train
7525,5.359151,nan,0.00009885,layer_8,0.2,3.2049,train
7526,5.621960,nan,0.00009885,layer_8,0.2,3.2049,train
7527,5.383012,nan,0.00009885,layer_8,0.2,3.2049,train
7528,4.742548,nan,0.00009885,layer_8,0.2,3.2049,train
7529,5.085565,nan,0.00009885,layer_8,0.2,3.2049,train
7530,4.877565,nan,0.00009885,layer_8,0.2,3.2049,train
7531,5.530200,nan,0.00009885,layer_9,0.2,3.2049,train
7532,5.269143,nan,0.00009885,layer_9,0.2,3.2049,train
7533,4.896986,nan,0.00009885,layer_9,0.2,3.2049,train
7534,5.593714,nan,0.00009885,layer_9,0.2,3.2049,train
7535,5.199978,nan,0.00009885,layer_9,0.2,3.2049,train
7536,6.117736,nan,0.00009885,layer_9,0.2,3.2049,train
7537,5.646965,nan,0.00009885,layer_9,0.2,3.2049,train
7538,5.209264,nan,0.00009885,layer_9,0.2,3.2049,train
7539,4.577169,nan,0.00009885,layer_9,0.2,3.2049,train
7540,5.288943,nan,0.00009885,layer_9,0.2,3.2049,train
7541,5.393627,nan,0.00009885,layer_10,0.2,3.2049,train
7542,5.361247,nan,0.00009885,layer_10,0.2,3.2049,train
7543,4.961786,nan,0.00009885,layer_10,0.2,3.2049,train
7544,4.625995,nan,0.00009885,layer_10,0.2,3.2049,train
7545,5.155529,nan,0.00009885,layer_10,0.2,3.2049,train
7546,4.994373,nan,0.00009884,layer_10,0.2,3.2049,train
7547,4.857649,nan,0.00009884,layer_10,0.2,3.2049,train
7548,4.990522,nan,0.00009884,layer_10,0.2,3.2049,train
7549,5.741065,nan,0.00009884,layer_10,0.2,3.2049,train
7550,5.174219,nan,0.00009884,layer_10,0.2,3.2049,train
7551,4.785569,nan,0.00009884,layer_11,0.2,3.2049,train
7552,4.606792,nan,0.00009884,layer_11,0.2,3.2049,train
7553,4.591314,nan,0.00009884,layer_11,0.2,3.2049,train
7554,4.956549,nan,0.00009884,layer_11,0.2,3.2049,train
7555,4.871716,nan,0.00009884,layer_11,0.2,3.2049,train
7556,5.128658,nan,0.00009884,layer_11,0.2,3.2049,train
7557,5.375832,nan,0.00009884,layer_11,0.2,3.2049,train
7558,5.315385,nan,0.00009884,layer_11,0.2,3.2049,train
7559,5.119695,nan,0.00009884,layer_11,0.2,3.2049,train
7560,4.855817,nan,0.00009884,layer_11,0.2,3.2049,train
7561,5.104184,nan,0.00009884,layer_0,0.2,3.2049,train
7562,5.047903,nan,0.00009884,layer_0,0.2,3.2049,train
7563,4.858187,nan,0.00009884,layer_0,0.2,3.2049,train
7564,5.670589,nan,0.00009884,layer_0,0.2,3.2049,train
7565,5.439682,nan,0.00009884,layer_0,0.2,3.2049,train
7566,5.234029,nan,0.00009884,layer_0,0.2,3.2049,train
7567,5.289143,nan,0.00009884,layer_0,0.2,3.2049,train
7568,5.426954,nan,0.00009884,layer_0,0.2,3.2049,train
7569,5.520628,nan,0.00009884,layer_0,0.2,3.2049,train
7570,5.104916,nan,0.00009884,layer_0,0.2,3.2049,train
7571,5.422443,nan,0.00009884,layer_1,0.2,3.2049,train
7572,5.372172,nan,0.00009884,layer_1,0.2,3.2049,train
7573,4.822275,nan,0.00009884,layer_1,0.2,3.2049,train
7574,5.781378,nan,0.00009884,layer_1,0.2,3.2049,train
7575,4.983831,nan,0.00009883,layer_1,0.2,3.2049,train
7576,5.190692,nan,0.00009883,layer_1,0.2,3.2049,train
7577,5.108658,nan,0.00009883,layer_1,0.2,3.2049,train
7578,4.945064,nan,0.00009883,layer_1,0.2,3.2049,train
7579,5.610079,nan,0.00009883,layer_1,0.2,3.2049,train
7580,4.513146,nan,0.00009883,layer_1,0.2,3.2049,train
7581,5.162482,nan,0.00009883,layer_2,0.2,3.2049,train
7582,5.490185,nan,0.00009883,layer_2,0.2,3.2049,train
7583,5.390707,nan,0.00009883,layer_2,0.2,3.2049,train
7584,5.164407,nan,0.00009883,layer_2,0.2,3.2049,train
7585,4.939708,nan,0.00009883,layer_2,0.2,3.2049,train
7586,5.880239,nan,0.00009883,layer_2,0.2,3.2049,train
7587,5.613849,nan,0.00009883,layer_2,0.2,3.2049,train
7588,5.232245,nan,0.00009883,layer_2,0.2,3.2049,train
7589,5.446555,nan,0.00009883,layer_2,0.2,3.2049,train
7590,5.328142,nan,0.00009883,layer_2,0.2,3.2049,train
7591,5.278090,nan,0.00009883,layer_3,0.2,3.2049,train
7592,5.335336,nan,0.00009883,layer_3,0.2,3.2049,train
7593,4.774714,nan,0.00009883,layer_3,0.2,3.2049,train
7594,5.057120,nan,0.00009883,layer_3,0.2,3.2049,train
7595,5.287773,nan,0.00009883,layer_3,0.2,3.2049,train
7596,5.738929,nan,0.00009883,layer_3,0.2,3.2049,train
7597,5.383512,nan,0.00009883,layer_3,0.2,3.2049,train
7598,5.080746,nan,0.00009883,layer_3,0.2,3.2049,train
7599,5.269686,nan,0.00009883,layer_3,0.2,3.2049,train
7600,5.505150,nan,0.00009883,layer_3,0.2,3.2049,train
7601,5.436399,nan,0.00009883,layer_4,0.2,3.2049,train
7602,5.086150,nan,0.00009883,layer_4,0.2,3.2049,train
7603,4.757841,nan,0.00009882,layer_4,0.2,3.2049,train
7604,5.445184,nan,0.00009882,layer_4,0.2,3.2049,train
7605,4.902843,nan,0.00009882,layer_4,0.2,3.2049,train
7606,4.776444,nan,0.00009882,layer_4,0.2,3.2049,train
7607,5.392522,nan,0.00009882,layer_4,0.2,3.2049,train
7608,4.984339,nan,0.00009882,layer_4,0.2,3.2049,train
7609,4.729877,nan,0.00009882,layer_4,0.2,3.2049,train
7610,5.423561,nan,0.00009882,layer_4,0.2,3.2049,train
7611,5.764057,nan,0.00009882,layer_5,0.2,3.2049,train
7612,4.838111,nan,0.00009882,layer_5,0.2,3.2049,train
7613,5.190157,nan,0.00009882,layer_5,0.2,3.2049,train
7614,5.335499,nan,0.00009882,layer_5,0.2,3.2049,train
7615,5.009182,nan,0.00009882,layer_5,0.2,3.2049,train
7616,5.211444,nan,0.00009882,layer_5,0.2,3.2049,train
7617,5.586547,nan,0.00009882,layer_5,0.2,3.2049,train
7618,5.428657,nan,0.00009882,layer_5,0.2,3.2049,train
7619,4.571198,nan,0.00009882,layer_5,0.2,3.2049,train
7620,5.827566,nan,0.00009882,layer_5,0.2,3.2049,train
7621,6.298104,nan,0.00009882,layer_6,0.2,3.2049,train
7622,5.175706,nan,0.00009882,layer_6,0.2,3.2049,train
7623,5.032380,nan,0.00009882,layer_6,0.2,3.2049,train
7624,4.936620,nan,0.00009882,layer_6,0.2,3.2049,train
7625,5.598388,nan,0.00009882,layer_6,0.2,3.2049,train
7626,4.845170,nan,0.00009882,layer_6,0.2,3.2049,train
7627,5.295614,nan,0.00009882,layer_6,0.2,3.2049,train
7628,5.254955,nan,0.00009882,layer_6,0.2,3.2049,train
7629,5.321564,nan,0.00009882,layer_6,0.2,3.2049,train
7630,5.215831,nan,0.00009882,layer_6,0.2,3.2049,train
7631,4.724410,nan,0.00009881,layer_7,0.2,3.2049,train
7632,4.770350,nan,0.00009881,layer_7,0.2,3.2049,train
7633,4.546038,nan,0.00009881,layer_7,0.2,3.2049,train
7634,5.321631,nan,0.00009881,layer_7,0.2,3.2049,train
7635,5.449839,nan,0.00009881,layer_7,0.2,3.2049,train
7636,5.074084,nan,0.00009881,layer_7,0.2,3.2049,train
7637,5.627180,nan,0.00009881,layer_7,0.2,3.2049,train
7638,5.037796,nan,0.00009881,layer_7,0.2,3.2049,train
7639,5.458567,nan,0.00009881,layer_7,0.2,3.2049,train
7640,5.559943,nan,0.00009881,layer_7,0.2,3.2049,train
7641,4.847776,nan,0.00009881,layer_8,0.2,3.2049,train
7642,5.057323,nan,0.00009881,layer_8,0.2,3.2049,train
7643,5.042087,nan,0.00009881,layer_8,0.2,3.2049,train
7644,5.414057,nan,0.00009881,layer_8,0.2,3.2049,train
7645,5.441270,nan,0.00009881,layer_8,0.2,3.2049,train
7646,5.220958,nan,0.00009881,layer_8,0.2,3.2049,train
7647,4.571142,nan,0.00009881,layer_8,0.2,3.2049,train
7648,5.222143,nan,0.00009881,layer_8,0.2,3.2049,train
7649,4.739228,nan,0.00009881,layer_8,0.2,3.2049,train
7650,4.972296,nan,0.00009881,layer_8,0.2,3.2049,train
7651,5.610269,nan,0.00009881,layer_9,0.2,3.2049,train
7652,4.593118,nan,0.00009881,layer_9,0.2,3.2049,train
7653,4.885305,nan,0.00009881,layer_9,0.2,3.2049,train
7654,4.920113,nan,0.00009881,layer_9,0.2,3.2049,train
7655,4.867743,nan,0.00009881,layer_9,0.2,3.2049,train
7656,5.077230,nan,0.00009881,layer_9,0.2,3.2049,train
7657,4.973206,nan,0.00009881,layer_9,0.2,3.2049,train
7658,4.801406,nan,0.00009881,layer_9,0.2,3.2049,train
7659,5.196483,nan,0.00009880,layer_9,0.2,3.2049,train
7660,4.871603,nan,0.00009880,layer_9,0.2,3.2049,train
7661,5.257365,nan,0.00009880,layer_10,0.2,3.2049,train
7662,5.381209,nan,0.00009880,layer_10,0.2,3.2049,train
7663,5.790362,nan,0.00009880,layer_10,0.2,3.2049,train
7664,5.402598,nan,0.00009880,layer_10,0.2,3.2049,train
7665,5.380061,nan,0.00009880,layer_10,0.2,3.2049,train
7666,5.010219,nan,0.00009880,layer_10,0.2,3.2049,train
7667,6.111448,nan,0.00009880,layer_10,0.2,3.2049,train
7668,4.951756,nan,0.00009880,layer_10,0.2,3.2049,train
7669,5.938632,nan,0.00009880,layer_10,0.2,3.2049,train
7670,5.161999,nan,0.00009880,layer_10,0.2,3.2049,train
7671,5.075516,nan,0.00009880,layer_11,0.2,3.2049,train
7672,4.412214,nan,0.00009880,layer_11,0.2,3.2049,train
7673,5.164265,nan,0.00009880,layer_11,0.2,3.2049,train
7674,5.219685,nan,0.00009880,layer_11,0.2,3.2049,train
7675,5.078487,nan,0.00009880,layer_11,0.2,3.2049,train
7676,5.110560,nan,0.00009880,layer_11,0.2,3.2049,train
7677,5.539418,nan,0.00009880,layer_11,0.2,3.2049,train
7678,4.611796,nan,0.00009880,layer_11,0.2,3.2049,train
7679,5.201666,nan,0.00009880,layer_11,0.2,3.2049,train
7680,5.544575,nan,0.00009880,layer_11,0.2,3.2049,train
7681,4.991258,nan,0.00009880,layer_0,0.2,3.2049,train
7682,4.925745,nan,0.00009880,layer_0,0.2,3.2049,train
7683,5.767618,nan,0.00009880,layer_0,0.2,3.2049,train
7684,5.397850,nan,0.00009880,layer_0,0.2,3.2049,train
7685,5.135807,nan,0.00009880,layer_0,0.2,3.2049,train
7686,4.991964,nan,0.00009880,layer_0,0.2,3.2049,train
7687,5.581796,nan,0.00009879,layer_0,0.2,3.2049,train
7688,6.046208,nan,0.00009879,layer_0,0.2,3.2049,train
7689,5.113347,nan,0.00009879,layer_0,0.2,3.2049,train
7690,4.867455,nan,0.00009879,layer_0,0.2,3.2049,train
7691,5.081587,nan,0.00009879,layer_1,0.2,3.2049,train
7692,5.096879,nan,0.00009879,layer_1,0.2,3.2049,train
7693,5.027371,nan,0.00009879,layer_1,0.2,3.2049,train
7694,5.321995,nan,0.00009879,layer_1,0.2,3.2049,train
7695,5.125503,nan,0.00009879,layer_1,0.2,3.2049,train
7696,5.237627,nan,0.00009879,layer_1,0.2,3.2049,train
7697,4.988591,nan,0.00009879,layer_1,0.2,3.2049,train
7698,5.407161,nan,0.00009879,layer_1,0.2,3.2049,train
7699,4.733991,nan,0.00009879,layer_1,0.2,3.2049,train
7700,4.745691,nan,0.00009879,layer_1,0.2,3.2049,train
7701,4.618567,nan,0.00009879,layer_2,0.2,3.2049,train
7702,4.843791,nan,0.00009879,layer_2,0.2,3.2049,train
7703,5.459563,nan,0.00009879,layer_2,0.2,3.2049,train
7704,4.855080,nan,0.00009879,layer_2,0.2,3.2049,train
7705,5.211454,nan,0.00009879,layer_2,0.2,3.2049,train
7706,5.235824,nan,0.00009879,layer_2,0.2,3.2049,train
7707,5.580873,nan,0.00009879,layer_2,0.2,3.2049,train
7708,4.920138,nan,0.00009879,layer_2,0.2,3.2049,train
7709,5.125654,nan,0.00009879,layer_2,0.2,3.2049,train
7710,5.550369,nan,0.00009879,layer_2,0.2,3.2049,train
7711,4.609068,nan,0.00009879,layer_3,0.2,3.2049,train
7712,5.518403,nan,0.00009879,layer_3,0.2,3.2049,train
7713,5.242244,nan,0.00009879,layer_3,0.2,3.2049,train
7714,4.545781,nan,0.00009879,layer_3,0.2,3.2049,train
7715,5.290390,nan,0.00009878,layer_3,0.2,3.2049,train
7716,5.497972,nan,0.00009878,layer_3,0.2,3.2049,train
7717,5.598820,nan,0.00009878,layer_3,0.2,3.2049,train
7718,5.166314,nan,0.00009878,layer_3,0.2,3.2049,train
7719,5.673029,nan,0.00009878,layer_3,0.2,3.2049,train
7720,4.849584,nan,0.00009878,layer_3,0.2,3.2049,train
7721,4.929856,nan,0.00009878,layer_4,0.2,3.2049,train
7722,5.071688,nan,0.00009878,layer_4,0.2,3.2049,train
7723,5.551033,nan,0.00009878,layer_4,0.2,3.2049,train
7724,5.394708,nan,0.00009878,layer_4,0.2,3.2049,train
7725,4.746535,nan,0.00009878,layer_4,0.2,3.2049,train
7726,5.785740,nan,0.00009878,layer_4,0.2,3.2049,train
7727,5.487805,nan,0.00009878,layer_4,0.2,3.2049,train
7728,5.074642,nan,0.00009878,layer_4,0.2,3.2049,train
7729,6.248517,nan,0.00009878,layer_4,0.2,3.2049,train
7730,5.341908,nan,0.00009878,layer_4,0.2,3.2049,train
7731,4.732039,nan,0.00009878,layer_5,0.2,3.2049,train
7732,5.214565,nan,0.00009878,layer_5,0.2,3.2049,train
7733,4.773266,nan,0.00009878,layer_5,0.2,3.2049,train
7734,6.630135,nan,0.00009878,layer_5,0.2,3.2049,train
7735,4.613688,nan,0.00009878,layer_5,0.2,3.2049,train
7736,5.075500,nan,0.00009878,layer_5,0.2,3.2049,train
7737,5.548073,nan,0.00009878,layer_5,0.2,3.2049,train
7738,5.148367,nan,0.00009878,layer_5,0.2,3.2049,train
7739,4.932867,nan,0.00009878,layer_5,0.2,3.2049,train
7740,4.964931,nan,0.00009878,layer_5,0.2,3.2049,train
7741,5.383083,nan,0.00009878,layer_6,0.2,3.2049,train
7742,6.357326,nan,0.00009877,layer_6,0.2,3.2049,train
7743,5.372920,nan,0.00009877,layer_6,0.2,3.2049,train
7744,5.118321,nan,0.00009877,layer_6,0.2,3.2049,train
7745,5.021451,nan,0.00009877,layer_6,0.2,3.2049,train
7746,5.044034,nan,0.00009877,layer_6,0.2,3.2049,train
7747,5.243000,nan,0.00009877,layer_6,0.2,3.2049,train
7748,5.277845,nan,0.00009877,layer_6,0.2,3.2049,train
7749,5.076386,nan,0.00009877,layer_6,0.2,3.2049,train
7750,5.565439,nan,0.00009877,layer_6,0.2,3.2049,train
7751,5.580941,nan,0.00009877,layer_7,0.2,3.2049,train
7752,5.096213,nan,0.00009877,layer_7,0.2,3.2049,train
7753,5.990777,nan,0.00009877,layer_7,0.2,3.2049,train
7754,5.274704,nan,0.00009877,layer_7,0.2,3.2049,train
7755,4.196703,nan,0.00009877,layer_7,0.2,3.2049,train
7756,5.060132,nan,0.00009877,layer_7,0.2,3.2049,train
7757,5.395558,nan,0.00009877,layer_7,0.2,3.2049,train
7758,4.631547,nan,0.00009877,layer_7,0.2,3.2049,train
7759,5.339646,nan,0.00009877,layer_7,0.2,3.2049,train
7760,5.188619,nan,0.00009877,layer_7,0.2,3.2049,train
7761,5.689309,nan,0.00009877,layer_8,0.2,3.2049,train
7762,5.096692,nan,0.00009877,layer_8,0.2,3.2049,train
7763,5.463332,nan,0.00009877,layer_8,0.2,3.2049,train
7764,4.868094,nan,0.00009877,layer_8,0.2,3.2049,train
7765,4.797244,nan,0.00009877,layer_8,0.2,3.2049,train
7766,5.081396,nan,0.00009877,layer_8,0.2,3.2049,train
7767,5.342980,nan,0.00009877,layer_8,0.2,3.2049,train
7768,5.014481,nan,0.00009877,layer_8,0.2,3.2049,train
7769,4.724740,nan,0.00009877,layer_8,0.2,3.2049,train
7770,4.730147,nan,0.00009876,layer_8,0.2,3.2049,train
7771,5.239244,nan,0.00009876,layer_9,0.2,3.2049,train
7772,5.018585,nan,0.00009876,layer_9,0.2,3.2049,train
7773,4.713404,nan,0.00009876,layer_9,0.2,3.2049,train
7774,5.010901,nan,0.00009876,layer_9,0.2,3.2049,train
7775,5.375832,nan,0.00009876,layer_9,0.2,3.2049,train
7776,5.080900,nan,0.00009876,layer_9,0.2,3.2049,train
7777,4.881069,nan,0.00009876,layer_9,0.2,3.2049,train
7778,5.125086,nan,0.00009876,layer_9,0.2,3.2049,train
7779,5.054094,nan,0.00009876,layer_9,0.2,3.2049,train
7780,5.604837,nan,0.00009876,layer_9,0.2,3.2049,train
7781,4.717949,nan,0.00009876,layer_10,0.2,3.2049,train
7782,5.964445,nan,0.00009876,layer_10,0.2,3.2049,train
7783,5.343665,nan,0.00009876,layer_10,0.2,3.2049,train
7784,5.175829,nan,0.00009876,layer_10,0.2,3.2049,train
7785,5.167878,nan,0.00009876,layer_10,0.2,3.2049,train
7786,5.573977,nan,0.00009876,layer_10,0.2,3.2049,train
7787,5.911231,nan,0.00009876,layer_10,0.2,3.2049,train
7788,5.607361,nan,0.00009876,layer_10,0.2,3.2049,train
7789,5.529425,nan,0.00009876,layer_10,0.2,3.2049,train
7790,4.821710,nan,0.00009876,layer_10,0.2,3.2049,train
7791,5.273762,nan,0.00009876,layer_11,0.2,3.2049,train
7792,4.995004,nan,0.00009876,layer_11,0.2,3.2049,train
7793,5.094680,nan,0.00009876,layer_11,0.2,3.2049,train
7794,5.315303,nan,0.00009876,layer_11,0.2,3.2049,train
7795,5.181787,nan,0.00009876,layer_11,0.2,3.2049,train
7796,5.348387,nan,0.00009876,layer_11,0.2,3.2049,train
7797,4.948511,nan,0.00009875,layer_11,0.2,3.2049,train
7798,5.721261,nan,0.00009875,layer_11,0.2,3.2049,train
7799,4.937863,nan,0.00009875,layer_11,0.2,3.2049,train
7800,5.435733,nan,0.00009875,layer_11,0.2,3.2049,train
7801,5.048335,nan,0.00009875,layer_0,0.2,3.2049,train
7802,5.543985,nan,0.00009875,layer_0,0.2,3.2049,train
7803,5.218491,nan,0.00009875,layer_0,0.2,3.2049,train
7804,4.997458,nan,0.00009875,layer_0,0.2,3.2049,train
7805,5.262328,nan,0.00009875,layer_0,0.2,3.2049,train
7806,4.685986,nan,0.00009875,layer_0,0.2,3.2049,train
7807,4.858741,nan,0.00009875,layer_0,0.2,3.2049,train
7808,5.208613,nan,0.00009875,layer_0,0.2,3.2049,train
7809,5.416131,nan,0.00009875,layer_0,0.2,3.2049,train
7810,4.851782,nan,0.00009875,layer_0,0.2,3.2049,train
7811,4.710717,nan,0.00009875,layer_1,0.2,3.2049,train
7812,4.856584,nan,0.00009875,layer_1,0.2,3.2049,train
7813,5.413825,nan,0.00009875,layer_1,0.2,3.2049,train
7814,5.054668,nan,0.00009875,layer_1,0.2,3.2049,train
7815,4.965098,nan,0.00009875,layer_1,0.2,3.2049,train
7816,5.026355,nan,0.00009875,layer_1,0.2,3.2049,train
7817,5.041119,nan,0.00009875,layer_1,0.2,3.2049,train
7818,5.218881,nan,0.00009875,layer_1,0.2,3.2049,train
7819,5.044285,nan,0.00009875,layer_1,0.2,3.2049,train
7820,5.019849,nan,0.00009875,layer_1,0.2,3.2049,train
7821,4.680574,nan,0.00009875,layer_2,0.2,3.2049,train
7822,4.746989,nan,0.00009875,layer_2,0.2,3.2049,train
7823,5.189754,nan,0.00009875,layer_2,0.2,3.2049,train
7824,5.424413,nan,0.00009875,layer_2,0.2,3.2049,train
7825,5.634037,nan,0.00009874,layer_2,0.2,3.2049,train
7826,5.227017,nan,0.00009874,layer_2,0.2,3.2049,train
7827,5.090551,nan,0.00009874,layer_2,0.2,3.2049,train
7828,5.535512,nan,0.00009874,layer_2,0.2,3.2049,train
7829,5.380811,nan,0.00009874,layer_2,0.2,3.2049,train
7830,5.244234,nan,0.00009874,layer_2,0.2,3.2049,train
7831,5.073092,nan,0.00009874,layer_3,0.2,3.2049,train
7832,5.425942,nan,0.00009874,layer_3,0.2,3.2049,train
7833,5.760677,nan,0.00009874,layer_3,0.2,3.2049,train
7834,5.055275,nan,0.00009874,layer_3,0.2,3.2049,train
7835,5.261519,nan,0.00009874,layer_3,0.2,3.2049,train
7836,5.453536,nan,0.00009874,layer_3,0.2,3.2049,train
7837,6.073137,nan,0.00009874,layer_3,0.2,3.2049,train
7838,5.467960,nan,0.00009874,layer_3,0.2,3.2049,train
7839,4.695284,nan,0.00009874,layer_3,0.2,3.2049,train
7840,4.521720,nan,0.00009874,layer_3,0.2,3.2049,train
7841,5.412498,nan,0.00009874,layer_4,0.2,3.2049,train
7842,5.354561,nan,0.00009874,layer_4,0.2,3.2049,train
7843,5.351690,nan,0.00009874,layer_4,0.2,3.2049,train
7844,5.454533,nan,0.00009874,layer_4,0.2,3.2049,train
7845,4.894092,nan,0.00009874,layer_4,0.2,3.2049,train
7846,4.930871,nan,0.00009874,layer_4,0.2,3.2049,train
7847,5.220274,nan,0.00009874,layer_4,0.2,3.2049,train
7848,4.668780,nan,0.00009874,layer_4,0.2,3.2049,train
7849,4.979663,nan,0.00009874,layer_4,0.2,3.2049,train
7850,5.199671,nan,0.00009874,layer_4,0.2,3.2049,train
7851,4.409340,nan,0.00009874,layer_5,0.2,3.2049,train
7852,4.919404,nan,0.00009873,layer_5,0.2,3.2049,train
7853,5.801072,nan,0.00009873,layer_5,0.2,3.2049,train
7854,5.053011,nan,0.00009873,layer_5,0.2,3.2049,train
7855,5.004438,nan,0.00009873,layer_5,0.2,3.2049,train
7856,5.063106,nan,0.00009873,layer_5,0.2,3.2049,train
7857,5.371545,nan,0.00009873,layer_5,0.2,3.2049,train
7858,5.477184,nan,0.00009873,layer_5,0.2,3.2049,train
7859,4.728615,nan,0.00009873,layer_5,0.2,3.2049,train
7860,5.441765,nan,0.00009873,layer_5,0.2,3.2049,train
7861,4.800057,nan,0.00009873,layer_6,0.2,3.2049,train
7862,5.398087,nan,0.00009873,layer_6,0.2,3.2049,train
7863,5.333234,nan,0.00009873,layer_6,0.2,3.2049,train
7864,5.497871,nan,0.00009873,layer_6,0.2,3.2049,train
7865,5.016833,nan,0.00009873,layer_6,0.2,3.2049,train
7866,5.260873,nan,0.00009873,layer_6,0.2,3.2049,train
7867,5.669773,nan,0.00009873,layer_6,0.2,3.2049,train
7868,5.211365,nan,0.00009873,layer_6,0.2,3.2049,train
7869,6.386723,nan,0.00009873,layer_6,0.2,3.2049,train
7870,5.624414,nan,0.00009873,layer_6,0.2,3.2049,train
7871,5.559059,nan,0.00009873,layer_7,0.2,3.2049,train
7872,4.213994,nan,0.00009873,layer_7,0.2,3.2049,train
7873,5.379403,nan,0.00009873,layer_7,0.2,3.2049,train
7874,4.881069,nan,0.00009873,layer_7,0.2,3.2049,train
7875,5.403813,nan,0.00009873,layer_7,0.2,3.2049,train
7876,5.048444,nan,0.00009873,layer_7,0.2,3.2049,train
7877,5.900034,nan,0.00009873,layer_7,0.2,3.2049,train
7878,5.313528,nan,0.00009873,layer_7,0.2,3.2049,train
7879,5.965979,nan,0.00009872,layer_7,0.2,3.2049,train
7880,5.722642,nan,0.00009872,layer_7,0.2,3.2049,train
7881,4.735507,nan,0.00009872,layer_8,0.2,3.2049,train
7882,5.806731,nan,0.00009872,layer_8,0.2,3.2049,train
7883,5.305511,nan,0.00009872,layer_8,0.2,3.2049,train
7884,4.710018,nan,0.00009872,layer_8,0.2,3.2049,train
7885,4.859060,nan,0.00009872,layer_8,0.2,3.2049,train
7886,4.952574,nan,0.00009872,layer_8,0.2,3.2049,train
7887,5.450459,nan,0.00009872,layer_8,0.2,3.2049,train
7888,5.384955,nan,0.00009872,layer_8,0.2,3.2049,train
7889,5.120200,nan,0.00009872,layer_8,0.2,3.2049,train
7890,4.516503,nan,0.00009872,layer_8,0.2,3.2049,train
7891,5.400617,nan,0.00009872,layer_9,0.2,3.2049,train
7892,4.710571,nan,0.00009872,layer_9,0.2,3.2049,train
7893,5.021328,nan,0.00009872,layer_9,0.2,3.2049,train
7894,5.421525,nan,0.00009872,layer_9,0.2,3.2049,train
7895,5.043620,nan,0.00009872,layer_9,0.2,3.2049,train
7896,4.749644,nan,0.00009872,layer_9,0.2,3.2049,train
7897,6.169362,nan,0.00009872,layer_9,0.2,3.2049,train
7898,5.733045,nan,0.00009872,layer_9,0.2,3.2049,train
7899,4.694864,nan,0.00009872,layer_9,0.2,3.2049,train
7900,4.572257,nan,0.00009872,layer_9,0.2,3.2049,train
7901,4.893922,nan,0.00009872,layer_10,0.2,3.2049,train
7902,4.637365,nan,0.00009872,layer_10,0.2,3.2049,train
7903,5.627194,nan,0.00009872,layer_10,0.2,3.2049,train
7904,5.737975,nan,0.00009872,layer_10,0.2,3.2049,train
7905,5.058702,nan,0.00009872,layer_10,0.2,3.2049,train
7906,4.904056,nan,0.00009871,layer_10,0.2,3.2049,train
7907,6.139656,nan,0.00009871,layer_10,0.2,3.2049,train
7908,5.226817,nan,0.00009871,layer_10,0.2,3.2049,train
7909,4.838599,nan,0.00009871,layer_10,0.2,3.2049,train
7910,5.161369,nan,0.00009871,layer_10,0.2,3.2049,train
7911,4.773886,nan,0.00009871,layer_11,0.2,3.2049,train
7912,4.566864,nan,0.00009871,layer_11,0.2,3.2049,train
7913,5.076621,nan,0.00009871,layer_11,0.2,3.2049,train
7914,4.877669,nan,0.00009871,layer_11,0.2,3.2049,train
7915,5.039776,nan,0.00009871,layer_11,0.2,3.2049,train
7916,4.855652,nan,0.00009871,layer_11,0.2,3.2049,train
7917,6.485003,nan,0.00009871,layer_11,0.2,3.2049,train
7918,5.636448,nan,0.00009871,layer_11,0.2,3.2049,train
7919,5.008740,nan,0.00009871,layer_11,0.2,3.2049,train
7920,5.075914,nan,0.00009871,layer_11,0.2,3.2049,train
7921,4.457088,nan,0.00009871,layer_0,0.2,3.2049,train
7922,4.930530,nan,0.00009871,layer_0,0.2,3.2049,train
7923,5.282663,nan,0.00009871,layer_0,0.2,3.2049,train
7924,4.699130,nan,0.00009871,layer_0,0.2,3.2049,train
7925,5.141113,nan,0.00009871,layer_0,0.2,3.2049,train
7926,4.325507,nan,0.00009871,layer_0,0.2,3.2049,train
7927,5.169390,nan,0.00009871,layer_0,0.2,3.2049,train
7928,5.074768,nan,0.00009871,layer_0,0.2,3.2049,train
7929,5.312050,nan,0.00009871,layer_0,0.2,3.2049,train
7930,5.209614,nan,0.00009871,layer_0,0.2,3.2049,train
7931,4.129876,nan,0.00009871,layer_1,0.2,3.2049,train
7932,4.279875,nan,0.00009871,layer_1,0.2,3.2049,train
7933,5.626105,nan,0.00009870,layer_1,0.2,3.2049,train
7934,4.692918,nan,0.00009870,layer_1,0.2,3.2049,train
7935,5.845224,nan,0.00009870,layer_1,0.2,3.2049,train
7936,5.834817,nan,0.00009870,layer_1,0.2,3.2049,train
7937,4.840117,nan,0.00009870,layer_1,0.2,3.2049,train
7938,5.680715,nan,0.00009870,layer_1,0.2,3.2049,train
7939,5.157665,nan,0.00009870,layer_1,0.2,3.2049,train
7940,5.073833,nan,0.00009870,layer_1,0.2,3.2049,train
7941,5.366323,nan,0.00009870,layer_2,0.2,3.2049,train
7942,5.061262,nan,0.00009870,layer_2,0.2,3.2049,train
7943,4.983649,nan,0.00009870,layer_2,0.2,3.2049,train
7944,5.718058,nan,0.00009870,layer_2,0.2,3.2049,train
7945,5.228281,nan,0.00009870,layer_2,0.2,3.2049,train
7946,5.058469,nan,0.00009870,layer_2,0.2,3.2049,train
7947,5.605052,nan,0.00009870,layer_2,0.2,3.2049,train
7948,4.769288,nan,0.00009870,layer_2,0.2,3.2049,train
7949,4.478152,nan,0.00009870,layer_2,0.2,3.2049,train
7950,5.469138,nan,0.00009870,layer_2,0.2,3.2049,train
7951,5.055597,nan,0.00009870,layer_3,0.2,3.2049,train
7952,4.869078,nan,0.00009870,layer_3,0.2,3.2049,train
7953,5.098764,nan,0.00009870,layer_3,0.2,3.2049,train
7954,5.059453,nan,0.00009870,layer_3,0.2,3.2049,train
7955,5.186089,nan,0.00009870,layer_3,0.2,3.2049,train
7956,6.167245,nan,0.00009870,layer_3,0.2,3.2049,train
7957,4.753097,nan,0.00009870,layer_3,0.2,3.2049,train
7958,4.858513,nan,0.00009870,layer_3,0.2,3.2049,train
7959,5.344254,nan,0.00009870,layer_3,0.2,3.2049,train
7960,4.853788,nan,0.00009869,layer_3,0.2,3.2049,train
7961,5.054436,nan,0.00009869,layer_4,0.2,3.2049,train
7962,5.117974,nan,0.00009869,layer_4,0.2,3.2049,train
7963,4.795739,nan,0.00009869,layer_4,0.2,3.2049,train
7964,5.433347,nan,0.00009869,layer_4,0.2,3.2049,train
7965,5.174138,nan,0.00009869,layer_4,0.2,3.2049,train
7966,4.985013,nan,0.00009869,layer_4,0.2,3.2049,train
7967,4.955976,nan,0.00009869,layer_4,0.2,3.2049,train
7968,5.395586,nan,0.00009869,layer_4,0.2,3.2049,train
7969,5.552904,nan,0.00009869,layer_4,0.2,3.2049,train
7970,5.224358,nan,0.00009869,layer_4,0.2,3.2049,train
7971,4.879108,nan,0.00009869,layer_5,0.2,3.2049,train
7972,4.925809,nan,0.00009869,layer_5,0.2,3.2049,train
7973,4.582615,nan,0.00009869,layer_5,0.2,3.2049,train
7974,5.425160,nan,0.00009869,layer_5,0.2,3.2049,train
7975,5.696628,nan,0.00009869,layer_5,0.2,3.2049,train
7976,5.084890,nan,0.00009869,layer_5,0.2,3.2049,train
7977,5.389670,nan,0.00009869,layer_5,0.2,3.2049,train
7978,5.376940,nan,0.00009869,layer_5,0.2,3.2049,train
7979,4.862571,nan,0.00009869,layer_5,0.2,3.2049,train
7980,4.744046,nan,0.00009869,layer_5,0.2,3.2049,train
7981,5.338719,nan,0.00009869,layer_6,0.2,3.2049,train
7982,4.895195,nan,0.00009869,layer_6,0.2,3.2049,train
7983,5.001522,nan,0.00009869,layer_6,0.2,3.2049,train
7984,4.849536,nan,0.00009869,layer_6,0.2,3.2049,train
7985,5.079036,nan,0.00009869,layer_6,0.2,3.2049,train
7986,5.030796,nan,0.00009869,layer_6,0.2,3.2049,train
7987,4.851233,nan,0.00009868,layer_6,0.2,3.2049,train
7988,5.573350,nan,0.00009868,layer_6,0.2,3.2049,train
7989,5.869962,nan,0.00009868,layer_6,0.2,3.2049,train
7990,5.022366,nan,0.00009868,layer_6,0.2,3.2049,train
7991,4.738814,nan,0.00009868,layer_7,0.2,3.2049,train
7992,4.954746,nan,0.00009868,layer_7,0.2,3.2049,train
7993,4.662429,nan,0.00009868,layer_7,0.2,3.2049,train
7994,5.047834,nan,0.00009868,layer_7,0.2,3.2049,train
7995,4.761764,nan,0.00009868,layer_7,0.2,3.2049,train
7996,5.304083,nan,0.00009868,layer_7,0.2,3.2049,train
7997,6.383315,nan,0.00009868,layer_7,0.2,3.2049,train
7998,5.692078,nan,0.00009868,layer_7,0.2,3.2049,train
7999,5.547889,nan,0.00009868,layer_7,0.2,3.2049,train
8000,4.905714,nan,0.00009868,layer_7,0.2,3.2049,train
8000,5.161220,5.138543,0.00009868,layer_8,14.9,3.2049,eval
8001,4.961304,nan,0.00009868,layer_8,0.2,3.2049,train
8002,5.433060,nan,0.00009868,layer_8,0.2,3.2049,train
8003,5.192238,nan,0.00009868,layer_8,0.2,3.2049,train
8004,4.679729,nan,0.00009868,layer_8,0.2,3.2049,train
8005,5.255772,nan,0.00009868,layer_8,0.2,3.2049,train
8006,5.778370,nan,0.00009868,layer_8,0.2,3.2049,train
8007,4.924693,nan,0.00009868,layer_8,0.2,3.2049,train
8008,5.260525,nan,0.00009868,layer_8,0.2,3.2049,train
8009,4.822738,nan,0.00009868,layer_8,0.2,3.2049,train
8010,5.100493,nan,0.00009868,layer_8,0.2,3.2049,train
8011,4.478702,nan,0.00009868,layer_9,0.2,3.2049,train
8012,4.950866,nan,0.00009868,layer_9,0.2,3.2049,train
8013,4.925570,nan,0.00009867,layer_9,0.2,3.2049,train
8014,5.329141,nan,0.00009867,layer_9,0.2,3.2049,train
8015,5.048991,nan,0.00009867,layer_9,0.2,3.2049,train
8016,5.193400,nan,0.00009867,layer_9,0.2,3.2049,train
8017,5.441838,nan,0.00009867,layer_9,0.2,3.2049,train
8018,4.878900,nan,0.00009867,layer_9,0.2,3.2049,train
8019,4.664186,nan,0.00009867,layer_9,0.2,3.2049,train
8020,5.065447,nan,0.00009867,layer_9,0.2,3.2049,train
8021,5.097394,nan,0.00009867,layer_10,0.2,3.2049,train
8022,4.938561,nan,0.00009867,layer_10,0.2,3.2049,train
8023,5.080682,nan,0.00009867,layer_10,0.2,3.2049,train
8024,5.520666,nan,0.00009867,layer_10,0.2,3.2049,train
8025,5.115683,nan,0.00009867,layer_10,0.2,3.2049,train
8026,5.091191,nan,0.00009867,layer_10,0.2,3.2049,train
8027,5.197423,nan,0.00009867,layer_10,0.2,3.2049,train
8028,5.141662,nan,0.00009867,layer_10,0.2,3.2049,train
8029,4.933545,nan,0.00009867,layer_10,0.2,3.2049,train
8030,5.162029,nan,0.00009867,layer_10,0.2,3.2049,train
8031,5.376065,nan,0.00009867,layer_11,0.2,3.2049,train
8032,5.222602,nan,0.00009867,layer_11,0.2,3.2049,train
8033,5.455394,nan,0.00009867,layer_11,0.2,3.2049,train
8034,4.299599,nan,0.00009867,layer_11,0.2,3.2049,train
8035,4.729337,nan,0.00009867,layer_11,0.2,3.2049,train
8036,5.094467,nan,0.00009867,layer_11,0.2,3.2049,train
8037,4.510727,nan,0.00009867,layer_11,0.2,3.2049,train
8038,5.204270,nan,0.00009867,layer_11,0.2,3.2049,train
8039,5.517174,nan,0.00009867,layer_11,0.2,3.2049,train
8040,5.308040,nan,0.00009866,layer_11,0.2,3.2049,train
8041,5.003595,nan,0.00009866,layer_0,0.2,3.2049,train
8042,5.110366,nan,0.00009866,layer_0,0.2,3.2049,train
8043,5.048199,nan,0.00009866,layer_0,0.2,3.2049,train
8044,4.911124,nan,0.00009866,layer_0,0.2,3.2049,train
8045,5.389483,nan,0.00009866,layer_0,0.2,3.2049,train
8046,4.955539,nan,0.00009866,layer_0,0.2,3.2049,train
8047,5.452481,nan,0.00009866,layer_0,0.2,3.2049,train
8048,5.120848,nan,0.00009866,layer_0,0.2,3.2049,train
8049,5.138021,nan,0.00009866,layer_0,0.2,3.2049,train
8050,4.953654,nan,0.00009866,layer_0,0.2,3.2049,train
8051,5.307242,nan,0.00009866,layer_1,0.2,3.2049,train
8052,4.868238,nan,0.00009866,layer_1,0.2,3.2049,train
8053,4.900187,nan,0.00009866,layer_1,0.2,3.2049,train
8054,4.723619,nan,0.00009866,layer_1,0.2,3.2049,train
8055,5.633240,nan,0.00009866,layer_1,0.2,3.2049,train
8056,5.228667,nan,0.00009866,layer_1,0.2,3.2049,train
8057,5.427745,nan,0.00009866,layer_1,0.2,3.2049,train
8058,5.476840,nan,0.00009866,layer_1,0.2,3.2049,train
8059,5.173044,nan,0.00009866,layer_1,0.2,3.2049,train
8060,5.312980,nan,0.00009866,layer_1,0.2,3.2049,train
8061,5.290954,nan,0.00009866,layer_2,0.2,3.2049,train
8062,5.415606,nan,0.00009866,layer_2,0.2,3.2049,train
8063,5.368330,nan,0.00009866,layer_2,0.2,3.2049,train
8064,5.119842,nan,0.00009866,layer_2,0.2,3.2049,train
8065,5.002213,nan,0.00009866,layer_2,0.2,3.2049,train
8066,5.365760,nan,0.00009865,layer_2,0.2,3.2049,train
8067,5.254752,nan,0.00009865,layer_2,0.2,3.2049,train
8068,4.806199,nan,0.00009865,layer_2,0.2,3.2049,train
8069,5.154170,nan,0.00009865,layer_2,0.2,3.2049,train
8070,5.461638,nan,0.00009865,layer_2,0.2,3.2049,train
8071,4.443645,nan,0.00009865,layer_3,0.2,3.2049,train
8072,5.069626,nan,0.00009865,layer_3,0.2,3.2049,train
8073,4.691139,nan,0.00009865,layer_3,0.2,3.2049,train
8074,4.974908,nan,0.00009865,layer_3,0.2,3.2049,train
8075,4.706780,nan,0.00009865,layer_3,0.2,3.2049,train
8076,5.240618,nan,0.00009865,layer_3,0.2,3.2049,train
8077,5.189791,nan,0.00009865,layer_3,0.2,3.2049,train
8078,4.970047,nan,0.00009865,layer_3,0.2,3.2049,train
8079,5.436256,nan,0.00009865,layer_3,0.2,3.2049,train
8080,5.343303,nan,0.00009865,layer_3,0.2,3.2049,train
8081,4.963155,nan,0.00009865,layer_4,0.2,3.2049,train
8082,5.063638,nan,0.00009865,layer_4,0.2,3.2049,train
8083,5.410235,nan,0.00009865,layer_4,0.2,3.2049,train
8084,5.249598,nan,0.00009865,layer_4,0.2,3.2049,train
8085,5.000998,nan,0.00009865,layer_4,0.2,3.2049,train
8086,5.064631,nan,0.00009865,layer_4,0.2,3.2049,train
8087,5.462779,nan,0.00009865,layer_4,0.2,3.2049,train
8088,5.225574,nan,0.00009865,layer_4,0.2,3.2049,train
8089,5.096808,nan,0.00009865,layer_4,0.2,3.2049,train
8090,4.788162,nan,0.00009865,layer_4,0.2,3.2049,train
8091,5.302194,nan,0.00009865,layer_5,0.2,3.2049,train
8092,5.517032,nan,0.00009865,layer_5,0.2,3.2049,train
8093,5.206192,nan,0.00009864,layer_5,0.2,3.2049,train
8094,4.985830,nan,0.00009864,layer_5,0.2,3.2049,train
8095,5.237214,nan,0.00009864,layer_5,0.2,3.2049,train
8096,5.174986,nan,0.00009864,layer_5,0.2,3.2049,train
8097,6.279105,nan,0.00009864,layer_5,0.2,3.2049,train
8098,5.235326,nan,0.00009864,layer_5,0.2,3.2049,train
8099,5.112592,nan,0.00009864,layer_5,0.2,3.2049,train
8100,5.496727,nan,0.00009864,layer_5,0.2,3.2049,train
8101,5.186882,nan,0.00009864,layer_6,0.2,3.2049,train
8102,5.099862,nan,0.00009864,layer_6,0.2,3.2049,train
8103,4.721996,nan,0.00009864,layer_6,0.2,3.2049,train
8104,5.359915,nan,0.00009864,layer_6,0.2,3.2049,train
8105,5.146257,nan,0.00009864,layer_6,0.2,3.2049,train
8106,4.892343,nan,0.00009864,layer_6,0.2,3.2049,train
8107,5.434696,nan,0.00009864,layer_6,0.2,3.2049,train
8108,5.399843,nan,0.00009864,layer_6,0.2,3.2049,train
8109,5.408731,nan,0.00009864,layer_6,0.2,3.2049,train
8110,5.080369,nan,0.00009864,layer_6,0.2,3.2049,train
8111,5.266299,nan,0.00009864,layer_7,0.2,3.2049,train
8112,5.218065,nan,0.00009864,layer_7,0.2,3.2049,train
8113,4.940755,nan,0.00009864,layer_7,0.2,3.2049,train
8114,3.857089,nan,0.00009864,layer_7,0.2,3.2049,train
8115,5.195220,nan,0.00009864,layer_7,0.2,3.2049,train
8116,4.977375,nan,0.00009864,layer_7,0.2,3.2049,train
8117,5.139000,nan,0.00009864,layer_7,0.2,3.2049,train
8118,5.149570,nan,0.00009864,layer_7,0.2,3.2049,train
8119,5.236917,nan,0.00009863,layer_7,0.2,3.2049,train
8120,5.245599,nan,0.00009863,layer_7,0.2,3.2049,train
8121,4.934814,nan,0.00009863,layer_8,0.2,3.2049,train
8122,5.986599,nan,0.00009863,layer_8,0.2,3.2049,train
8123,4.888372,nan,0.00009863,layer_8,0.2,3.2049,train
8124,4.864062,nan,0.00009863,layer_8,0.2,3.2049,train
8125,6.150796,nan,0.00009863,layer_8,0.2,3.2049,train
8126,5.859358,nan,0.00009863,layer_8,0.2,3.2049,train
8127,5.040895,nan,0.00009863,layer_8,0.2,3.2049,train
8128,5.353494,nan,0.00009863,layer_8,0.2,3.2049,train
8129,5.246508,nan,0.00009863,layer_8,0.2,3.2049,train
8130,4.976512,nan,0.00009863,layer_8,0.2,3.2049,train
8131,5.571332,nan,0.00009863,layer_9,0.2,3.2049,train
8132,5.392474,nan,0.00009863,layer_9,0.2,3.2049,train
8133,4.866738,nan,0.00009863,layer_9,0.2,3.2049,train
8134,4.843371,nan,0.00009863,layer_9,0.2,3.2049,train
8135,5.849536,nan,0.00009863,layer_9,0.2,3.2049,train
8136,4.701212,nan,0.00009863,layer_9,0.2,3.2049,train
8137,4.699653,nan,0.00009863,layer_9,0.2,3.2049,train
8138,6.141396,nan,0.00009863,layer_9,0.2,3.2049,train
8139,4.749109,nan,0.00009863,layer_9,0.2,3.2049,train
8140,5.004619,nan,0.00009863,layer_9,0.2,3.2049,train
8141,5.566830,nan,0.00009863,layer_10,0.2,3.2049,train
8142,5.076106,nan,0.00009863,layer_10,0.2,3.2049,train
8143,5.208306,nan,0.00009863,layer_10,0.2,3.2049,train
8144,5.421773,nan,0.00009863,layer_10,0.2,3.2049,train
8145,5.082281,nan,0.00009862,layer_10,0.2,3.2049,train
8146,5.382008,nan,0.00009862,layer_10,0.2,3.2049,train
8147,5.488068,nan,0.00009862,layer_10,0.2,3.2049,train
8148,4.870199,nan,0.00009862,layer_10,0.2,3.2049,train
8149,5.233734,nan,0.00009862,layer_10,0.2,3.2049,train
8150,4.849596,nan,0.00009862,layer_10,0.2,3.2049,train
8151,5.167342,nan,0.00009862,layer_11,0.2,3.2049,train
8152,5.590880,nan,0.00009862,layer_11,0.2,3.2049,train
8153,4.926455,nan,0.00009862,layer_11,0.2,3.2049,train
8154,4.713312,nan,0.00009862,layer_11,0.2,3.2049,train
8155,5.228924,nan,0.00009862,layer_11,0.2,3.2049,train
8156,5.401389,nan,0.00009862,layer_11,0.2,3.2049,train
8157,4.896163,nan,0.00009862,layer_11,0.2,3.2049,train
8158,5.356102,nan,0.00009862,layer_11,0.2,3.2049,train
8159,5.705478,nan,0.00009862,layer_11,0.2,3.2049,train
8160,4.864595,nan,0.00009862,layer_11,0.2,3.2049,train
8161,4.660404,nan,0.00009862,layer_0,0.2,3.2049,train
8162,4.596701,nan,0.00009862,layer_0,0.2,3.2049,train
8163,5.363986,nan,0.00009862,layer_0,0.2,3.2049,train
8164,4.780326,nan,0.00009862,layer_0,0.2,3.2049,train
8165,4.867431,nan,0.00009862,layer_0,0.2,3.2049,train
8166,4.634735,nan,0.00009862,layer_0,0.2,3.2049,train
8167,5.094995,nan,0.00009862,layer_0,0.2,3.2049,train
8168,4.864949,nan,0.00009862,layer_0,0.2,3.2049,train
8169,5.855704,nan,0.00009862,layer_0,0.2,3.2049,train
8170,4.815366,nan,0.00009862,layer_0,0.2,3.2049,train
8171,5.178177,nan,0.00009861,layer_1,0.2,3.2049,train
8172,5.358714,nan,0.00009861,layer_1,0.2,3.2049,train
8173,5.300287,nan,0.00009861,layer_1,0.2,3.2049,train
8174,5.414243,nan,0.00009861,layer_1,0.2,3.2049,train
8175,5.438680,nan,0.00009861,layer_1,0.2,3.2049,train
8176,5.501823,nan,0.00009861,layer_1,0.2,3.2049,train
8177,4.970727,nan,0.00009861,layer_1,0.2,3.2049,train
8178,4.673987,nan,0.00009861,layer_1,0.2,3.2049,train
8179,5.203281,nan,0.00009861,layer_1,0.2,3.2049,train
8180,5.151870,nan,0.00009861,layer_1,0.2,3.2049,train
8181,4.300801,nan,0.00009861,layer_2,0.2,3.2049,train
8182,4.879006,nan,0.00009861,layer_2,0.2,3.2049,train
8183,5.535196,nan,0.00009861,layer_2,0.2,3.2049,train
8184,6.110772,nan,0.00009861,layer_2,0.2,3.2049,train
8185,5.318343,nan,0.00009861,layer_2,0.2,3.2049,train
8186,5.175454,nan,0.00009861,layer_2,0.2,3.2049,train
8187,5.693388,nan,0.00009861,layer_2,0.2,3.2049,train
8188,5.338265,nan,0.00009861,layer_2,0.2,3.2049,train
8189,5.541150,nan,0.00009861,layer_2,0.2,3.2049,train
8190,5.031234,nan,0.00009861,layer_2,0.2,3.2049,train
8191,5.097837,nan,0.00009861,layer_3,0.2,3.2049,train
8192,4.947942,nan,0.00009861,layer_3,0.2,3.2049,train
8193,4.693969,nan,0.00009861,layer_3,0.2,3.2049,train
8194,5.051871,nan,0.00009861,layer_3,0.2,3.2049,train
8195,5.189888,nan,0.00009861,layer_3,0.2,3.2049,train
8196,5.324804,nan,0.00009861,layer_3,0.2,3.2049,train
8197,5.310432,nan,0.00009860,layer_3,0.2,3.2049,train
8198,5.014421,nan,0.00009860,layer_3,0.2,3.2049,train
8199,5.154610,nan,0.00009860,layer_3,0.2,3.2049,train
8200,5.253519,nan,0.00009860,layer_3,0.2,3.2049,train
8201,5.099716,nan,0.00009860,layer_4,0.2,3.2049,train
8202,4.801470,nan,0.00009860,layer_4,0.2,3.2049,train
8203,4.919497,nan,0.00009860,layer_4,0.2,3.2049,train
8204,5.019821,nan,0.00009860,layer_4,0.2,3.2049,train
8205,4.739693,nan,0.00009860,layer_4,0.2,3.2049,train
8206,5.091535,nan,0.00009860,layer_4,0.2,3.2049,train
8207,5.005444,nan,0.00009860,layer_4,0.2,3.2049,train
8208,5.573707,nan,0.00009860,layer_4,0.2,3.2049,train
8209,5.513341,nan,0.00009860,layer_4,0.2,3.2049,train
8210,5.148264,nan,0.00009860,layer_4,0.2,3.2049,train
8211,5.902866,nan,0.00009860,layer_5,0.2,3.2049,train
8212,5.241048,nan,0.00009860,layer_5,0.2,3.2049,train
8213,5.135275,nan,0.00009860,layer_5,0.2,3.2049,train
8214,5.380477,nan,0.00009860,layer_5,0.2,3.2049,train
8215,4.969031,nan,0.00009860,layer_5,0.2,3.2049,train
8216,5.446749,nan,0.00009860,layer_5,0.2,3.2049,train
8217,4.967182,nan,0.00009860,layer_5,0.2,3.2049,train
8218,5.248036,nan,0.00009860,layer_5,0.2,3.2049,train
8219,4.854518,nan,0.00009860,layer_5,0.2,3.2049,train
8220,5.186258,nan,0.00009860,layer_5,0.2,3.2049,train
8221,4.941841,nan,0.00009860,layer_6,0.2,3.2049,train
8222,5.040804,nan,0.00009860,layer_6,0.2,3.2049,train
8223,5.870047,nan,0.00009859,layer_6,0.2,3.2049,train
8224,4.856851,nan,0.00009859,layer_6,0.2,3.2049,train
8225,5.103920,nan,0.00009859,layer_6,0.2,3.2049,train
8226,4.614777,nan,0.00009859,layer_6,0.2,3.2049,train
8227,5.437561,nan,0.00009859,layer_6,0.2,3.2049,train
8228,6.414011,nan,0.00009859,layer_6,0.2,3.2049,train
8229,4.826466,nan,0.00009859,layer_6,0.2,3.2049,train
8230,5.294148,nan,0.00009859,layer_6,0.2,3.2049,train
8231,4.833571,nan,0.00009859,layer_7,0.2,3.2049,train
8232,5.085612,nan,0.00009859,layer_7,0.2,3.2049,train
8233,4.986683,nan,0.00009859,layer_7,0.2,3.2049,train
8234,4.388770,nan,0.00009859,layer_7,0.2,3.2049,train
8235,4.829259,nan,0.00009859,layer_7,0.2,3.2049,train
8236,5.189379,nan,0.00009859,layer_7,0.2,3.2049,train
8237,4.562513,nan,0.00009859,layer_7,0.2,3.2049,train
8238,4.807615,nan,0.00009859,layer_7,0.2,3.2049,train
8239,4.875140,nan,0.00009859,layer_7,0.2,3.2049,train
8240,4.951578,nan,0.00009859,layer_7,0.2,3.2049,train
8241,4.928957,nan,0.00009859,layer_8,0.2,3.2049,train
8242,5.571496,nan,0.00009859,layer_8,0.2,3.2049,train
8243,4.963952,nan,0.00009859,layer_8,0.2,3.2049,train
8244,5.782800,nan,0.00009859,layer_8,0.2,3.2049,train
8245,5.649529,nan,0.00009859,layer_8,0.2,3.2049,train
8246,5.703834,nan,0.00009859,layer_8,0.2,3.2049,train
8247,5.433060,nan,0.00009859,layer_8,0.2,3.2049,train
8248,5.276311,nan,0.00009859,layer_8,0.2,3.2049,train
8249,4.400307,nan,0.00009858,layer_8,0.2,3.2049,train
8250,5.319583,nan,0.00009858,layer_8,0.2,3.2049,train
8251,5.473530,nan,0.00009858,layer_9,0.2,3.2049,train
8252,5.121657,nan,0.00009858,layer_9,0.2,3.2049,train
8253,4.892983,nan,0.00009858,layer_9,0.2,3.2049,train
8254,5.507970,nan,0.00009858,layer_9,0.2,3.2049,train
8255,4.924408,nan,0.00009858,layer_9,0.2,3.2049,train
8256,5.037251,nan,0.00009858,layer_9,0.2,3.2049,train
8257,5.587207,nan,0.00009858,layer_9,0.2,3.2049,train
8258,5.190127,nan,0.00009858,layer_9,0.2,3.2049,train
8259,5.405722,nan,0.00009858,layer_9,0.2,3.2049,train
8260,5.212678,nan,0.00009858,layer_9,0.2,3.2049,train
8261,5.334581,nan,0.00009858,layer_10,0.2,3.2049,train
8262,5.247324,nan,0.00009858,layer_10,0.2,3.2049,train
8263,4.079318,nan,0.00009858,layer_10,0.2,3.2049,train
8264,4.715728,nan,0.00009858,layer_10,0.2,3.2049,train
8265,5.355710,nan,0.00009858,layer_10,0.2,3.2049,train
8266,4.571246,nan,0.00009858,layer_10,0.2,3.2049,train
8267,4.509643,nan,0.00009858,layer_10,0.2,3.2049,train
8268,4.451801,nan,0.00009858,layer_10,0.2,3.2049,train
8269,5.220234,nan,0.00009858,layer_10,0.2,3.2049,train
8270,4.385200,nan,0.00009858,layer_10,0.2,3.2049,train
8271,5.237405,nan,0.00009858,layer_11,0.2,3.2049,train
8272,4.668647,nan,0.00009858,layer_11,0.2,3.2049,train
8273,4.624219,nan,0.00009858,layer_11,0.2,3.2049,train
8274,4.908803,nan,0.00009858,layer_11,0.2,3.2049,train
8275,5.099937,nan,0.00009857,layer_11,0.2,3.2049,train
8276,5.150768,nan,0.00009857,layer_11,0.2,3.2049,train
8277,6.222153,nan,0.00009857,layer_11,0.2,3.2049,train
8278,4.569734,nan,0.00009857,layer_11,0.2,3.2049,train
8279,5.884044,nan,0.00009857,layer_11,0.2,3.2049,train
8280,5.283771,nan,0.00009857,layer_11,0.2,3.2049,train
8281,5.148465,nan,0.00009857,layer_0,0.2,3.2049,train
8282,5.377946,nan,0.00009857,layer_0,0.2,3.2049,train
8283,5.298732,nan,0.00009857,layer_0,0.2,3.2049,train
8284,5.360730,nan,0.00009857,layer_0,0.2,3.2049,train
8285,4.619575,nan,0.00009857,layer_0,0.2,3.2049,train
8286,5.199554,nan,0.00009857,layer_0,0.2,3.2049,train
8287,4.375188,nan,0.00009857,layer_0,0.2,3.2049,train
8288,5.284513,nan,0.00009857,layer_0,0.2,3.2049,train
8289,4.346116,nan,0.00009857,layer_0,0.2,3.2049,train
8290,5.254586,nan,0.00009857,layer_0,0.2,3.2049,train
8291,5.252891,nan,0.00009857,layer_1,0.2,3.2049,train
8292,5.060945,nan,0.00009857,layer_1,0.2,3.2049,train
8293,4.598372,nan,0.00009857,layer_1,0.2,3.2049,train
8294,5.176401,nan,0.00009857,layer_1,0.2,3.2049,train
8295,5.026679,nan,0.00009857,layer_1,0.2,3.2049,train
8296,4.951336,nan,0.00009857,layer_1,0.2,3.2049,train
8297,4.795016,nan,0.00009857,layer_1,0.2,3.2049,train
8298,5.409988,nan,0.00009857,layer_1,0.2,3.2049,train
8299,5.559915,nan,0.00009857,layer_1,0.2,3.2049,train
8300,5.516402,nan,0.00009856,layer_1,0.2,3.2049,train
8301,4.918387,nan,0.00009856,layer_2,0.2,3.2049,train
8302,5.484760,nan,0.00009856,layer_2,0.2,3.2049,train
8303,4.586154,nan,0.00009856,layer_2,0.2,3.2049,train
8304,5.352504,nan,0.00009856,layer_2,0.2,3.2049,train
8305,5.253337,nan,0.00009856,layer_2,0.2,3.2049,train
8306,4.893573,nan,0.00009856,layer_2,0.2,3.2049,train
8307,4.843050,nan,0.00009856,layer_2,0.2,3.2049,train
8308,5.163429,nan,0.00009856,layer_2,0.2,3.2049,train
8309,4.913358,nan,0.00009856,layer_2,0.2,3.2049,train
8310,5.110894,nan,0.00009856,layer_2,0.2,3.2049,train
8311,4.818283,nan,0.00009856,layer_3,0.2,3.2049,train
8312,4.908017,nan,0.00009856,layer_3,0.2,3.2049,train
8313,6.896564,nan,0.00009856,layer_3,0.2,3.2049,train
8314,5.542438,nan,0.00009856,layer_3,0.2,3.2049,train
8315,5.435673,nan,0.00009856,layer_3,0.2,3.2049,train
8316,4.807039,nan,0.00009856,layer_3,0.2,3.2049,train
8317,4.764709,nan,0.00009856,layer_3,0.2,3.2049,train
8318,5.050490,nan,0.00009856,layer_3,0.2,3.2049,train
8319,4.780380,nan,0.00009856,layer_3,0.2,3.2049,train
8320,5.997277,nan,0.00009856,layer_3,0.2,3.2049,train
8321,5.301994,nan,0.00009856,layer_4,0.2,3.2049,train
8322,4.827637,nan,0.00009856,layer_4,0.2,3.2049,train
8323,5.343584,nan,0.00009856,layer_4,0.2,3.2049,train
8324,6.204604,nan,0.00009856,layer_4,0.2,3.2049,train
8325,5.341202,nan,0.00009856,layer_4,0.2,3.2049,train
8326,5.480464,nan,0.00009855,layer_4,0.2,3.2049,train
8327,5.864062,nan,0.00009855,layer_4,0.2,3.2049,train
8328,4.888994,nan,0.00009855,layer_4,0.2,3.2049,train
8329,5.453705,nan,0.00009855,layer_4,0.2,3.2049,train
8330,6.463609,nan,0.00009855,layer_4,0.2,3.2049,train
8331,5.146992,nan,0.00009855,layer_5,0.2,3.2049,train
8332,4.881032,nan,0.00009855,layer_5,0.2,3.2049,train
8333,5.153724,nan,0.00009855,layer_5,0.2,3.2049,train
8334,4.770723,nan,0.00009855,layer_5,0.2,3.2049,train
8335,5.483885,nan,0.00009855,layer_5,0.2,3.2049,train
8336,4.973246,nan,0.00009855,layer_5,0.2,3.2049,train
8337,5.199629,nan,0.00009855,layer_5,0.2,3.2049,train
8338,4.834725,nan,0.00009855,layer_5,0.2,3.2049,train
8339,4.595865,nan,0.00009855,layer_5,0.2,3.2049,train
8340,5.115625,nan,0.00009855,layer_5,0.2,3.2049,train
8341,5.620413,nan,0.00009855,layer_6,0.2,3.2049,train
8342,5.294837,nan,0.00009855,layer_6,0.2,3.2049,train
8343,5.001812,nan,0.00009855,layer_6,0.2,3.2049,train
8344,5.629220,nan,0.00009855,layer_6,0.2,3.2049,train
8345,5.333124,nan,0.00009855,layer_6,0.2,3.2049,train
8346,5.690162,nan,0.00009855,layer_6,0.2,3.2049,train
8347,5.656523,nan,0.00009855,layer_6,0.2,3.2049,train
8348,5.104797,nan,0.00009855,layer_6,0.2,3.2049,train
8349,5.108070,nan,0.00009855,layer_6,0.2,3.2049,train
8350,4.549500,nan,0.00009855,layer_6,0.2,3.2049,train
8351,4.704941,nan,0.00009854,layer_7,0.2,3.2049,train
8352,5.838662,nan,0.00009854,layer_7,0.2,3.2049,train
8353,5.754802,nan,0.00009854,layer_7,0.2,3.2049,train
8354,4.489098,nan,0.00009854,layer_7,0.2,3.2049,train
8355,4.543689,nan,0.00009854,layer_7,0.2,3.2049,train
8356,5.473417,nan,0.00009854,layer_7,0.2,3.2049,train
8357,5.777385,nan,0.00009854,layer_7,0.2,3.2049,train
8358,4.931809,nan,0.00009854,layer_7,0.2,3.2049,train
8359,5.302961,nan,0.00009854,layer_7,0.2,3.2049,train
8360,4.877630,nan,0.00009854,layer_7,0.2,3.2049,train
8361,4.919902,nan,0.00009854,layer_8,0.2,3.2049,train
8362,5.126663,nan,0.00009854,layer_8,0.2,3.2049,train
8363,5.378866,nan,0.00009854,layer_8,0.2,3.2049,train
8364,5.588418,nan,0.00009854,layer_8,0.2,3.2049,train
8365,5.401114,nan,0.00009854,layer_8,0.2,3.2049,train
8366,6.050671,nan,0.00009854,layer_8,0.2,3.2049,train
8367,5.481020,nan,0.00009854,layer_8,0.2,3.2049,train
8368,7.114749,nan,0.00009854,layer_8,0.2,3.2049,train
8369,5.137700,nan,0.00009854,layer_8,0.2,3.2049,train
8370,4.979088,nan,0.00009854,layer_8,0.2,3.2049,train
8371,5.732593,nan,0.00009854,layer_9,0.2,3.2049,train
8372,4.985616,nan,0.00009854,layer_9,0.2,3.2049,train
8373,5.066572,nan,0.00009854,layer_9,0.2,3.2049,train
8374,4.777485,nan,0.00009854,layer_9,0.2,3.2049,train
8375,5.172482,nan,0.00009854,layer_9,0.2,3.2049,train
8376,5.602199,nan,0.00009854,layer_9,0.2,3.2049,train
8377,4.882407,nan,0.00009853,layer_9,0.2,3.2049,train
8378,6.320733,nan,0.00009853,layer_9,0.2,3.2049,train
8379,5.325387,nan,0.00009853,layer_9,0.2,3.2049,train
8380,4.419496,nan,0.00009853,layer_9,0.2,3.2049,train
8381,5.012320,nan,0.00009853,layer_10,0.2,3.2049,train
8382,5.439171,nan,0.00009853,layer_10,0.2,3.2049,train
8383,4.945511,nan,0.00009853,layer_10,0.2,3.2049,train
8384,5.544622,nan,0.00009853,layer_10,0.2,3.2049,train
8385,4.955226,nan,0.00009853,layer_10,0.2,3.2049,train
8386,5.290692,nan,0.00009853,layer_10,0.2,3.2049,train
8387,4.809955,nan,0.00009853,layer_10,0.2,3.2049,train
8388,4.588872,nan,0.00009853,layer_10,0.2,3.2049,train
8389,5.163136,nan,0.00009853,layer_10,0.2,3.2049,train
8390,6.208436,nan,0.00009853,layer_10,0.2,3.2049,train
8391,4.997508,nan,0.00009853,layer_11,0.2,3.2049,train
8392,5.183918,nan,0.00009853,layer_11,0.2,3.2049,train
8393,4.652828,nan,0.00009853,layer_11,0.2,3.2049,train
8394,5.321237,nan,0.00009853,layer_11,0.2,3.2049,train
8395,5.463967,nan,0.00009853,layer_11,0.2,3.2049,train
8396,4.667603,nan,0.00009853,layer_11,0.2,3.2049,train
8397,4.839398,nan,0.00009853,layer_11,0.2,3.2049,train
8398,4.777774,nan,0.00009853,layer_11,0.2,3.2049,train
8399,5.146289,nan,0.00009853,layer_11,0.2,3.2049,train
8400,5.151021,nan,0.00009853,layer_11,0.2,3.2049,train
8401,5.407235,nan,0.00009853,layer_0,0.2,3.2049,train
8402,4.840961,nan,0.00009852,layer_0,0.2,3.2049,train
8403,5.372766,nan,0.00009852,layer_0,0.2,3.2049,train
8404,4.303011,nan,0.00009852,layer_0,0.2,3.2049,train
8405,4.823165,nan,0.00009852,layer_0,0.2,3.2049,train
8406,5.292858,nan,0.00009852,layer_0,0.2,3.2049,train
8407,4.352124,nan,0.00009852,layer_0,0.2,3.2049,train
8408,5.277192,nan,0.00009852,layer_0,0.2,3.2049,train
8409,5.894127,nan,0.00009852,layer_0,0.2,3.2049,train
8410,5.497174,nan,0.00009852,layer_0,0.2,3.2049,train
8411,5.089311,nan,0.00009852,layer_1,0.2,3.2049,train
8412,5.012350,nan,0.00009852,layer_1,0.2,3.2049,train
8413,5.142992,nan,0.00009852,layer_1,0.2,3.2049,train
8414,5.025707,nan,0.00009852,layer_1,0.2,3.2049,train
8415,5.477592,nan,0.00009852,layer_1,0.2,3.2049,train
8416,5.635455,nan,0.00009852,layer_1,0.2,3.2049,train
8417,5.148205,nan,0.00009852,layer_1,0.2,3.2049,train
8418,5.686120,nan,0.00009852,layer_1,0.2,3.2049,train
8419,5.458067,nan,0.00009852,layer_1,0.2,3.2049,train
8420,5.331572,nan,0.00009852,layer_1,0.2,3.2049,train
8421,5.663081,nan,0.00009852,layer_2,0.2,3.2049,train
8422,5.007311,nan,0.00009852,layer_2,0.2,3.2049,train
8423,4.697595,nan,0.00009852,layer_2,0.2,3.2049,train
8424,5.117162,nan,0.00009852,layer_2,0.2,3.2049,train
8425,5.863992,nan,0.00009852,layer_2,0.2,3.2049,train
8426,4.807451,nan,0.00009852,layer_2,0.2,3.2049,train
8427,4.634319,nan,0.00009851,layer_2,0.2,3.2049,train
8428,5.149338,nan,0.00009851,layer_2,0.2,3.2049,train
8429,4.970917,nan,0.00009851,layer_2,0.2,3.2049,train
8430,5.640903,nan,0.00009851,layer_2,0.2,3.2049,train
8431,4.996418,nan,0.00009851,layer_3,0.2,3.2049,train
8432,4.902630,nan,0.00009851,layer_3,0.2,3.2049,train
8433,4.840410,nan,0.00009851,layer_3,0.2,3.2049,train
8434,5.767439,nan,0.00009851,layer_3,0.2,3.2049,train
8435,5.054239,nan,0.00009851,layer_3,0.2,3.2049,train
8436,5.741682,nan,0.00009851,layer_3,0.2,3.2049,train
8437,4.835172,nan,0.00009851,layer_3,0.2,3.2049,train
8438,5.237650,nan,0.00009851,layer_3,0.2,3.2049,train
8439,5.383571,nan,0.00009851,layer_3,0.2,3.2049,train
8440,5.171026,nan,0.00009851,layer_3,0.2,3.2049,train
8441,4.604180,nan,0.00009851,layer_4,0.2,3.2049,train
8442,5.665798,nan,0.00009851,layer_4,0.2,3.2049,train
8443,5.701054,nan,0.00009851,layer_4,0.2,3.2049,train
8444,4.989660,nan,0.00009851,layer_4,0.2,3.2049,train
8445,5.087544,nan,0.00009851,layer_4,0.2,3.2049,train
8446,5.064851,nan,0.00009851,layer_4,0.2,3.2049,train
8447,4.663159,nan,0.00009851,layer_4,0.2,3.2049,train
8448,5.567692,nan,0.00009851,layer_4,0.2,3.2049,train
8449,4.933890,nan,0.00009851,layer_4,0.2,3.2049,train
8450,5.170226,nan,0.00009851,layer_4,0.2,3.2049,train
8451,6.471280,nan,0.00009851,layer_5,0.2,3.2049,train
8452,5.517879,nan,0.00009850,layer_5,0.2,3.2049,train
8453,5.016261,nan,0.00009850,layer_5,0.2,3.2049,train
8454,5.079024,nan,0.00009850,layer_5,0.2,3.2049,train
8455,4.814030,nan,0.00009850,layer_5,0.2,3.2049,train
8456,5.014861,nan,0.00009850,layer_5,0.2,3.2049,train
8457,5.206871,nan,0.00009850,layer_5,0.2,3.2049,train
8458,5.178181,nan,0.00009850,layer_5,0.2,3.2049,train
8459,5.550161,nan,0.00009850,layer_5,0.2,3.2049,train
8460,5.110386,nan,0.00009850,layer_5,0.2,3.2049,train
8461,5.199181,nan,0.00009850,layer_6,0.2,3.2049,train
8462,4.640328,nan,0.00009850,layer_6,0.2,3.2049,train
8463,4.579102,nan,0.00009850,layer_6,0.2,3.2049,train
8464,5.350928,nan,0.00009850,layer_6,0.2,3.2049,train
8465,4.851489,nan,0.00009850,layer_6,0.2,3.2049,train
8466,5.352358,nan,0.00009850,layer_6,0.2,3.2049,train
8467,4.610766,nan,0.00009850,layer_6,0.2,3.2049,train
8468,4.650537,nan,0.00009850,layer_6,0.2,3.2049,train
8469,5.564901,nan,0.00009850,layer_6,0.2,3.2049,train
8470,6.197188,nan,0.00009850,layer_6,0.2,3.2049,train
8471,5.016285,nan,0.00009850,layer_7,0.2,3.2049,train
8472,5.294731,nan,0.00009850,layer_7,0.2,3.2049,train
8473,5.276432,nan,0.00009850,layer_7,0.2,3.2049,train
8474,5.203288,nan,0.00009850,layer_7,0.2,3.2049,train
8475,5.109924,nan,0.00009850,layer_7,0.2,3.2049,train
8476,5.578123,nan,0.00009850,layer_7,0.2,3.2049,train
8477,5.003437,nan,0.00009849,layer_7,0.2,3.2049,train
8478,5.327085,nan,0.00009849,layer_7,0.2,3.2049,train
8479,5.307996,nan,0.00009849,layer_7,0.2,3.2049,train
8480,4.978611,nan,0.00009849,layer_7,0.2,3.2049,train
8481,4.804060,nan,0.00009849,layer_8,0.2,3.2049,train
8482,5.262719,nan,0.00009849,layer_8,0.2,3.2049,train
8483,4.697319,nan,0.00009849,layer_8,0.2,3.2049,train
8484,4.936059,nan,0.00009849,layer_8,0.2,3.2049,train
8485,4.068851,nan,0.00009849,layer_8,0.2,3.2049,train
8486,4.907663,nan,0.00009849,layer_8,0.2,3.2049,train
8487,5.880702,nan,0.00009849,layer_8,0.2,3.2049,train
8488,5.994805,nan,0.00009849,layer_8,0.2,3.2049,train
8489,5.558384,nan,0.00009849,layer_8,0.2,3.2049,train
8490,5.012536,nan,0.00009849,layer_8,0.2,3.2049,train
8491,4.586643,nan,0.00009849,layer_9,0.2,3.2049,train
8492,4.996230,nan,0.00009849,layer_9,0.2,3.2049,train
8493,5.019288,nan,0.00009849,layer_9,0.2,3.2049,train
8494,5.254342,nan,0.00009849,layer_9,0.2,3.2049,train
8495,4.981165,nan,0.00009849,layer_9,0.2,3.2049,train
8496,5.127450,nan,0.00009849,layer_9,0.2,3.2049,train
8497,4.862269,nan,0.00009849,layer_9,0.2,3.2049,train
8498,4.621804,nan,0.00009849,layer_9,0.2,3.2049,train
8499,5.506285,nan,0.00009849,layer_9,0.2,3.2049,train
8500,4.638354,nan,0.00009849,layer_9,0.2,3.2049,train
8500,5.153819,5.157231,0.00009849,layer_10,14.9,3.2049,eval
8501,5.343653,nan,0.00009849,layer_10,0.2,3.2049,train
8502,5.044175,nan,0.00009848,layer_10,0.2,3.2049,train
8503,5.222777,nan,0.00009848,layer_10,0.2,3.2049,train
8504,4.638612,nan,0.00009848,layer_10,0.2,3.2049,train
8505,5.805642,nan,0.00009848,layer_10,0.2,3.2049,train
8506,5.045377,nan,0.00009848,layer_10,0.2,3.2049,train
8507,4.397252,nan,0.00009848,layer_10,0.2,3.2049,train
8508,7.157307,nan,0.00009848,layer_10,0.2,3.2049,train
8509,4.726533,nan,0.00009848,layer_10,0.2,3.2049,train
8510,4.664833,nan,0.00009848,layer_10,0.2,3.2049,train
8511,5.622295,nan,0.00009848,layer_11,0.2,3.2049,train
8512,5.375700,nan,0.00009848,layer_11,0.2,3.2049,train
8513,4.647819,nan,0.00009848,layer_11,0.2,3.2049,train
8514,5.110800,nan,0.00009848,layer_11,0.2,3.2049,train
8515,5.538216,nan,0.00009848,layer_11,0.2,3.2049,train
8516,5.232354,nan,0.00009848,layer_11,0.2,3.2049,train
8517,5.481390,nan,0.00009848,layer_11,0.2,3.2049,train
8518,4.682995,nan,0.00009848,layer_11,0.2,3.2049,train
8519,5.119654,nan,0.00009848,layer_11,0.2,3.2049,train
8520,4.988945,nan,0.00009848,layer_11,0.2,3.2049,train
8521,5.637218,nan,0.00009848,layer_0,0.2,3.2049,train
8522,5.685512,nan,0.00009848,layer_0,0.2,3.2049,train
8523,5.528914,nan,0.00009848,layer_0,0.2,3.2049,train
8524,4.753055,nan,0.00009848,layer_0,0.2,3.2049,train
8525,5.068804,nan,0.00009848,layer_0,0.2,3.2049,train
8526,5.472582,nan,0.00009848,layer_0,0.2,3.2049,train
8527,5.072059,nan,0.00009847,layer_0,0.2,3.2049,train
8528,4.994260,nan,0.00009847,layer_0,0.2,3.2049,train
8529,5.523855,nan,0.00009847,layer_0,0.2,3.2049,train
8530,4.856117,nan,0.00009847,layer_0,0.2,3.2049,train
8531,4.763216,nan,0.00009847,layer_1,0.2,3.2049,train
8532,5.114882,nan,0.00009847,layer_1,0.2,3.2049,train
8533,5.607600,nan,0.00009847,layer_1,0.2,3.2049,train
8534,4.890132,nan,0.00009847,layer_1,0.2,3.2049,train
8535,4.980018,nan,0.00009847,layer_1,0.2,3.2049,train
8536,5.434376,nan,0.00009847,layer_1,0.2,3.2049,train
8537,5.229433,nan,0.00009847,layer_1,0.2,3.2049,train
8538,5.256199,nan,0.00009847,layer_1,0.2,3.2049,train
8539,5.771485,nan,0.00009847,layer_1,0.2,3.2049,train
8540,5.641212,nan,0.00009847,layer_1,0.2,3.2049,train
8541,5.296610,nan,0.00009847,layer_2,0.2,3.2049,train
8542,5.325831,nan,0.00009847,layer_2,0.2,3.2049,train
8543,4.904386,nan,0.00009847,layer_2,0.2,3.2049,train
8544,4.950007,nan,0.00009847,layer_2,0.2,3.2049,train
8545,6.664202,nan,0.00009847,layer_2,0.2,3.2049,train
8546,4.782251,nan,0.00009847,layer_2,0.2,3.2049,train
8547,5.012573,nan,0.00009847,layer_2,0.2,3.2049,train
8548,5.050999,nan,0.00009847,layer_2,0.2,3.2049,train
8549,4.916937,nan,0.00009847,layer_2,0.2,3.2049,train
8550,5.587582,nan,0.00009847,layer_2,0.2,3.2049,train
8551,5.152358,nan,0.00009847,layer_3,0.2,3.2049,train
8552,3.998802,nan,0.00009846,layer_3,0.2,3.2049,train
8553,5.594863,nan,0.00009846,layer_3,0.2,3.2049,train
8554,4.864632,nan,0.00009846,layer_3,0.2,3.2049,train
8555,5.362535,nan,0.00009846,layer_3,0.2,3.2049,train
8556,6.238478,nan,0.00009846,layer_3,0.2,3.2049,train
8557,4.977040,nan,0.00009846,layer_3,0.2,3.2049,train
8558,4.739394,nan,0.00009846,layer_3,0.2,3.2049,train
8559,4.765476,nan,0.00009846,layer_3,0.2,3.2049,train
8560,5.232259,nan,0.00009846,layer_3,0.2,3.2049,train
8561,4.784135,nan,0.00009846,layer_4,0.2,3.2049,train
8562,5.208085,nan,0.00009846,layer_4,0.2,3.2049,train
8563,4.843058,nan,0.00009846,layer_4,0.2,3.2049,train
8564,5.782417,nan,0.00009846,layer_4,0.2,3.2049,train
8565,4.457288,nan,0.00009846,layer_4,0.2,3.2049,train
8566,5.041675,nan,0.00009846,layer_4,0.2,3.2049,train
8567,4.781775,nan,0.00009846,layer_4,0.2,3.2049,train
8568,5.589296,nan,0.00009846,layer_4,0.2,3.2049,train
8569,5.201880,nan,0.00009846,layer_4,0.2,3.2049,train
8570,4.805258,nan,0.00009846,layer_4,0.2,3.2049,train
8571,5.377574,nan,0.00009846,layer_5,0.2,3.2049,train
8572,5.037312,nan,0.00009846,layer_5,0.2,3.2049,train
8573,5.000341,nan,0.00009846,layer_5,0.2,3.2049,train
8574,5.125076,nan,0.00009846,layer_5,0.2,3.2049,train
8575,5.118033,nan,0.00009846,layer_5,0.2,3.2049,train
8576,4.650096,nan,0.00009845,layer_5,0.2,3.2049,train
8577,4.962688,nan,0.00009845,layer_5,0.2,3.2049,train
8578,5.174163,nan,0.00009845,layer_5,0.2,3.2049,train
8579,6.216332,nan,0.00009845,layer_5,0.2,3.2049,train
8580,5.496744,nan,0.00009845,layer_5,0.2,3.2049,train
8581,5.116061,nan,0.00009845,layer_6,0.2,3.2049,train
8582,4.671271,nan,0.00009845,layer_6,0.2,3.2049,train
8583,4.981351,nan,0.00009845,layer_6,0.2,3.2049,train
8584,4.815668,nan,0.00009845,layer_6,0.2,3.2049,train
8585,5.113148,nan,0.00009845,layer_6,0.2,3.2049,train
8586,4.999074,nan,0.00009845,layer_6,0.2,3.2049,train
8587,4.850993,nan,0.00009845,layer_6,0.2,3.2049,train
8588,4.874608,nan,0.00009845,layer_6,0.2,3.2049,train
8589,5.132564,nan,0.00009845,layer_6,0.2,3.2049,train
8590,4.741786,nan,0.00009845,layer_6,0.2,3.2049,train
8591,4.779196,nan,0.00009845,layer_7,0.2,3.2049,train
8592,5.166158,nan,0.00009845,layer_7,0.2,3.2049,train
8593,4.858806,nan,0.00009845,layer_7,0.2,3.2049,train
8594,5.181135,nan,0.00009845,layer_7,0.2,3.2049,train
8595,4.773952,nan,0.00009845,layer_7,0.2,3.2049,train
8596,5.287519,nan,0.00009845,layer_7,0.2,3.2049,train
8597,4.617718,nan,0.00009845,layer_7,0.2,3.2049,train
8598,4.782654,nan,0.00009845,layer_7,0.2,3.2049,train
8599,5.113554,nan,0.00009845,layer_7,0.2,3.2049,train
8600,6.192236,nan,0.00009845,layer_7,0.2,3.2049,train
8601,5.099462,nan,0.00009844,layer_8,0.2,3.2049,train
8602,4.852196,nan,0.00009844,layer_8,0.2,3.2049,train
8603,4.811508,nan,0.00009844,layer_8,0.2,3.2049,train
8604,5.061643,nan,0.00009844,layer_8,0.2,3.2049,train
8605,5.482779,nan,0.00009844,layer_8,0.2,3.2049,train
8606,5.624154,nan,0.00009844,layer_8,0.2,3.2049,train
8607,5.233862,nan,0.00009844,layer_8,0.2,3.2049,train
8608,4.666927,nan,0.00009844,layer_8,0.2,3.2049,train
8609,5.138335,nan,0.00009844,layer_8,0.2,3.2049,train
8610,5.240866,nan,0.00009844,layer_8,0.2,3.2049,train
8611,4.817863,nan,0.00009844,layer_9,0.2,3.2049,train
8612,5.139617,nan,0.00009844,layer_9,0.2,3.2049,train
8613,4.645073,nan,0.00009844,layer_9,0.2,3.2049,train
8614,5.052651,nan,0.00009844,layer_9,0.2,3.2049,train
8615,5.316242,nan,0.00009844,layer_9,0.2,3.2049,train
8616,4.627731,nan,0.00009844,layer_9,0.2,3.2049,train
8617,4.731603,nan,0.00009844,layer_9,0.2,3.2049,train
8618,4.899053,nan,0.00009844,layer_9,0.2,3.2049,train
8619,4.753489,nan,0.00009844,layer_9,0.2,3.2049,train
8620,5.094801,nan,0.00009844,layer_9,0.2,3.2049,train
8621,5.451800,nan,0.00009844,layer_10,0.2,3.2049,train
8622,4.610572,nan,0.00009844,layer_10,0.2,3.2049,train
8623,5.392858,nan,0.00009844,layer_10,0.2,3.2049,train
8624,4.715623,nan,0.00009844,layer_10,0.2,3.2049,train
8625,5.640747,nan,0.00009844,layer_10,0.2,3.2049,train
8626,5.723177,nan,0.00009843,layer_10,0.2,3.2049,train
8627,5.258472,nan,0.00009843,layer_10,0.2,3.2049,train
8628,5.104789,nan,0.00009843,layer_10,0.2,3.2049,train
8629,4.864012,nan,0.00009843,layer_10,0.2,3.2049,train
8630,5.106669,nan,0.00009843,layer_10,0.2,3.2049,train
8631,5.232916,nan,0.00009843,layer_11,0.2,3.2049,train
8632,4.347894,nan,0.00009843,layer_11,0.2,3.2049,train
8633,5.306972,nan,0.00009843,layer_11,0.2,3.2049,train
8634,5.114367,nan,0.00009843,layer_11,0.2,3.2049,train
8635,4.518589,nan,0.00009843,layer_11,0.2,3.2049,train
8636,5.465786,nan,0.00009843,layer_11,0.2,3.2049,train
8637,5.275770,nan,0.00009843,layer_11,0.2,3.2049,train
8638,4.816203,nan,0.00009843,layer_11,0.2,3.2049,train
8639,5.019069,nan,0.00009843,layer_11,0.2,3.2049,train
8640,5.247402,nan,0.00009843,layer_11,0.2,3.2049,train
8641,4.701044,nan,0.00009843,layer_0,0.2,3.2049,train
8642,4.997123,nan,0.00009843,layer_0,0.2,3.2049,train
8643,5.571352,nan,0.00009843,layer_0,0.2,3.2049,train
8644,5.216383,nan,0.00009843,layer_0,0.2,3.2049,train
8645,5.064540,nan,0.00009843,layer_0,0.2,3.2049,train
8646,5.022305,nan,0.00009843,layer_0,0.2,3.2049,train
8647,5.011903,nan,0.00009843,layer_0,0.2,3.2049,train
8648,4.895959,nan,0.00009843,layer_0,0.2,3.2049,train
8649,5.225629,nan,0.00009843,layer_0,0.2,3.2049,train
8650,5.329991,nan,0.00009842,layer_0,0.2,3.2049,train
8651,5.348502,nan,0.00009842,layer_1,0.2,3.2049,train
8652,5.024874,nan,0.00009842,layer_1,0.2,3.2049,train
8653,5.396441,nan,0.00009842,layer_1,0.2,3.2049,train
8654,5.106126,nan,0.00009842,layer_1,0.2,3.2049,train
8655,5.289967,nan,0.00009842,layer_1,0.2,3.2049,train
8656,4.858531,nan,0.00009842,layer_1,0.2,3.2049,train
8657,4.750795,nan,0.00009842,layer_1,0.2,3.2049,train
8658,5.182986,nan,0.00009842,layer_1,0.2,3.2049,train
8659,7.336831,nan,0.00009842,layer_1,0.2,3.2049,train
8660,5.417058,nan,0.00009842,layer_1,0.2,3.2049,train
8661,5.026852,nan,0.00009842,layer_2,0.2,3.2049,train
8662,4.943941,nan,0.00009842,layer_2,0.2,3.2049,train
8663,5.103530,nan,0.00009842,layer_2,0.2,3.2049,train
8664,5.020181,nan,0.00009842,layer_2,0.2,3.2049,train
8665,5.238768,nan,0.00009842,layer_2,0.2,3.2049,train
8666,5.328831,nan,0.00009842,layer_2,0.2,3.2049,train
8667,5.604584,nan,0.00009842,layer_2,0.2,3.2049,train
8668,5.231467,nan,0.00009842,layer_2,0.2,3.2049,train
8669,4.829939,nan,0.00009842,layer_2,0.2,3.2049,train
8670,5.177239,nan,0.00009842,layer_2,0.2,3.2049,train
8671,5.483963,nan,0.00009842,layer_3,0.2,3.2049,train
8672,5.599942,nan,0.00009842,layer_3,0.2,3.2049,train
8673,4.974304,nan,0.00009842,layer_3,0.2,3.2049,train
8674,5.257493,nan,0.00009841,layer_3,0.2,3.2049,train
8675,4.864186,nan,0.00009841,layer_3,0.2,3.2049,train
8676,5.589852,nan,0.00009841,layer_3,0.2,3.2049,train
8677,5.280827,nan,0.00009841,layer_3,0.2,3.2049,train
8678,4.925996,nan,0.00009841,layer_3,0.2,3.2049,train
8679,4.982630,nan,0.00009841,layer_3,0.2,3.2049,train
8680,4.061884,nan,0.00009841,layer_3,0.2,3.2049,train
8681,5.377968,nan,0.00009841,layer_4,0.2,3.2049,train
8682,4.859077,nan,0.00009841,layer_4,0.2,3.2049,train
8683,4.847674,nan,0.00009841,layer_4,0.2,3.2049,train
8684,5.376017,nan,0.00009841,layer_4,0.2,3.2049,train
8685,5.059073,nan,0.00009841,layer_4,0.2,3.2049,train
8686,4.597116,nan,0.00009841,layer_4,0.2,3.2049,train
8687,4.738857,nan,0.00009841,layer_4,0.2,3.2049,train
8688,4.812566,nan,0.00009841,layer_4,0.2,3.2049,train
8689,4.926264,nan,0.00009841,layer_4,0.2,3.2049,train
8690,5.000482,nan,0.00009841,layer_4,0.2,3.2049,train
8691,5.125611,nan,0.00009841,layer_5,0.2,3.2049,train
8692,5.340045,nan,0.00009841,layer_5,0.2,3.2049,train
8693,5.242998,nan,0.00009841,layer_5,0.2,3.2049,train
8694,5.138015,nan,0.00009841,layer_5,0.2,3.2049,train
8695,5.668611,nan,0.00009841,layer_5,0.2,3.2049,train
8696,4.919468,nan,0.00009841,layer_5,0.2,3.2049,train
8697,5.192394,nan,0.00009841,layer_5,0.2,3.2049,train
8698,5.586173,nan,0.00009841,layer_5,0.2,3.2049,train
8699,4.953741,nan,0.00009840,layer_5,0.2,3.2049,train
8700,4.801744,nan,0.00009840,layer_5,0.2,3.2049,train
8701,5.161127,nan,0.00009840,layer_6,0.2,3.2049,train
8702,4.679041,nan,0.00009840,layer_6,0.2,3.2049,train
8703,4.845914,nan,0.00009840,layer_6,0.2,3.2049,train
8704,5.620315,nan,0.00009840,layer_6,0.2,3.2049,train
8705,4.582134,nan,0.00009840,layer_6,0.2,3.2049,train
8706,5.087105,nan,0.00009840,layer_6,0.2,3.2049,train
8707,4.844012,nan,0.00009840,layer_6,0.2,3.2049,train
8708,4.067872,nan,0.00009840,layer_6,0.2,3.2049,train
8709,5.341115,nan,0.00009840,layer_6,0.2,3.2049,train
8710,5.250145,nan,0.00009840,layer_6,0.2,3.2049,train
8711,5.534979,nan,0.00009840,layer_7,0.2,3.2049,train
8712,5.287610,nan,0.00009840,layer_7,0.2,3.2049,train
8713,4.371661,nan,0.00009840,layer_7,0.2,3.2049,train
8714,4.626390,nan,0.00009840,layer_7,0.2,3.2049,train
8715,4.796148,nan,0.00009840,layer_7,0.2,3.2049,train
8716,4.941426,nan,0.00009840,layer_7,0.2,3.2049,train
8717,5.152421,nan,0.00009840,layer_7,0.2,3.2049,train
8718,5.174181,nan,0.00009840,layer_7,0.2,3.2049,train
8719,4.273161,nan,0.00009840,layer_7,0.2,3.2049,train
8720,5.348618,nan,0.00009840,layer_7,0.2,3.2049,train
8721,4.816730,nan,0.00009840,layer_8,0.2,3.2049,train
8722,4.385098,nan,0.00009840,layer_8,0.2,3.2049,train
8723,5.125946,nan,0.00009839,layer_8,0.2,3.2049,train
8724,5.063069,nan,0.00009839,layer_8,0.2,3.2049,train
8725,5.809637,nan,0.00009839,layer_8,0.2,3.2049,train
8726,5.268220,nan,0.00009839,layer_8,0.2,3.2049,train
8727,4.914623,nan,0.00009839,layer_8,0.2,3.2049,train
8728,5.157869,nan,0.00009839,layer_8,0.2,3.2049,train
8729,5.110358,nan,0.00009839,layer_8,0.2,3.2049,train
8730,5.506655,nan,0.00009839,layer_8,0.2,3.2049,train
8731,4.697125,nan,0.00009839,layer_9,0.2,3.2049,train
8732,5.396485,nan,0.00009839,layer_9,0.2,3.2049,train
8733,5.597786,nan,0.00009839,layer_9,0.2,3.2049,train
8734,4.989360,nan,0.00009839,layer_9,0.2,3.2049,train
8735,4.990377,nan,0.00009839,layer_9,0.2,3.2049,train
8736,4.557123,nan,0.00009839,layer_9,0.2,3.2049,train
8737,5.058925,nan,0.00009839,layer_9,0.2,3.2049,train
8738,5.299451,nan,0.00009839,layer_9,0.2,3.2049,train
8739,4.797647,nan,0.00009839,layer_9,0.2,3.2049,train
8740,4.985343,nan,0.00009839,layer_9,0.2,3.2049,train
8741,5.547174,nan,0.00009839,layer_10,0.2,3.2049,train
8742,5.267821,nan,0.00009839,layer_10,0.2,3.2049,train
8743,5.569619,nan,0.00009839,layer_10,0.2,3.2049,train
8744,4.966318,nan,0.00009839,layer_10,0.2,3.2049,train
8745,4.641285,nan,0.00009839,layer_10,0.2,3.2049,train
8746,6.195073,nan,0.00009839,layer_10,0.2,3.2049,train
8747,4.813250,nan,0.00009838,layer_10,0.2,3.2049,train
8748,5.287685,nan,0.00009838,layer_10,0.2,3.2049,train
8749,5.239800,nan,0.00009838,layer_10,0.2,3.2049,train
8750,5.595345,nan,0.00009838,layer_10,0.2,3.2049,train
8751,4.830494,nan,0.00009838,layer_11,0.2,3.2049,train
8752,4.912581,nan,0.00009838,layer_11,0.2,3.2049,train
8753,4.986665,nan,0.00009838,layer_11,0.2,3.2049,train
8754,4.879259,nan,0.00009838,layer_11,0.2,3.2049,train
8755,4.570981,nan,0.00009838,layer_11,0.2,3.2049,train
8756,5.060087,nan,0.00009838,layer_11,0.2,3.2049,train
8757,5.003304,nan,0.00009838,layer_11,0.2,3.2049,train
8758,5.533668,nan,0.00009838,layer_11,0.2,3.2049,train
8759,4.184906,nan,0.00009838,layer_11,0.2,3.2049,train
8760,5.007868,nan,0.00009838,layer_11,0.2,3.2049,train
8761,5.554677,nan,0.00009838,layer_0,0.2,3.2049,train
8762,5.068492,nan,0.00009838,layer_0,0.2,3.2049,train
8763,4.726041,nan,0.00009838,layer_0,0.2,3.2049,train
8764,4.969337,nan,0.00009838,layer_0,0.2,3.2049,train
8765,5.327485,nan,0.00009838,layer_0,0.2,3.2049,train
8766,4.949994,nan,0.00009838,layer_0,0.2,3.2049,train
8767,5.002779,nan,0.00009838,layer_0,0.2,3.2049,train
8768,5.172733,nan,0.00009838,layer_0,0.2,3.2049,train
8769,5.266725,nan,0.00009838,layer_0,0.2,3.2049,train
8770,5.124232,nan,0.00009838,layer_0,0.2,3.2049,train
8771,5.741257,nan,0.00009837,layer_1,0.2,3.2049,train
8772,4.462752,nan,0.00009837,layer_1,0.2,3.2049,train
8773,5.282962,nan,0.00009837,layer_1,0.2,3.2049,train
8774,5.074440,nan,0.00009837,layer_1,0.2,3.2049,train
8775,5.325711,nan,0.00009837,layer_1,0.2,3.2049,train
8776,4.564699,nan,0.00009837,layer_1,0.2,3.2049,train
8777,5.195118,nan,0.00009837,layer_1,0.2,3.2049,train
8778,4.870794,nan,0.00009837,layer_1,0.2,3.2049,train
8779,5.450851,nan,0.00009837,layer_1,0.2,3.2049,train
8780,5.363119,nan,0.00009837,layer_1,0.2,3.2049,train
8781,4.783859,nan,0.00009837,layer_2,0.2,3.2049,train
8782,4.874777,nan,0.00009837,layer_2,0.2,3.2049,train
8783,5.031048,nan,0.00009837,layer_2,0.2,3.2049,train
8784,4.830481,nan,0.00009837,layer_2,0.2,3.2049,train
8785,5.066059,nan,0.00009837,layer_2,0.2,3.2049,train
8786,4.960546,nan,0.00009837,layer_2,0.2,3.2049,train
8787,4.849461,nan,0.00009837,layer_2,0.2,3.2049,train
8788,5.278107,nan,0.00009837,layer_2,0.2,3.2049,train
8789,5.446582,nan,0.00009837,layer_2,0.2,3.2049,train
8790,6.877128,nan,0.00009837,layer_2,0.2,3.2049,train
8791,5.043542,nan,0.00009837,layer_3,0.2,3.2049,train
8792,5.418046,nan,0.00009837,layer_3,0.2,3.2049,train
8793,5.680239,nan,0.00009837,layer_3,0.2,3.2049,train
8794,5.472443,nan,0.00009837,layer_3,0.2,3.2049,train
8795,4.880839,nan,0.00009836,layer_3,0.2,3.2049,train
8796,5.321723,nan,0.00009836,layer_3,0.2,3.2049,train
8797,6.200855,nan,0.00009836,layer_3,0.2,3.2049,train
8798,5.288532,nan,0.00009836,layer_3,0.2,3.2049,train
8799,4.868609,nan,0.00009836,layer_3,0.2,3.2049,train
8800,5.160249,nan,0.00009836,layer_3,0.2,3.2049,train
8801,5.094743,nan,0.00009836,layer_4,0.2,3.2049,train
8802,4.668280,nan,0.00009836,layer_4,0.2,3.2049,train
8803,5.229815,nan,0.00009836,layer_4,0.2,3.2049,train
8804,4.654887,nan,0.00009836,layer_4,0.2,3.2049,train
8805,5.378729,nan,0.00009836,layer_4,0.2,3.2049,train
8806,4.683496,nan,0.00009836,layer_4,0.2,3.2049,train
8807,4.781806,nan,0.00009836,layer_4,0.2,3.2049,train
8808,4.844918,nan,0.00009836,layer_4,0.2,3.2049,train
8809,4.818919,nan,0.00009836,layer_4,0.2,3.2049,train
8810,5.363750,nan,0.00009836,layer_4,0.2,3.2049,train
8811,5.031413,nan,0.00009836,layer_5,0.2,3.2049,train
8812,5.143027,nan,0.00009836,layer_5,0.2,3.2049,train
8813,4.774344,nan,0.00009836,layer_5,0.2,3.2049,train
8814,5.146748,nan,0.00009836,layer_5,0.2,3.2049,train
8815,4.240975,nan,0.00009836,layer_5,0.2,3.2049,train
8816,5.583644,nan,0.00009836,layer_5,0.2,3.2049,train
8817,4.680770,nan,0.00009836,layer_5,0.2,3.2049,train
8818,5.199465,nan,0.00009836,layer_5,0.2,3.2049,train
8819,6.331672,nan,0.00009835,layer_5,0.2,3.2049,train
8820,5.588342,nan,0.00009835,layer_5,0.2,3.2049,train
8821,5.386070,nan,0.00009835,layer_6,0.2,3.2049,train
8822,5.021311,nan,0.00009835,layer_6,0.2,3.2049,train
8823,4.639600,nan,0.00009835,layer_6,0.2,3.2049,train
8824,4.418416,nan,0.00009835,layer_6,0.2,3.2049,train
8825,4.905139,nan,0.00009835,layer_6,0.2,3.2049,train
8826,5.663365,nan,0.00009835,layer_6,0.2,3.2049,train
8827,4.511834,nan,0.00009835,layer_6,0.2,3.2049,train
8828,5.183983,nan,0.00009835,layer_6,0.2,3.2049,train
8829,4.907001,nan,0.00009835,layer_6,0.2,3.2049,train
8830,5.585928,nan,0.00009835,layer_6,0.2,3.2049,train
8831,5.135016,nan,0.00009835,layer_7,0.2,3.2049,train
8832,5.537544,nan,0.00009835,layer_7,0.2,3.2049,train
8833,5.071272,nan,0.00009835,layer_7,0.2,3.2049,train
8834,4.744746,nan,0.00009835,layer_7,0.2,3.2049,train
8835,4.833964,nan,0.00009835,layer_7,0.2,3.2049,train
8836,5.032780,nan,0.00009835,layer_7,0.2,3.2049,train
8837,5.126091,nan,0.00009835,layer_7,0.2,3.2049,train
8838,5.114693,nan,0.00009835,layer_7,0.2,3.2049,train
8839,4.772964,nan,0.00009835,layer_7,0.2,3.2049,train
8840,4.886099,nan,0.00009835,layer_7,0.2,3.2049,train
8841,4.784669,nan,0.00009835,layer_8,0.2,3.2049,train
8842,5.557052,nan,0.00009835,layer_8,0.2,3.2049,train
8843,5.063085,nan,0.00009834,layer_8,0.2,3.2049,train
8844,4.628091,nan,0.00009834,layer_8,0.2,3.2049,train
8845,4.738074,nan,0.00009834,layer_8,0.2,3.2049,train
8846,5.032429,nan,0.00009834,layer_8,0.2,3.2049,train
8847,4.974848,nan,0.00009834,layer_8,0.2,3.2049,train
8848,4.475664,nan,0.00009834,layer_8,0.2,3.2049,train
8849,5.031594,nan,0.00009834,layer_8,0.2,3.2049,train
8850,5.024109,nan,0.00009834,layer_8,0.2,3.2049,train
8851,5.082045,nan,0.00009834,layer_9,0.2,3.2049,train
8852,5.063356,nan,0.00009834,layer_9,0.2,3.2049,train
8853,4.905209,nan,0.00009834,layer_9,0.2,3.2049,train
8854,5.353228,nan,0.00009834,layer_9,0.2,3.2049,train
8855,5.023518,nan,0.00009834,layer_9,0.2,3.2049,train
8856,5.366694,nan,0.00009834,layer_9,0.2,3.2049,train
8857,4.601151,nan,0.00009834,layer_9,0.2,3.2049,train
8858,5.059848,nan,0.00009834,layer_9,0.2,3.2049,train
8859,4.870048,nan,0.00009834,layer_9,0.2,3.2049,train
8860,4.954938,nan,0.00009834,layer_9,0.2,3.2049,train
8861,5.349430,nan,0.00009834,layer_10,0.2,3.2049,train
8862,4.952894,nan,0.00009834,layer_10,0.2,3.2049,train
8863,5.997002,nan,0.00009834,layer_10,0.2,3.2049,train
8864,5.072132,nan,0.00009834,layer_10,0.2,3.2049,train
8865,5.689077,nan,0.00009834,layer_10,0.2,3.2049,train
8866,5.688778,nan,0.00009834,layer_10,0.2,3.2049,train
8867,5.194370,nan,0.00009833,layer_10,0.2,3.2049,train
8868,4.726758,nan,0.00009833,layer_10,0.2,3.2049,train
8869,4.552041,nan,0.00009833,layer_10,0.2,3.2049,train
8870,5.273682,nan,0.00009833,layer_10,0.2,3.2049,train
8871,5.363517,nan,0.00009833,layer_11,0.2,3.2049,train
8872,4.749382,nan,0.00009833,layer_11,0.2,3.2049,train
8873,5.008367,nan,0.00009833,layer_11,0.2,3.2049,train
8874,4.895463,nan,0.00009833,layer_11,0.2,3.2049,train
8875,5.347828,nan,0.00009833,layer_11,0.2,3.2049,train
8876,4.969820,nan,0.00009833,layer_11,0.2,3.2049,train
8877,5.256571,nan,0.00009833,layer_11,0.2,3.2049,train
8878,5.334496,nan,0.00009833,layer_11,0.2,3.2049,train
8879,4.582928,nan,0.00009833,layer_11,0.2,3.2049,train
8880,5.736618,nan,0.00009833,layer_11,0.2,3.2049,train
8881,5.170294,nan,0.00009833,layer_0,0.2,3.2049,train
8882,5.535692,nan,0.00009833,layer_0,0.2,3.2049,train
8883,4.969512,nan,0.00009833,layer_0,0.2,3.2049,train
8884,5.452025,nan,0.00009833,layer_0,0.2,3.2049,train
8885,5.165203,nan,0.00009833,layer_0,0.2,3.2049,train
8886,4.508634,nan,0.00009833,layer_0,0.2,3.2049,train
8887,5.110215,nan,0.00009833,layer_0,0.2,3.2049,train
8888,6.424623,nan,0.00009833,layer_0,0.2,3.2049,train
8889,4.457117,nan,0.00009833,layer_0,0.2,3.2049,train
8890,5.290110,nan,0.00009833,layer_0,0.2,3.2049,train
8891,4.831340,nan,0.00009832,layer_1,0.2,3.2049,train
8892,5.465131,nan,0.00009832,layer_1,0.2,3.2049,train
8893,4.892802,nan,0.00009832,layer_1,0.2,3.2049,train
8894,5.733586,nan,0.00009832,layer_1,0.2,3.2049,train
8895,5.556433,nan,0.00009832,layer_1,0.2,3.2049,train
8896,4.558824,nan,0.00009832,layer_1,0.2,3.2049,train
8897,4.704209,nan,0.00009832,layer_1,0.2,3.2049,train
8898,5.022529,nan,0.00009832,layer_1,0.2,3.2049,train
8899,5.229517,nan,0.00009832,layer_1,0.2,3.2049,train
8900,4.978422,nan,0.00009832,layer_1,0.2,3.2049,train
8901,4.793643,nan,0.00009832,layer_2,0.2,3.2049,train
8902,5.611555,nan,0.00009832,layer_2,0.2,3.2049,train
8903,4.852108,nan,0.00009832,layer_2,0.2,3.2049,train
8904,5.046070,nan,0.00009832,layer_2,0.2,3.2049,train
8905,5.076666,nan,0.00009832,layer_2,0.2,3.2049,train
8906,4.813345,nan,0.00009832,layer_2,0.2,3.2049,train
8907,4.746609,nan,0.00009832,layer_2,0.2,3.2049,train
8908,5.132973,nan,0.00009832,layer_2,0.2,3.2049,train
8909,5.991793,nan,0.00009832,layer_2,0.2,3.2049,train
8910,5.613370,nan,0.00009832,layer_2,0.2,3.2049,train
8911,4.951112,nan,0.00009832,layer_3,0.2,3.2049,train
8912,4.802365,nan,0.00009832,layer_3,0.2,3.2049,train
8913,5.125417,nan,0.00009832,layer_3,0.2,3.2049,train
8914,5.496716,nan,0.00009831,layer_3,0.2,3.2049,train
8915,5.151149,nan,0.00009831,layer_3,0.2,3.2049,train
8916,5.065649,nan,0.00009831,layer_3,0.2,3.2049,train
8917,5.031873,nan,0.00009831,layer_3,0.2,3.2049,train
8918,5.061766,nan,0.00009831,layer_3,0.2,3.2049,train
8919,4.642108,nan,0.00009831,layer_3,0.2,3.2049,train
8920,5.302161,nan,0.00009831,layer_3,0.2,3.2049,train
8921,5.029113,nan,0.00009831,layer_4,0.2,3.2049,train
8922,5.047576,nan,0.00009831,layer_4,0.2,3.2049,train
8923,6.383685,nan,0.00009831,layer_4,0.2,3.2049,train
8924,5.233270,nan,0.00009831,layer_4,0.2,3.2049,train
8925,4.956790,nan,0.00009831,layer_4,0.2,3.2049,train
8926,4.685637,nan,0.00009831,layer_4,0.2,3.2049,train
8927,5.051644,nan,0.00009831,layer_4,0.2,3.2049,train
8928,5.468977,nan,0.00009831,layer_4,0.2,3.2049,train
8929,6.124437,nan,0.00009831,layer_4,0.2,3.2049,train
8930,5.633595,nan,0.00009831,layer_4,0.2,3.2049,train
8931,5.180737,nan,0.00009831,layer_5,0.2,3.2049,train
8932,4.803812,nan,0.00009831,layer_5,0.2,3.2049,train
8933,4.940042,nan,0.00009831,layer_5,0.2,3.2049,train
8934,4.808401,nan,0.00009831,layer_5,0.2,3.2049,train
8935,5.180606,nan,0.00009831,layer_5,0.2,3.2049,train
8936,4.888628,nan,0.00009831,layer_5,0.2,3.2049,train
8937,4.736989,nan,0.00009831,layer_5,0.2,3.2049,train
8938,5.030351,nan,0.00009830,layer_5,0.2,3.2049,train
8939,5.620675,nan,0.00009830,layer_5,0.2,3.2049,train
8940,5.780632,nan,0.00009830,layer_5,0.2,3.2049,train
8941,4.552184,nan,0.00009830,layer_6,0.2,3.2049,train
8942,5.300591,nan,0.00009830,layer_6,0.2,3.2049,train
8943,5.095121,nan,0.00009830,layer_6,0.2,3.2049,train
8944,5.434888,nan,0.00009830,layer_6,0.2,3.2049,train
8945,5.008723,nan,0.00009830,layer_6,0.2,3.2049,train
8946,5.609772,nan,0.00009830,layer_6,0.2,3.2049,train
8947,5.046305,nan,0.00009830,layer_6,0.2,3.2049,train
8948,5.174798,nan,0.00009830,layer_6,0.2,3.2049,train
8949,4.832633,nan,0.00009830,layer_6,0.2,3.2049,train
8950,4.622456,nan,0.00009830,layer_6,0.2,3.2049,train
8951,4.782518,nan,0.00009830,layer_7,0.2,3.2049,train
8952,4.449140,nan,0.00009830,layer_7,0.2,3.2049,train
8953,5.264717,nan,0.00009830,layer_7,0.2,3.2049,train
8954,5.239614,nan,0.00009830,layer_7,0.2,3.2049,train
8955,5.007124,nan,0.00009830,layer_7,0.2,3.2049,train
8956,4.894179,nan,0.00009830,layer_7,0.2,3.2049,train
8957,5.354878,nan,0.00009830,layer_7,0.2,3.2049,train
8958,4.647897,nan,0.00009830,layer_7,0.2,3.2049,train
8959,4.867831,nan,0.00009830,layer_7,0.2,3.2049,train
8960,5.179011,nan,0.00009830,layer_7,0.2,3.2049,train
8961,4.929801,nan,0.00009829,layer_8,0.2,3.2049,train
8962,5.521630,nan,0.00009829,layer_8,0.2,3.2049,train
8963,4.924881,nan,0.00009829,layer_8,0.2,3.2049,train
8964,4.802446,nan,0.00009829,layer_8,0.2,3.2049,train
8965,4.866126,nan,0.00009829,layer_8,0.2,3.2049,train
8966,5.019364,nan,0.00009829,layer_8,0.2,3.2049,train
8967,5.133688,nan,0.00009829,layer_8,0.2,3.2049,train
8968,5.381971,nan,0.00009829,layer_8,0.2,3.2049,train
8969,5.144451,nan,0.00009829,layer_8,0.2,3.2049,train
8970,4.905577,nan,0.00009829,layer_8,0.2,3.2049,train
8971,5.249950,nan,0.00009829,layer_9,0.2,3.2049,train
8972,4.959819,nan,0.00009829,layer_9,0.2,3.2049,train
8973,4.604977,nan,0.00009829,layer_9,0.2,3.2049,train
8974,4.899558,nan,0.00009829,layer_9,0.2,3.2049,train
8975,5.559494,nan,0.00009829,layer_9,0.2,3.2049,train
8976,4.700599,nan,0.00009829,layer_9,0.2,3.2049,train
8977,4.969881,nan,0.00009829,layer_9,0.2,3.2049,train
8978,5.261127,nan,0.00009829,layer_9,0.2,3.2049,train
8979,4.983529,nan,0.00009829,layer_9,0.2,3.2049,train
8980,5.478056,nan,0.00009829,layer_9,0.2,3.2049,train
8981,5.311766,nan,0.00009829,layer_10,0.2,3.2049,train
8982,4.961014,nan,0.00009829,layer_10,0.2,3.2049,train
8983,4.744058,nan,0.00009829,layer_10,0.2,3.2049,train
8984,5.050699,nan,0.00009829,layer_10,0.2,3.2049,train
8985,5.814142,nan,0.00009828,layer_10,0.2,3.2049,train
8986,4.957886,nan,0.00009828,layer_10,0.2,3.2049,train
8987,7.095373,nan,0.00009828,layer_10,0.2,3.2049,train
8988,4.602285,nan,0.00009828,layer_10,0.2,3.2049,train
8989,5.390368,nan,0.00009828,layer_10,0.2,3.2049,train
8990,5.268233,nan,0.00009828,layer_10,0.2,3.2049,train
8991,4.831514,nan,0.00009828,layer_11,0.2,3.2049,train
8992,4.748623,nan,0.00009828,layer_11,0.2,3.2049,train
8993,5.301531,nan,0.00009828,layer_11,0.2,3.2049,train
8994,4.892416,nan,0.00009828,layer_11,0.2,3.2049,train
8995,5.168335,nan,0.00009828,layer_11,0.2,3.2049,train
8996,4.868362,nan,0.00009828,layer_11,0.2,3.2049,train
8997,5.127122,nan,0.00009828,layer_11,0.2,3.2049,train
8998,5.541597,nan,0.00009828,layer_11,0.2,3.2049,train
8999,5.315015,nan,0.00009828,layer_11,0.2,3.2049,train
9000,4.839738,nan,0.00009828,layer_11,0.2,3.2049,train
9000,5.068378,5.157765,0.00009828,layer_0,14.9,3.2049,eval
9001,5.369966,nan,0.00009828,layer_0,0.2,3.2049,train
9002,4.626782,nan,0.00009828,layer_0,0.2,3.2049,train
9003,5.117804,nan,0.00009828,layer_0,0.2,3.2049,train
9004,5.255576,nan,0.00009828,layer_0,0.2,3.2049,train
9005,4.838679,nan,0.00009828,layer_0,0.2,3.2049,train
9006,4.947783,nan,0.00009828,layer_0,0.2,3.2049,train
9007,5.564228,nan,0.00009828,layer_0,0.2,3.2049,train
9008,4.818121,nan,0.00009827,layer_0,0.2,3.2049,train
9009,4.580091,nan,0.00009827,layer_0,0.2,3.2049,train
9010,5.697193,nan,0.00009827,layer_0,0.2,3.2049,train
9011,4.648950,nan,0.00009827,layer_1,0.2,3.2049,train
9012,5.267657,nan,0.00009827,layer_1,0.2,3.2049,train
9013,5.124613,nan,0.00009827,layer_1,0.2,3.2049,train
9014,5.393106,nan,0.00009827,layer_1,0.2,3.2049,train
9015,5.301464,nan,0.00009827,layer_1,0.2,3.2049,train
9016,6.866797,nan,0.00009827,layer_1,0.2,3.2049,train
9017,5.068291,nan,0.00009827,layer_1,0.2,3.2049,train
9018,4.590464,nan,0.00009827,layer_1,0.2,3.2049,train
9019,5.465683,nan,0.00009827,layer_1,0.2,3.2049,train
9020,4.331172,nan,0.00009827,layer_1,0.2,3.2049,train
9021,5.235577,nan,0.00009827,layer_2,0.2,3.2049,train
9022,5.461963,nan,0.00009827,layer_2,0.2,3.2049,train
9023,4.358564,nan,0.00009827,layer_2,0.2,3.2049,train
9024,5.537888,nan,0.00009827,layer_2,0.2,3.2049,train
9025,4.944753,nan,0.00009827,layer_2,0.2,3.2049,train
9026,5.529771,nan,0.00009827,layer_2,0.2,3.2049,train
9027,5.014286,nan,0.00009827,layer_2,0.2,3.2049,train
9028,4.622355,nan,0.00009827,layer_2,0.2,3.2049,train
9029,4.825632,nan,0.00009827,layer_2,0.2,3.2049,train
9030,5.216864,nan,0.00009827,layer_2,0.2,3.2049,train
9031,5.642024,nan,0.00009827,layer_3,0.2,3.2049,train
9032,5.466578,nan,0.00009826,layer_3,0.2,3.2049,train
9033,5.201448,nan,0.00009826,layer_3,0.2,3.2049,train
9034,5.332921,nan,0.00009826,layer_3,0.2,3.2049,train
9035,5.094257,nan,0.00009826,layer_3,0.2,3.2049,train
9036,4.983152,nan,0.00009826,layer_3,0.2,3.2049,train
9037,5.382827,nan,0.00009826,layer_3,0.2,3.2049,train
9038,5.848240,nan,0.00009826,layer_3,0.2,3.2049,train
9039,5.008040,nan,0.00009826,layer_3,0.2,3.2049,train
9040,5.429539,nan,0.00009826,layer_3,0.2,3.2049,train
9041,5.500072,nan,0.00009826,layer_4,0.2,3.2049,train
9042,5.170278,nan,0.00009826,layer_4,0.2,3.2049,train
9043,4.967205,nan,0.00009826,layer_4,0.2,3.2049,train
9044,5.161956,nan,0.00009826,layer_4,0.2,3.2049,train
9045,5.139075,nan,0.00009826,layer_4,0.2,3.2049,train
9046,5.087543,nan,0.00009826,layer_4,0.2,3.2049,train
9047,4.970298,nan,0.00009826,layer_4,0.2,3.2049,train
9048,5.351611,nan,0.00009826,layer_4,0.2,3.2049,train
9049,5.032277,nan,0.00009826,layer_4,0.2,3.2049,train
9050,5.469930,nan,0.00009826,layer_4,0.2,3.2049,train
9051,5.366668,nan,0.00009826,layer_5,0.2,3.2049,train
9052,4.683726,nan,0.00009826,layer_5,0.2,3.2049,train
9053,5.128834,nan,0.00009826,layer_5,0.2,3.2049,train
9054,4.885931,nan,0.00009826,layer_5,0.2,3.2049,train
9055,5.380529,nan,0.00009825,layer_5,0.2,3.2049,train
9056,5.213627,nan,0.00009825,layer_5,0.2,3.2049,train
9057,4.814767,nan,0.00009825,layer_5,0.2,3.2049,train
9058,5.434318,nan,0.00009825,layer_5,0.2,3.2049,train
9059,4.668493,nan,0.00009825,layer_5,0.2,3.2049,train
9060,5.496883,nan,0.00009825,layer_5,0.2,3.2049,train
9061,4.652588,nan,0.00009825,layer_6,0.2,3.2049,train
9062,5.628522,nan,0.00009825,layer_6,0.2,3.2049,train
9063,4.841103,nan,0.00009825,layer_6,0.2,3.2049,train
9064,5.111498,nan,0.00009825,layer_6,0.2,3.2049,train
9065,5.221889,nan,0.00009825,layer_6,0.2,3.2049,train
9066,4.510789,nan,0.00009825,layer_6,0.2,3.2049,train
9067,4.527614,nan,0.00009825,layer_6,0.2,3.2049,train
9068,5.329310,nan,0.00009825,layer_6,0.2,3.2049,train
9069,5.269060,nan,0.00009825,layer_6,0.2,3.2049,train
9070,5.000648,nan,0.00009825,layer_6,0.2,3.2049,train
9071,4.703461,nan,0.00009825,layer_7,0.2,3.2049,train
9072,4.841771,nan,0.00009825,layer_7,0.2,3.2049,train
9073,4.710124,nan,0.00009825,layer_7,0.2,3.2049,train
9074,4.705987,nan,0.00009825,layer_7,0.2,3.2049,train
9075,5.120109,nan,0.00009825,layer_7,0.2,3.2049,train
9076,5.017636,nan,0.00009825,layer_7,0.2,3.2049,train
9077,4.732911,nan,0.00009825,layer_7,0.2,3.2049,train
9078,5.178792,nan,0.00009824,layer_7,0.2,3.2049,train
9079,4.941074,nan,0.00009824,layer_7,0.2,3.2049,train
9080,6.323618,nan,0.00009824,layer_7,0.2,3.2049,train
9081,4.753199,nan,0.00009824,layer_8,0.2,3.2049,train
9082,5.121977,nan,0.00009824,layer_8,0.2,3.2049,train
9083,4.938164,nan,0.00009824,layer_8,0.2,3.2049,train
9084,5.365316,nan,0.00009824,layer_8,0.2,3.2049,train
9085,4.900083,nan,0.00009824,layer_8,0.2,3.2049,train
9086,5.076136,nan,0.00009824,layer_8,0.2,3.2049,train
9087,5.031443,nan,0.00009824,layer_8,0.2,3.2049,train
9088,5.607952,nan,0.00009824,layer_8,0.2,3.2049,train
9089,5.198489,nan,0.00009824,layer_8,0.2,3.2049,train
9090,4.898961,nan,0.00009824,layer_8,0.2,3.2049,train
9091,4.969670,nan,0.00009824,layer_9,0.2,3.2049,train
9092,4.589015,nan,0.00009824,layer_9,0.2,3.2049,train
9093,5.051812,nan,0.00009824,layer_9,0.2,3.2049,train
9094,5.024035,nan,0.00009824,layer_9,0.2,3.2049,train
9095,5.103176,nan,0.00009824,layer_9,0.2,3.2049,train
9096,5.117833,nan,0.00009824,layer_9,0.2,3.2049,train
9097,5.304859,nan,0.00009824,layer_9,0.2,3.2049,train
9098,5.150245,nan,0.00009824,layer_9,0.2,3.2049,train
9099,5.057343,nan,0.00009824,layer_9,0.2,3.2049,train
9100,5.008153,nan,0.00009824,layer_9,0.2,3.2049,train
9101,5.221836,nan,0.00009823,layer_10,0.2,3.2049,train
9102,5.764396,nan,0.00009823,layer_10,0.2,3.2049,train
9103,4.176109,nan,0.00009823,layer_10,0.2,3.2049,train
9104,5.198990,nan,0.00009823,layer_10,0.2,3.2049,train
9105,4.991673,nan,0.00009823,layer_10,0.2,3.2049,train
9106,5.338667,nan,0.00009823,layer_10,0.2,3.2049,train
9107,4.790167,nan,0.00009823,layer_10,0.2,3.2049,train
9108,5.101195,nan,0.00009823,layer_10,0.2,3.2049,train
9109,4.983609,nan,0.00009823,layer_10,0.2,3.2049,train
9110,5.323022,nan,0.00009823,layer_10,0.2,3.2049,train
9111,5.130128,nan,0.00009823,layer_11,0.2,3.2049,train
9112,5.445993,nan,0.00009823,layer_11,0.2,3.2049,train
9113,5.263545,nan,0.00009823,layer_11,0.2,3.2049,train
9114,5.032371,nan,0.00009823,layer_11,0.2,3.2049,train
9115,5.324795,nan,0.00009823,layer_11,0.2,3.2049,train
9116,4.610125,nan,0.00009823,layer_11,0.2,3.2049,train
9117,5.106940,nan,0.00009823,layer_11,0.2,3.2049,train
9118,4.604785,nan,0.00009823,layer_11,0.2,3.2049,train
9119,4.621214,nan,0.00009823,layer_11,0.2,3.2049,train
9120,4.579087,nan,0.00009823,layer_11,0.2,3.2049,train
9121,4.752194,nan,0.00009823,layer_0,0.2,3.2049,train
9122,4.979681,nan,0.00009823,layer_0,0.2,3.2049,train
9123,5.043055,nan,0.00009823,layer_0,0.2,3.2049,train
9124,5.178093,nan,0.00009822,layer_0,0.2,3.2049,train
9125,5.125042,nan,0.00009822,layer_0,0.2,3.2049,train
9126,5.037014,nan,0.00009822,layer_0,0.2,3.2049,train
9127,5.059610,nan,0.00009822,layer_0,0.2,3.2049,train
9128,5.214568,nan,0.00009822,layer_0,0.2,3.2049,train
9129,5.400229,nan,0.00009822,layer_0,0.2,3.2049,train
9130,5.218507,nan,0.00009822,layer_0,0.2,3.2049,train
9131,4.926417,nan,0.00009822,layer_1,0.2,3.2049,train
9132,4.885712,nan,0.00009822,layer_1,0.2,3.2049,train
9133,5.435069,nan,0.00009822,layer_1,0.2,3.2049,train
9134,4.852307,nan,0.00009822,layer_1,0.2,3.2049,train
9135,4.565572,nan,0.00009822,layer_1,0.2,3.2049,train
9136,5.272136,nan,0.00009822,layer_1,0.2,3.2049,train
9137,5.445782,nan,0.00009822,layer_1,0.2,3.2049,train
9138,5.285484,nan,0.00009822,layer_1,0.2,3.2049,train
9139,4.306228,nan,0.00009822,layer_1,0.2,3.2049,train
9140,5.209645,nan,0.00009822,layer_1,0.2,3.2049,train
9141,4.597669,nan,0.00009822,layer_2,0.2,3.2049,train
9142,4.805649,nan,0.00009822,layer_2,0.2,3.2049,train
9143,5.091533,nan,0.00009822,layer_2,0.2,3.2049,train
9144,5.268382,nan,0.00009822,layer_2,0.2,3.2049,train
9145,5.172145,nan,0.00009822,layer_2,0.2,3.2049,train
9146,4.969330,nan,0.00009822,layer_2,0.2,3.2049,train
9147,4.825392,nan,0.00009821,layer_2,0.2,3.2049,train
9148,4.238170,nan,0.00009821,layer_2,0.2,3.2049,train
9149,4.852582,nan,0.00009821,layer_2,0.2,3.2049,train
9150,4.518576,nan,0.00009821,layer_2,0.2,3.2049,train
9151,4.677349,nan,0.00009821,layer_3,0.2,3.2049,train
9152,4.692959,nan,0.00009821,layer_3,0.2,3.2049,train
9153,5.011851,nan,0.00009821,layer_3,0.2,3.2049,train
9154,4.728713,nan,0.00009821,layer_3,0.2,3.2049,train
9155,4.725243,nan,0.00009821,layer_3,0.2,3.2049,train
9156,5.100279,nan,0.00009821,layer_3,0.2,3.2049,train
9157,5.116200,nan,0.00009821,layer_3,0.2,3.2049,train
9158,5.186035,nan,0.00009821,layer_3,0.2,3.2049,train
9159,5.246089,nan,0.00009821,layer_3,0.2,3.2049,train
9160,5.000516,nan,0.00009821,layer_3,0.2,3.2049,train
9161,5.415646,nan,0.00009821,layer_4,0.2,3.2049,train
9162,4.554528,nan,0.00009821,layer_4,0.2,3.2049,train
9163,5.070896,nan,0.00009821,layer_4,0.2,3.2049,train
9164,4.625071,nan,0.00009821,layer_4,0.2,3.2049,train
9165,5.188454,nan,0.00009821,layer_4,0.2,3.2049,train
9166,5.254613,nan,0.00009821,layer_4,0.2,3.2049,train
9167,5.279468,nan,0.00009821,layer_4,0.2,3.2049,train
9168,4.786418,nan,0.00009821,layer_4,0.2,3.2049,train
9169,4.608749,nan,0.00009821,layer_4,0.2,3.2049,train
9170,4.630042,nan,0.00009820,layer_4,0.2,3.2049,train
9171,5.160855,nan,0.00009820,layer_5,0.2,3.2049,train
9172,5.515280,nan,0.00009820,layer_5,0.2,3.2049,train
9173,5.617127,nan,0.00009820,layer_5,0.2,3.2049,train
9174,5.220562,nan,0.00009820,layer_5,0.2,3.2049,train
9175,5.235341,nan,0.00009820,layer_5,0.2,3.2049,train
9176,5.535735,nan,0.00009820,layer_5,0.2,3.2049,train
9177,4.315145,nan,0.00009820,layer_5,0.2,3.2049,train
9178,5.057335,nan,0.00009820,layer_5,0.2,3.2049,train
9179,5.051761,nan,0.00009820,layer_5,0.2,3.2049,train
9180,5.201316,nan,0.00009820,layer_5,0.2,3.2049,train
9181,5.372531,nan,0.00009820,layer_6,0.2,3.2049,train
9182,4.762741,nan,0.00009820,layer_6,0.2,3.2049,train
9183,5.362627,nan,0.00009820,layer_6,0.2,3.2049,train
9184,4.509628,nan,0.00009820,layer_6,0.2,3.2049,train
9185,5.356488,nan,0.00009820,layer_6,0.2,3.2049,train
9186,5.438939,nan,0.00009820,layer_6,0.2,3.2049,train
9187,5.068879,nan,0.00009820,layer_6,0.2,3.2049,train
9188,4.393186,nan,0.00009820,layer_6,0.2,3.2049,train
9189,4.697660,nan,0.00009820,layer_6,0.2,3.2049,train
9190,4.547856,nan,0.00009820,layer_6,0.2,3.2049,train
9191,4.675696,nan,0.00009820,layer_7,0.2,3.2049,train
9192,5.089851,nan,0.00009820,layer_7,0.2,3.2049,train
9193,6.604961,nan,0.00009819,layer_7,0.2,3.2049,train
9194,5.281648,nan,0.00009819,layer_7,0.2,3.2049,train
9195,5.389545,nan,0.00009819,layer_7,0.2,3.2049,train
9196,5.872752,nan,0.00009819,layer_7,0.2,3.2049,train
9197,4.977206,nan,0.00009819,layer_7,0.2,3.2049,train
9198,4.437570,nan,0.00009819,layer_7,0.2,3.2049,train
9199,4.984779,nan,0.00009819,layer_7,0.2,3.2049,train
9200,4.994175,nan,0.00009819,layer_7,0.2,3.2049,train
9201,5.158844,nan,0.00009819,layer_8,0.2,3.2049,train
9202,4.896939,nan,0.00009819,layer_8,0.2,3.2049,train
9203,5.211134,nan,0.00009819,layer_8,0.2,3.2049,train
9204,5.115640,nan,0.00009819,layer_8,0.2,3.2049,train
9205,5.058386,nan,0.00009819,layer_8,0.2,3.2049,train
9206,5.112503,nan,0.00009819,layer_8,0.2,3.2049,train
9207,4.617153,nan,0.00009819,layer_8,0.2,3.2049,train
9208,4.833526,nan,0.00009819,layer_8,0.2,3.2049,train
9209,4.815731,nan,0.00009819,layer_8,0.2,3.2049,train
9210,5.388266,nan,0.00009819,layer_8,0.2,3.2049,train
9211,5.214428,nan,0.00009819,layer_9,0.2,3.2049,train
9212,5.486746,nan,0.00009819,layer_9,0.2,3.2049,train
9213,5.282389,nan,0.00009819,layer_9,0.2,3.2049,train
9214,5.475405,nan,0.00009819,layer_9,0.2,3.2049,train
9215,5.292538,nan,0.00009819,layer_9,0.2,3.2049,train
9216,5.888353,nan,0.00009818,layer_9,0.2,3.2049,train
9217,4.700465,nan,0.00009818,layer_9,0.2,3.2049,train
9218,5.261445,nan,0.00009818,layer_9,0.2,3.2049,train
9219,5.076755,nan,0.00009818,layer_9,0.2,3.2049,train
9220,5.927532,nan,0.00009818,layer_9,0.2,3.2049,train
9221,5.277151,nan,0.00009818,layer_10,0.2,3.2049,train
9222,5.118123,nan,0.00009818,layer_10,0.2,3.2049,train
9223,5.011226,nan,0.00009818,layer_10,0.2,3.2049,train
9224,4.758105,nan,0.00009818,layer_10,0.2,3.2049,train
9225,5.188701,nan,0.00009818,layer_10,0.2,3.2049,train
9226,4.560442,nan,0.00009818,layer_10,0.2,3.2049,train
9227,4.730212,nan,0.00009818,layer_10,0.2,3.2049,train
9228,5.179941,nan,0.00009818,layer_10,0.2,3.2049,train
9229,4.493649,nan,0.00009818,layer_10,0.2,3.2049,train
9230,5.775539,nan,0.00009818,layer_10,0.2,3.2049,train
9231,5.494089,nan,0.00009818,layer_11,0.2,3.2049,train
9232,5.453554,nan,0.00009818,layer_11,0.2,3.2049,train
9233,5.145180,nan,0.00009818,layer_11,0.2,3.2049,train
9234,4.558925,nan,0.00009818,layer_11,0.2,3.2049,train
9235,5.517098,nan,0.00009818,layer_11,0.2,3.2049,train
9236,4.899702,nan,0.00009818,layer_11,0.2,3.2049,train
9237,5.287725,nan,0.00009818,layer_11,0.2,3.2049,train
9238,4.962377,nan,0.00009818,layer_11,0.2,3.2049,train
9239,5.531382,nan,0.00009817,layer_11,0.2,3.2049,train
9240,5.395798,nan,0.00009817,layer_11,0.2,3.2049,train
9241,5.370145,nan,0.00009817,layer_0,0.2,3.2049,train
9242,5.053130,nan,0.00009817,layer_0,0.2,3.2049,train
9243,5.145674,nan,0.00009817,layer_0,0.2,3.2049,train
9244,4.779199,nan,0.00009817,layer_0,0.2,3.2049,train
9245,5.316439,nan,0.00009817,layer_0,0.2,3.2049,train
9246,4.818169,nan,0.00009817,layer_0,0.2,3.2049,train
9247,4.865323,nan,0.00009817,layer_0,0.2,3.2049,train
9248,5.410697,nan,0.00009817,layer_0,0.2,3.2049,train
9249,4.842940,nan,0.00009817,layer_0,0.2,3.2049,train
9250,5.928618,nan,0.00009817,layer_0,0.2,3.2049,train
9251,4.509531,nan,0.00009817,layer_1,0.2,3.2049,train
9252,5.108801,nan,0.00009817,layer_1,0.2,3.2049,train
9253,4.754942,nan,0.00009817,layer_1,0.2,3.2049,train
9254,5.337267,nan,0.00009817,layer_1,0.2,3.2049,train
9255,5.025257,nan,0.00009817,layer_1,0.2,3.2049,train
9256,5.022194,nan,0.00009817,layer_1,0.2,3.2049,train
9257,5.092179,nan,0.00009817,layer_1,0.2,3.2049,train
9258,4.941875,nan,0.00009817,layer_1,0.2,3.2049,train
9259,4.866161,nan,0.00009817,layer_1,0.2,3.2049,train
9260,4.963167,nan,0.00009817,layer_1,0.2,3.2049,train
9261,5.403265,nan,0.00009816,layer_2,0.2,3.2049,train
9262,4.660105,nan,0.00009816,layer_2,0.2,3.2049,train
9263,4.980681,nan,0.00009816,layer_2,0.2,3.2049,train
9264,4.921659,nan,0.00009816,layer_2,0.2,3.2049,train
9265,4.879763,nan,0.00009816,layer_2,0.2,3.2049,train
9266,4.728230,nan,0.00009816,layer_2,0.2,3.2049,train
9267,5.036847,nan,0.00009816,layer_2,0.2,3.2049,train
9268,5.459500,nan,0.00009816,layer_2,0.2,3.2049,train
9269,4.554840,nan,0.00009816,layer_2,0.2,3.2049,train
9270,5.032874,nan,0.00009816,layer_2,0.2,3.2049,train
9271,5.213506,nan,0.00009816,layer_3,0.2,3.2049,train
9272,4.536152,nan,0.00009816,layer_3,0.2,3.2049,train
9273,4.886193,nan,0.00009816,layer_3,0.2,3.2049,train
9274,6.228224,nan,0.00009816,layer_3,0.2,3.2049,train
9275,5.400945,nan,0.00009816,layer_3,0.2,3.2049,train
9276,5.007469,nan,0.00009816,layer_3,0.2,3.2049,train
9277,4.457537,nan,0.00009816,layer_3,0.2,3.2049,train
9278,5.148619,nan,0.00009816,layer_3,0.2,3.2049,train
9279,5.382648,nan,0.00009816,layer_3,0.2,3.2049,train
9280,4.794882,nan,0.00009816,layer_3,0.2,3.2049,train
9281,5.178662,nan,0.00009816,layer_4,0.2,3.2049,train
9282,5.597956,nan,0.00009816,layer_4,0.2,3.2049,train
9283,4.940919,nan,0.00009816,layer_4,0.2,3.2049,train
9284,5.151913,nan,0.00009815,layer_4,0.2,3.2049,train
9285,5.362205,nan,0.00009815,layer_4,0.2,3.2049,train
9286,5.385937,nan,0.00009815,layer_4,0.2,3.2049,train
9287,5.333219,nan,0.00009815,layer_4,0.2,3.2049,train
9288,5.305587,nan,0.00009815,layer_4,0.2,3.2049,train
9289,5.249753,nan,0.00009815,layer_4,0.2,3.2049,train
9290,4.736643,nan,0.00009815,layer_4,0.2,3.2049,train
9291,5.584287,nan,0.00009815,layer_5,0.2,3.2049,train
9292,5.068982,nan,0.00009815,layer_5,0.2,3.2049,train
9293,4.908089,nan,0.00009815,layer_5,0.2,3.2049,train
9294,4.766969,nan,0.00009815,layer_5,0.2,3.2049,train
9295,5.032113,nan,0.00009815,layer_5,0.2,3.2049,train
9296,5.163176,nan,0.00009815,layer_5,0.2,3.2049,train
9297,5.566109,nan,0.00009815,layer_5,0.2,3.2049,train
9298,5.538728,nan,0.00009815,layer_5,0.2,3.2049,train
9299,4.472367,nan,0.00009815,layer_5,0.2,3.2049,train
9300,5.300549,nan,0.00009815,layer_5,0.2,3.2049,train
9301,5.519082,nan,0.00009815,layer_6,0.2,3.2049,train
9302,5.724268,nan,0.00009815,layer_6,0.2,3.2049,train
9303,5.176393,nan,0.00009815,layer_6,0.2,3.2049,train
9304,4.732982,nan,0.00009815,layer_6,0.2,3.2049,train
9305,5.023026,nan,0.00009815,layer_6,0.2,3.2049,train
9306,4.943645,nan,0.00009814,layer_6,0.2,3.2049,train
9307,4.754106,nan,0.00009814,layer_6,0.2,3.2049,train
9308,5.074782,nan,0.00009814,layer_6,0.2,3.2049,train
9309,5.402101,nan,0.00009814,layer_6,0.2,3.2049,train
9310,4.686398,nan,0.00009814,layer_6,0.2,3.2049,train
9311,5.360465,nan,0.00009814,layer_7,0.2,3.2049,train
9312,5.081538,nan,0.00009814,layer_7,0.2,3.2049,train
9313,5.591175,nan,0.00009814,layer_7,0.2,3.2049,train
9314,5.440673,nan,0.00009814,layer_7,0.2,3.2049,train
9315,5.498270,nan,0.00009814,layer_7,0.2,3.2049,train
9316,4.965232,nan,0.00009814,layer_7,0.2,3.2049,train
9317,5.596677,nan,0.00009814,layer_7,0.2,3.2049,train
9318,4.637588,nan,0.00009814,layer_7,0.2,3.2049,train
9319,4.861544,nan,0.00009814,layer_7,0.2,3.2049,train
9320,5.198952,nan,0.00009814,layer_7,0.2,3.2049,train
9321,4.940543,nan,0.00009814,layer_8,0.2,3.2049,train
9322,5.246289,nan,0.00009814,layer_8,0.2,3.2049,train
9323,4.775369,nan,0.00009814,layer_8,0.2,3.2049,train
9324,5.120101,nan,0.00009814,layer_8,0.2,3.2049,train
9325,5.313089,nan,0.00009814,layer_8,0.2,3.2049,train
9326,5.169571,nan,0.00009814,layer_8,0.2,3.2049,train
9327,5.407926,nan,0.00009814,layer_8,0.2,3.2049,train
9328,4.998345,nan,0.00009814,layer_8,0.2,3.2049,train
9329,5.273215,nan,0.00009813,layer_8,0.2,3.2049,train
9330,5.707480,nan,0.00009813,layer_8,0.2,3.2049,train
9331,5.453196,nan,0.00009813,layer_9,0.2,3.2049,train
9332,5.669580,nan,0.00009813,layer_9,0.2,3.2049,train
9333,4.737790,nan,0.00009813,layer_9,0.2,3.2049,train
9334,5.961327,nan,0.00009813,layer_9,0.2,3.2049,train
9335,5.077055,nan,0.00009813,layer_9,0.2,3.2049,train
9336,5.308533,nan,0.00009813,layer_9,0.2,3.2049,train
9337,5.273686,nan,0.00009813,layer_9,0.2,3.2049,train
9338,4.831537,nan,0.00009813,layer_9,0.2,3.2049,train
9339,5.216581,nan,0.00009813,layer_9,0.2,3.2049,train
9340,4.963253,nan,0.00009813,layer_9,0.2,3.2049,train
9341,4.955668,nan,0.00009813,layer_10,0.2,3.2049,train
9342,4.581872,nan,0.00009813,layer_10,0.2,3.2049,train
9343,5.143969,nan,0.00009813,layer_10,0.2,3.2049,train
9344,5.050236,nan,0.00009813,layer_10,0.2,3.2049,train
9345,5.485654,nan,0.00009813,layer_10,0.2,3.2049,train
9346,4.438314,nan,0.00009813,layer_10,0.2,3.2049,train
9347,4.936885,nan,0.00009813,layer_10,0.2,3.2049,train
9348,4.586067,nan,0.00009813,layer_10,0.2,3.2049,train
9349,5.215250,nan,0.00009813,layer_10,0.2,3.2049,train
9350,5.191487,nan,0.00009813,layer_10,0.2,3.2049,train
9351,4.819715,nan,0.00009812,layer_11,0.2,3.2049,train
9352,4.781108,nan,0.00009812,layer_11,0.2,3.2049,train
9353,5.022362,nan,0.00009812,layer_11,0.2,3.2049,train
9354,5.098485,nan,0.00009812,layer_11,0.2,3.2049,train
9355,5.173967,nan,0.00009812,layer_11,0.2,3.2049,train
9356,4.688471,nan,0.00009812,layer_11,0.2,3.2049,train
9357,5.710093,nan,0.00009812,layer_11,0.2,3.2049,train
9358,5.206205,nan,0.00009812,layer_11,0.2,3.2049,train
9359,5.224427,nan,0.00009812,layer_11,0.2,3.2049,train
9360,3.820969,nan,0.00009812,layer_11,0.2,3.2049,train
9361,5.951470,nan,0.00009812,layer_0,0.2,3.2049,train
9362,4.947205,nan,0.00009812,layer_0,0.2,3.2049,train
9363,5.616282,nan,0.00009812,layer_0,0.2,3.2049,train
9364,5.303746,nan,0.00009812,layer_0,0.2,3.2049,train
9365,5.321518,nan,0.00009812,layer_0,0.2,3.2049,train
9366,4.951406,nan,0.00009812,layer_0,0.2,3.2049,train
9367,5.222806,nan,0.00009812,layer_0,0.2,3.2049,train
9368,4.326082,nan,0.00009812,layer_0,0.2,3.2049,train
9369,5.188584,nan,0.00009812,layer_0,0.2,3.2049,train
9370,5.252930,nan,0.00009812,layer_0,0.2,3.2049,train
9371,5.639958,nan,0.00009812,layer_1,0.2,3.2049,train
9372,5.029478,nan,0.00009812,layer_1,0.2,3.2049,train
9373,5.760732,nan,0.00009812,layer_1,0.2,3.2049,train
9374,5.021265,nan,0.00009811,layer_1,0.2,3.2049,train
9375,5.492005,nan,0.00009811,layer_1,0.2,3.2049,train
9376,5.266948,nan,0.00009811,layer_1,0.2,3.2049,train
9377,4.767855,nan,0.00009811,layer_1,0.2,3.2049,train
9378,5.112981,nan,0.00009811,layer_1,0.2,3.2049,train
9379,5.094159,nan,0.00009811,layer_1,0.2,3.2049,train
9380,5.003574,nan,0.00009811,layer_1,0.2,3.2049,train
9381,5.107520,nan,0.00009811,layer_2,0.2,3.2049,train
9382,5.467164,nan,0.00009811,layer_2,0.2,3.2049,train
9383,5.357378,nan,0.00009811,layer_2,0.2,3.2049,train
9384,5.013164,nan,0.00009811,layer_2,0.2,3.2049,train
9385,4.993172,nan,0.00009811,layer_2,0.2,3.2049,train
9386,5.073116,nan,0.00009811,layer_2,0.2,3.2049,train
9387,5.539378,nan,0.00009811,layer_2,0.2,3.2049,train
9388,5.422125,nan,0.00009811,layer_2,0.2,3.2049,train
9389,5.017999,nan,0.00009811,layer_2,0.2,3.2049,train
9390,5.283431,nan,0.00009811,layer_2,0.2,3.2049,train
9391,5.343355,nan,0.00009811,layer_3,0.2,3.2049,train
9392,4.390420,nan,0.00009811,layer_3,0.2,3.2049,train
9393,5.214017,nan,0.00009811,layer_3,0.2,3.2049,train
9394,5.261886,nan,0.00009811,layer_3,0.2,3.2049,train
9395,4.857745,nan,0.00009811,layer_3,0.2,3.2049,train
9396,4.956364,nan,0.00009810,layer_3,0.2,3.2049,train
9397,4.988092,nan,0.00009810,layer_3,0.2,3.2049,train
9398,5.825815,nan,0.00009810,layer_3,0.2,3.2049,train
9399,5.108359,nan,0.00009810,layer_3,0.2,3.2049,train
9400,5.386770,nan,0.00009810,layer_3,0.2,3.2049,train
9401,5.034224,nan,0.00009810,layer_4,0.2,3.2049,train
9402,4.754103,nan,0.00009810,layer_4,0.2,3.2049,train
9403,4.713837,nan,0.00009810,layer_4,0.2,3.2049,train
9404,4.322339,nan,0.00009810,layer_4,0.2,3.2049,train
9405,4.951446,nan,0.00009810,layer_4,0.2,3.2049,train
9406,5.382026,nan,0.00009810,layer_4,0.2,3.2049,train
9407,4.996138,nan,0.00009810,layer_4,0.2,3.2049,train
9408,5.082930,nan,0.00009810,layer_4,0.2,3.2049,train
9409,5.865938,nan,0.00009810,layer_4,0.2,3.2049,train
9410,5.471964,nan,0.00009810,layer_4,0.2,3.2049,train
9411,5.530499,nan,0.00009810,layer_5,0.2,3.2049,train
9412,4.632175,nan,0.00009810,layer_5,0.2,3.2049,train
9413,5.124144,nan,0.00009810,layer_5,0.2,3.2049,train
9414,5.269544,nan,0.00009810,layer_5,0.2,3.2049,train
9415,5.663848,nan,0.00009810,layer_5,0.2,3.2049,train
9416,5.487844,nan,0.00009810,layer_5,0.2,3.2049,train
9417,4.191399,nan,0.00009810,layer_5,0.2,3.2049,train
9418,4.801675,nan,0.00009809,layer_5,0.2,3.2049,train
9419,4.924836,nan,0.00009809,layer_5,0.2,3.2049,train
9420,5.275657,nan,0.00009809,layer_5,0.2,3.2049,train
9421,4.876256,nan,0.00009809,layer_6,0.2,3.2049,train
9422,5.588298,nan,0.00009809,layer_6,0.2,3.2049,train
9423,4.712875,nan,0.00009809,layer_6,0.2,3.2049,train
9424,5.135874,nan,0.00009809,layer_6,0.2,3.2049,train
9425,4.492596,nan,0.00009809,layer_6,0.2,3.2049,train
9426,4.448905,nan,0.00009809,layer_6,0.2,3.2049,train
9427,5.242585,nan,0.00009809,layer_6,0.2,3.2049,train
9428,4.791197,nan,0.00009809,layer_6,0.2,3.2049,train
9429,4.004544,nan,0.00009809,layer_6,0.2,3.2049,train
9430,4.862601,nan,0.00009809,layer_6,0.2,3.2049,train
9431,5.449903,nan,0.00009809,layer_7,0.2,3.2049,train
9432,5.582629,nan,0.00009809,layer_7,0.2,3.2049,train
9433,5.793419,nan,0.00009809,layer_7,0.2,3.2049,train
9434,4.533174,nan,0.00009809,layer_7,0.2,3.2049,train
9435,5.127811,nan,0.00009809,layer_7,0.2,3.2049,train
9436,4.903629,nan,0.00009809,layer_7,0.2,3.2049,train
9437,4.866623,nan,0.00009809,layer_7,0.2,3.2049,train
9438,5.129427,nan,0.00009809,layer_7,0.2,3.2049,train
9439,5.080493,nan,0.00009809,layer_7,0.2,3.2049,train
9440,4.777710,nan,0.00009809,layer_7,0.2,3.2049,train
9441,5.172826,nan,0.00009808,layer_8,0.2,3.2049,train
9442,4.362915,nan,0.00009808,layer_8,0.2,3.2049,train
9443,4.905598,nan,0.00009808,layer_8,0.2,3.2049,train
9444,4.975932,nan,0.00009808,layer_8,0.2,3.2049,train
9445,4.429223,nan,0.00009808,layer_8,0.2,3.2049,train
9446,5.038731,nan,0.00009808,layer_8,0.2,3.2049,train
9447,5.357061,nan,0.00009808,layer_8,0.2,3.2049,train
9448,5.424793,nan,0.00009808,layer_8,0.2,3.2049,train
9449,5.809060,nan,0.00009808,layer_8,0.2,3.2049,train
9450,4.540947,nan,0.00009808,layer_8,0.2,3.2049,train
9451,4.520222,nan,0.00009808,layer_9,0.2,3.2049,train
9452,5.102656,nan,0.00009808,layer_9,0.2,3.2049,train
9453,5.594227,nan,0.00009808,layer_9,0.2,3.2049,train
9454,4.819441,nan,0.00009808,layer_9,0.2,3.2049,train
9455,4.999204,nan,0.00009808,layer_9,0.2,3.2049,train
9456,4.806266,nan,0.00009808,layer_9,0.2,3.2049,train
9457,5.478869,nan,0.00009808,layer_9,0.2,3.2049,train
9458,5.442192,nan,0.00009808,layer_9,0.2,3.2049,train
9459,4.248734,nan,0.00009808,layer_9,0.2,3.2049,train
9460,5.352624,nan,0.00009808,layer_9,0.2,3.2049,train
9461,4.506955,nan,0.00009808,layer_10,0.2,3.2049,train
9462,4.785294,nan,0.00009808,layer_10,0.2,3.2049,train
9463,4.968696,nan,0.00009807,layer_10,0.2,3.2049,train
9464,4.506967,nan,0.00009807,layer_10,0.2,3.2049,train
9465,5.144929,nan,0.00009807,layer_10,0.2,3.2049,train
9466,4.826478,nan,0.00009807,layer_10,0.2,3.2049,train
9467,4.890767,nan,0.00009807,layer_10,0.2,3.2049,train
9468,4.577884,nan,0.00009807,layer_10,0.2,3.2049,train
9469,4.810063,nan,0.00009807,layer_10,0.2,3.2049,train
9470,4.867950,nan,0.00009807,layer_10,0.2,3.2049,train
9471,5.538107,nan,0.00009807,layer_11,0.2,3.2049,train
9472,4.875515,nan,0.00009807,layer_11,0.2,3.2049,train
9473,4.551860,nan,0.00009807,layer_11,0.2,3.2049,train
9474,4.659134,nan,0.00009807,layer_11,0.2,3.2049,train
9475,4.795854,nan,0.00009807,layer_11,0.2,3.2049,train
9476,5.011044,nan,0.00009807,layer_11,0.2,3.2049,train
9477,5.106255,nan,0.00009807,layer_11,0.2,3.2049,train
9478,7.164701,nan,0.00009807,layer_11,0.2,3.2049,train
9479,5.371955,nan,0.00009807,layer_11,0.2,3.2049,train
9480,5.330519,nan,0.00009807,layer_11,0.2,3.2049,train
9481,4.754652,nan,0.00009807,layer_0,0.2,3.2049,train
9482,5.097877,nan,0.00009807,layer_0,0.2,3.2049,train
9483,4.946764,nan,0.00009807,layer_0,0.2,3.2049,train
9484,4.610467,nan,0.00009807,layer_0,0.2,3.2049,train
9485,5.016097,nan,0.00009806,layer_0,0.2,3.2049,train
9486,4.843703,nan,0.00009806,layer_0,0.2,3.2049,train
9487,5.142913,nan,0.00009806,layer_0,0.2,3.2049,train
9488,4.179461,nan,0.00009806,layer_0,0.2,3.2049,train
9489,4.420963,nan,0.00009806,layer_0,0.2,3.2049,train
9490,5.111630,nan,0.00009806,layer_0,0.2,3.2049,train
9491,4.767699,nan,0.00009806,layer_1,0.2,3.2049,train
9492,5.540913,nan,0.00009806,layer_1,0.2,3.2049,train
9493,4.898115,nan,0.00009806,layer_1,0.2,3.2049,train
9494,5.161890,nan,0.00009806,layer_1,0.2,3.2049,train
9495,4.907244,nan,0.00009806,layer_1,0.2,3.2049,train
9496,6.630392,nan,0.00009806,layer_1,0.2,3.2049,train
9497,4.903498,nan,0.00009806,layer_1,0.2,3.2049,train
9498,5.465630,nan,0.00009806,layer_1,0.2,3.2049,train
9499,5.414572,nan,0.00009806,layer_1,0.2,3.2049,train
9500,4.940975,nan,0.00009806,layer_1,0.2,3.2049,train
9500,5.062963,5.036346,0.00009806,layer_2,14.8,3.2049,eval
9501,4.677628,nan,0.00009806,layer_2,0.2,3.2049,train
9502,5.246374,nan,0.00009806,layer_2,0.2,3.2049,train
9503,4.484970,nan,0.00009806,layer_2,0.2,3.2049,train
9504,5.245783,nan,0.00009806,layer_2,0.2,3.2049,train
9505,5.172861,nan,0.00009806,layer_2,0.2,3.2049,train
9506,4.543588,nan,0.00009806,layer_2,0.2,3.2049,train
9507,5.351179,nan,0.00009805,layer_2,0.2,3.2049,train
9508,5.160293,nan,0.00009805,layer_2,0.2,3.2049,train
9509,4.645959,nan,0.00009805,layer_2,0.2,3.2049,train
9510,5.171166,nan,0.00009805,layer_2,0.2,3.2049,train
9511,4.803142,nan,0.00009805,layer_3,0.2,3.2049,train
9512,4.803343,nan,0.00009805,layer_3,0.2,3.2049,train
9513,4.840672,nan,0.00009805,layer_3,0.2,3.2049,train
9514,4.456766,nan,0.00009805,layer_3,0.2,3.2049,train
9515,5.000599,nan,0.00009805,layer_3,0.2,3.2049,train
9516,5.147041,nan,0.00009805,layer_3,0.2,3.2049,train
9517,5.363457,nan,0.00009805,layer_3,0.2,3.2049,train
9518,4.419281,nan,0.00009805,layer_3,0.2,3.2049,train
9519,5.058363,nan,0.00009805,layer_3,0.2,3.2049,train
9520,5.252782,nan,0.00009805,layer_3,0.2,3.2049,train
9521,5.054615,nan,0.00009805,layer_4,0.2,3.2049,train
9522,4.964970,nan,0.00009805,layer_4,0.2,3.2049,train
9523,5.381959,nan,0.00009805,layer_4,0.2,3.2049,train
9524,4.912499,nan,0.00009805,layer_4,0.2,3.2049,train
9525,5.198820,nan,0.00009805,layer_4,0.2,3.2049,train
9526,5.522512,nan,0.00009805,layer_4,0.2,3.2049,train
9527,4.684260,nan,0.00009805,layer_4,0.2,3.2049,train
9528,4.474160,nan,0.00009805,layer_4,0.2,3.2049,train
9529,5.108022,nan,0.00009804,layer_4,0.2,3.2049,train
9530,5.163470,nan,0.00009804,layer_4,0.2,3.2049,train
9531,5.189788,nan,0.00009804,layer_5,0.2,3.2049,train
9532,5.041501,nan,0.00009804,layer_5,0.2,3.2049,train
9533,5.240809,nan,0.00009804,layer_5,0.2,3.2049,train
9534,4.544631,nan,0.00009804,layer_5,0.2,3.2049,train
9535,5.038901,nan,0.00009804,layer_5,0.2,3.2049,train
9536,5.002949,nan,0.00009804,layer_5,0.2,3.2049,train
9537,4.168338,nan,0.00009804,layer_5,0.2,3.2049,train
9538,5.598811,nan,0.00009804,layer_5,0.2,3.2049,train
9539,4.905572,nan,0.00009804,layer_5,0.2,3.2049,train
9540,5.047424,nan,0.00009804,layer_5,0.2,3.2049,train
9541,4.746318,nan,0.00009804,layer_6,0.2,3.2049,train
9542,5.138454,nan,0.00009804,layer_6,0.2,3.2049,train
9543,5.348029,nan,0.00009804,layer_6,0.2,3.2049,train
9544,4.932374,nan,0.00009804,layer_6,0.2,3.2049,train
9545,4.852087,nan,0.00009804,layer_6,0.2,3.2049,train
9546,4.888963,nan,0.00009804,layer_6,0.2,3.2049,train
9547,4.642267,nan,0.00009804,layer_6,0.2,3.2049,train
9548,5.335576,nan,0.00009804,layer_6,0.2,3.2049,train
9549,4.624324,nan,0.00009804,layer_6,0.2,3.2049,train
9550,4.744791,nan,0.00009804,layer_6,0.2,3.2049,train
9551,4.990242,nan,0.00009803,layer_7,0.2,3.2049,train
9552,4.954262,nan,0.00009803,layer_7,0.2,3.2049,train
9553,6.041579,nan,0.00009803,layer_7,0.2,3.2049,train
9554,4.698597,nan,0.00009803,layer_7,0.2,3.2049,train
9555,5.110451,nan,0.00009803,layer_7,0.2,3.2049,train
9556,4.347931,nan,0.00009803,layer_7,0.2,3.2049,train
9557,5.578447,nan,0.00009803,layer_7,0.2,3.2049,train
9558,5.267583,nan,0.00009803,layer_7,0.2,3.2049,train
9559,5.401643,nan,0.00009803,layer_7,0.2,3.2049,train
9560,5.278772,nan,0.00009803,layer_7,0.2,3.2049,train
9561,5.479764,nan,0.00009803,layer_8,0.2,3.2049,train
9562,4.740491,nan,0.00009803,layer_8,0.2,3.2049,train
9563,4.592821,nan,0.00009803,layer_8,0.2,3.2049,train
9564,5.720227,nan,0.00009803,layer_8,0.2,3.2049,train
9565,5.989264,nan,0.00009803,layer_8,0.2,3.2049,train
9566,5.800886,nan,0.00009803,layer_8,0.2,3.2049,train
9567,5.488877,nan,0.00009803,layer_8,0.2,3.2049,train
9568,4.738190,nan,0.00009803,layer_8,0.2,3.2049,train
9569,4.790698,nan,0.00009803,layer_8,0.2,3.2049,train
9570,5.091485,nan,0.00009803,layer_8,0.2,3.2049,train
9571,4.798573,nan,0.00009803,layer_9,0.2,3.2049,train
9572,5.492994,nan,0.00009803,layer_9,0.2,3.2049,train
9573,4.806272,nan,0.00009802,layer_9,0.2,3.2049,train
9574,4.908409,nan,0.00009802,layer_9,0.2,3.2049,train
9575,5.304608,nan,0.00009802,layer_9,0.2,3.2049,train
9576,5.639081,nan,0.00009802,layer_9,0.2,3.2049,train
9577,5.106982,nan,0.00009802,layer_9,0.2,3.2049,train
9578,4.347341,nan,0.00009802,layer_9,0.2,3.2049,train
9579,4.767505,nan,0.00009802,layer_9,0.2,3.2049,train
9580,5.290048,nan,0.00009802,layer_9,0.2,3.2049,train
9581,5.156124,nan,0.00009802,layer_10,0.2,3.2049,train
9582,4.917102,nan,0.00009802,layer_10,0.2,3.2049,train
9583,4.861263,nan,0.00009802,layer_10,0.2,3.2049,train
9584,4.571322,nan,0.00009802,layer_10,0.2,3.2049,train
9585,4.668436,nan,0.00009802,layer_10,0.2,3.2049,train
9586,4.973129,nan,0.00009802,layer_10,0.2,3.2049,train
9587,4.750892,nan,0.00009802,layer_10,0.2,3.2049,train
9588,5.237027,nan,0.00009802,layer_10,0.2,3.2049,train
9589,5.032511,nan,0.00009802,layer_10,0.2,3.2049,train
9590,5.053339,nan,0.00009802,layer_10,0.2,3.2049,train
9591,4.605354,nan,0.00009802,layer_11,0.2,3.2049,train
9592,5.246552,nan,0.00009802,layer_11,0.2,3.2049,train
9593,5.364666,nan,0.00009802,layer_11,0.2,3.2049,train
9594,4.759218,nan,0.00009802,layer_11,0.2,3.2049,train
9595,4.635119,nan,0.00009801,layer_11,0.2,3.2049,train
9596,5.184367,nan,0.00009801,layer_11,0.2,3.2049,train
9597,4.629017,nan,0.00009801,layer_11,0.2,3.2049,train
9598,5.059137,nan,0.00009801,layer_11,0.2,3.2049,train
9599,5.389038,nan,0.00009801,layer_11,0.2,3.2049,train
9600,4.881433,nan,0.00009801,layer_11,0.2,3.2049,train
9601,4.816117,nan,0.00009801,layer_0,0.2,3.2049,train
9602,4.634049,nan,0.00009801,layer_0,0.2,3.2049,train
9603,4.829366,nan,0.00009801,layer_0,0.2,3.2049,train
9604,4.827847,nan,0.00009801,layer_0,0.2,3.2049,train
9605,5.162703,nan,0.00009801,layer_0,0.2,3.2049,train
9606,5.597261,nan,0.00009801,layer_0,0.2,3.2049,train
9607,5.980607,nan,0.00009801,layer_0,0.2,3.2049,train
9608,5.343004,nan,0.00009801,layer_0,0.2,3.2049,train
9609,5.951794,nan,0.00009801,layer_0,0.2,3.2049,train
9610,5.138368,nan,0.00009801,layer_0,0.2,3.2049,train
9611,4.933744,nan,0.00009801,layer_1,0.2,3.2049,train
9612,4.876738,nan,0.00009801,layer_1,0.2,3.2049,train
9613,4.593456,nan,0.00009801,layer_1,0.2,3.2049,train
9614,5.082970,nan,0.00009801,layer_1,0.2,3.2049,train
9615,4.814401,nan,0.00009801,layer_1,0.2,3.2049,train
9616,5.082787,nan,0.00009800,layer_1,0.2,3.2049,train
9617,5.153834,nan,0.00009800,layer_1,0.2,3.2049,train
9618,4.977101,nan,0.00009800,layer_1,0.2,3.2049,train
9619,4.998699,nan,0.00009800,layer_1,0.2,3.2049,train
9620,4.502879,nan,0.00009800,layer_1,0.2,3.2049,train
9621,4.920084,nan,0.00009800,layer_2,0.2,3.2049,train
9622,5.414053,nan,0.00009800,layer_2,0.2,3.2049,train
9623,4.622566,nan,0.00009800,layer_2,0.2,3.2049,train
9624,4.479708,nan,0.00009800,layer_2,0.2,3.2049,train
9625,5.445812,nan,0.00009800,layer_2,0.2,3.2049,train
9626,4.804986,nan,0.00009800,layer_2,0.2,3.2049,train
9627,4.593768,nan,0.00009800,layer_2,0.2,3.2049,train
9628,5.849609,nan,0.00009800,layer_2,0.2,3.2049,train
9629,4.345391,nan,0.00009800,layer_2,0.2,3.2049,train
9630,5.671770,nan,0.00009800,layer_2,0.2,3.2049,train
9631,4.775088,nan,0.00009800,layer_3,0.2,3.2049,train
9632,5.191979,nan,0.00009800,layer_3,0.2,3.2049,train
9633,4.756074,nan,0.00009800,layer_3,0.2,3.2049,train
9634,5.191126,nan,0.00009800,layer_3,0.2,3.2049,train
9635,5.048335,nan,0.00009800,layer_3,0.2,3.2049,train
9636,5.046726,nan,0.00009800,layer_3,0.2,3.2049,train
9637,4.870348,nan,0.00009800,layer_3,0.2,3.2049,train
9638,5.102950,nan,0.00009799,layer_3,0.2,3.2049,train
9639,5.665133,nan,0.00009799,layer_3,0.2,3.2049,train
9640,5.110127,nan,0.00009799,layer_3,0.2,3.2049,train
9641,5.284360,nan,0.00009799,layer_4,0.2,3.2049,train
9642,4.923609,nan,0.00009799,layer_4,0.2,3.2049,train
9643,4.914281,nan,0.00009799,layer_4,0.2,3.2049,train
9644,4.796134,nan,0.00009799,layer_4,0.2,3.2049,train
9645,5.696249,nan,0.00009799,layer_4,0.2,3.2049,train
9646,5.388988,nan,0.00009799,layer_4,0.2,3.2049,train
9647,4.652042,nan,0.00009799,layer_4,0.2,3.2049,train
9648,4.802175,nan,0.00009799,layer_4,0.2,3.2049,train
9649,5.089843,nan,0.00009799,layer_4,0.2,3.2049,train
9650,5.138989,nan,0.00009799,layer_4,0.2,3.2049,train
9651,4.851076,nan,0.00009799,layer_5,0.2,3.2049,train
9652,5.089109,nan,0.00009799,layer_5,0.2,3.2049,train
9653,4.559855,nan,0.00009799,layer_5,0.2,3.2049,train
9654,5.157254,nan,0.00009799,layer_5,0.2,3.2049,train
9655,6.119006,nan,0.00009799,layer_5,0.2,3.2049,train
9656,5.321594,nan,0.00009799,layer_5,0.2,3.2049,train
9657,5.711909,nan,0.00009799,layer_5,0.2,3.2049,train
9658,5.175149,nan,0.00009799,layer_5,0.2,3.2049,train
9659,4.636388,nan,0.00009799,layer_5,0.2,3.2049,train
9660,5.016182,nan,0.00009798,layer_5,0.2,3.2049,train
9661,4.928292,nan,0.00009798,layer_6,0.2,3.2049,train
9662,4.967916,nan,0.00009798,layer_6,0.2,3.2049,train
9663,4.616380,nan,0.00009798,layer_6,0.2,3.2049,train
9664,5.006098,nan,0.00009798,layer_6,0.2,3.2049,train
9665,5.537494,nan,0.00009798,layer_6,0.2,3.2049,train
9666,5.025510,nan,0.00009798,layer_6,0.2,3.2049,train
9667,5.692403,nan,0.00009798,layer_6,0.2,3.2049,train
9668,4.596740,nan,0.00009798,layer_6,0.2,3.2049,train
9669,4.689385,nan,0.00009798,layer_6,0.2,3.2049,train
9670,5.084632,nan,0.00009798,layer_6,0.2,3.2049,train
9671,5.036612,nan,0.00009798,layer_7,0.2,3.2049,train
9672,4.518340,nan,0.00009798,layer_7,0.2,3.2049,train
9673,5.312415,nan,0.00009798,layer_7,0.2,3.2049,train
9674,4.991521,nan,0.00009798,layer_7,0.2,3.2049,train
9675,5.060999,nan,0.00009798,layer_7,0.2,3.2049,train
9676,5.440508,nan,0.00009798,layer_7,0.2,3.2049,train
9677,4.695724,nan,0.00009798,layer_7,0.2,3.2049,train
9678,4.714775,nan,0.00009798,layer_7,0.2,3.2049,train
9679,5.271148,nan,0.00009798,layer_7,0.2,3.2049,train
9680,5.360433,nan,0.00009798,layer_7,0.2,3.2049,train
9681,5.433781,nan,0.00009797,layer_8,0.2,3.2049,train
9682,5.536238,nan,0.00009797,layer_8,0.2,3.2049,train
9683,5.135940,nan,0.00009797,layer_8,0.2,3.2049,train
9684,4.817750,nan,0.00009797,layer_8,0.2,3.2049,train
9685,4.756475,nan,0.00009797,layer_8,0.2,3.2049,train
9686,4.739088,nan,0.00009797,layer_8,0.2,3.2049,train
9687,4.933339,nan,0.00009797,layer_8,0.2,3.2049,train
9688,5.112348,nan,0.00009797,layer_8,0.2,3.2049,train
9689,5.246530,nan,0.00009797,layer_8,0.2,3.2049,train
9690,5.184794,nan,0.00009797,layer_8,0.2,3.2049,train
9691,4.397527,nan,0.00009797,layer_9,0.2,3.2049,train
9692,4.775246,nan,0.00009797,layer_9,0.2,3.2049,train
9693,4.950721,nan,0.00009797,layer_9,0.2,3.2049,train
9694,5.197961,nan,0.00009797,layer_9,0.2,3.2049,train
9695,5.400600,nan,0.00009797,layer_9,0.2,3.2049,train
9696,4.745170,nan,0.00009797,layer_9,0.2,3.2049,train
9697,5.299069,nan,0.00009797,layer_9,0.2,3.2049,train
9698,4.753167,nan,0.00009797,layer_9,0.2,3.2049,train
9699,5.019185,nan,0.00009797,layer_9,0.2,3.2049,train
9700,5.143570,nan,0.00009797,layer_9,0.2,3.2049,train
9701,4.783484,nan,0.00009797,layer_10,0.2,3.2049,train
9702,4.648589,nan,0.00009797,layer_10,0.2,3.2049,train
9703,4.675954,nan,0.00009796,layer_10,0.2,3.2049,train
9704,5.131577,nan,0.00009796,layer_10,0.2,3.2049,train
9705,5.316822,nan,0.00009796,layer_10,0.2,3.2049,train
9706,4.974061,nan,0.00009796,layer_10,0.2,3.2049,train
9707,4.865455,nan,0.00009796,layer_10,0.2,3.2049,train
9708,4.917960,nan,0.00009796,layer_10,0.2,3.2049,train
9709,4.382739,nan,0.00009796,layer_10,0.2,3.2049,train
9710,4.860662,nan,0.00009796,layer_10,0.2,3.2049,train
9711,4.793810,nan,0.00009796,layer_11,0.2,3.2049,train
9712,5.079694,nan,0.00009796,layer_11,0.2,3.2049,train
9713,4.822436,nan,0.00009796,layer_11,0.2,3.2049,train
9714,4.929485,nan,0.00009796,layer_11,0.2,3.2049,train
9715,4.999144,nan,0.00009796,layer_11,0.2,3.2049,train
9716,4.817860,nan,0.00009796,layer_11,0.2,3.2049,train
9717,5.288652,nan,0.00009796,layer_11,0.2,3.2049,train
9718,4.825306,nan,0.00009796,layer_11,0.2,3.2049,train
9719,4.881100,nan,0.00009796,layer_11,0.2,3.2049,train
9720,5.042771,nan,0.00009796,layer_11,0.2,3.2049,train
9721,4.808872,nan,0.00009796,layer_0,0.2,3.2049,train
9722,4.611491,nan,0.00009796,layer_0,0.2,3.2049,train
9723,4.966978,nan,0.00009796,layer_0,0.2,3.2049,train
9724,5.261723,nan,0.00009796,layer_0,0.2,3.2049,train
9725,5.311490,nan,0.00009795,layer_0,0.2,3.2049,train
9726,5.578073,nan,0.00009795,layer_0,0.2,3.2049,train
9727,5.546509,nan,0.00009795,layer_0,0.2,3.2049,train
9728,4.504002,nan,0.00009795,layer_0,0.2,3.2049,train
9729,4.376799,nan,0.00009795,layer_0,0.2,3.2049,train
9730,4.743393,nan,0.00009795,layer_0,0.2,3.2049,train
9731,5.397815,nan,0.00009795,layer_1,0.2,3.2049,train
9732,5.455725,nan,0.00009795,layer_1,0.2,3.2049,train
9733,4.709587,nan,0.00009795,layer_1,0.2,3.2049,train
9734,5.389163,nan,0.00009795,layer_1,0.2,3.2049,train
9735,5.001865,nan,0.00009795,layer_1,0.2,3.2049,train
9736,5.132240,nan,0.00009795,layer_1,0.2,3.2049,train
9737,5.373896,nan,0.00009795,layer_1,0.2,3.2049,train
9738,5.129065,nan,0.00009795,layer_1,0.2,3.2049,train
9739,5.052175,nan,0.00009795,layer_1,0.2,3.2049,train
9740,4.491817,nan,0.00009795,layer_1,0.2,3.2049,train
9741,5.168723,nan,0.00009795,layer_2,0.2,3.2049,train
9742,5.352745,nan,0.00009795,layer_2,0.2,3.2049,train
9743,5.055328,nan,0.00009795,layer_2,0.2,3.2049,train
9744,4.513451,nan,0.00009795,layer_2,0.2,3.2049,train
9745,4.972848,nan,0.00009795,layer_2,0.2,3.2049,train
9746,5.362279,nan,0.00009794,layer_2,0.2,3.2049,train
9747,4.965056,nan,0.00009794,layer_2,0.2,3.2049,train
9748,4.569014,nan,0.00009794,layer_2,0.2,3.2049,train
9749,5.203589,nan,0.00009794,layer_2,0.2,3.2049,train
9750,4.883991,nan,0.00009794,layer_2,0.2,3.2049,train
9751,5.251864,nan,0.00009794,layer_3,0.2,3.2049,train
9752,5.122714,nan,0.00009794,layer_3,0.2,3.2049,train
9753,4.832006,nan,0.00009794,layer_3,0.2,3.2049,train
9754,4.484735,nan,0.00009794,layer_3,0.2,3.2049,train
9755,4.705684,nan,0.00009794,layer_3,0.2,3.2049,train
9756,5.121146,nan,0.00009794,layer_3,0.2,3.2049,train
9757,4.634918,nan,0.00009794,layer_3,0.2,3.2049,train
9758,5.451066,nan,0.00009794,layer_3,0.2,3.2049,train
9759,5.419776,nan,0.00009794,layer_3,0.2,3.2049,train
9760,5.163611,nan,0.00009794,layer_3,0.2,3.2049,train
9761,6.631218,nan,0.00009794,layer_4,0.2,3.2049,train
9762,4.918508,nan,0.00009794,layer_4,0.2,3.2049,train
9763,4.612923,nan,0.00009794,layer_4,0.2,3.2049,train
9764,4.887855,nan,0.00009794,layer_4,0.2,3.2049,train
9765,4.710986,nan,0.00009794,layer_4,0.2,3.2049,train
9766,4.869355,nan,0.00009794,layer_4,0.2,3.2049,train
9767,5.166188,nan,0.00009793,layer_4,0.2,3.2049,train
9768,4.851160,nan,0.00009793,layer_4,0.2,3.2049,train
9769,4.862443,nan,0.00009793,layer_4,0.2,3.2049,train
9770,5.596819,nan,0.00009793,layer_4,0.2,3.2049,train
9771,4.620088,nan,0.00009793,layer_5,0.2,3.2049,train
9772,5.415406,nan,0.00009793,layer_5,0.2,3.2049,train
9773,5.318312,nan,0.00009793,layer_5,0.2,3.2049,train
9774,4.793536,nan,0.00009793,layer_5,0.2,3.2049,train
9775,4.933804,nan,0.00009793,layer_5,0.2,3.2049,train
9776,5.201157,nan,0.00009793,layer_5,0.2,3.2049,train
9777,5.620202,nan,0.00009793,layer_5,0.2,3.2049,train
9778,4.539525,nan,0.00009793,layer_5,0.2,3.2049,train
9779,4.358796,nan,0.00009793,layer_5,0.2,3.2049,train
9780,5.296475,nan,0.00009793,layer_5,0.2,3.2049,train
9781,4.877351,nan,0.00009793,layer_6,0.2,3.2049,train
9782,4.765057,nan,0.00009793,layer_6,0.2,3.2049,train
9783,4.700851,nan,0.00009793,layer_6,0.2,3.2049,train
9784,4.841460,nan,0.00009793,layer_6,0.2,3.2049,train
9785,4.245747,nan,0.00009793,layer_6,0.2,3.2049,train
9786,4.510004,nan,0.00009793,layer_6,0.2,3.2049,train
9787,5.237955,nan,0.00009793,layer_6,0.2,3.2049,train
9788,4.827190,nan,0.00009793,layer_6,0.2,3.2049,train
9789,5.578145,nan,0.00009792,layer_6,0.2,3.2049,train
9790,4.618912,nan,0.00009792,layer_6,0.2,3.2049,train
9791,5.368504,nan,0.00009792,layer_7,0.2,3.2049,train
9792,5.558109,nan,0.00009792,layer_7,0.2,3.2049,train
9793,5.390640,nan,0.00009792,layer_7,0.2,3.2049,train
9794,4.721512,nan,0.00009792,layer_7,0.2,3.2049,train
9795,4.675301,nan,0.00009792,layer_7,0.2,3.2049,train
9796,4.622794,nan,0.00009792,layer_7,0.2,3.2049,train
9797,5.332345,nan,0.00009792,layer_7,0.2,3.2049,train
9798,4.945013,nan,0.00009792,layer_7,0.2,3.2049,train
9799,4.833002,nan,0.00009792,layer_7,0.2,3.2049,train
9800,5.503683,nan,0.00009792,layer_7,0.2,3.2049,train
9801,5.523262,nan,0.00009792,layer_8,0.2,3.2049,train
9802,5.370140,nan,0.00009792,layer_8,0.2,3.2049,train
9803,4.753915,nan,0.00009792,layer_8,0.2,3.2049,train
9804,5.204260,nan,0.00009792,layer_8,0.2,3.2049,train
9805,5.105009,nan,0.00009792,layer_8,0.2,3.2049,train
9806,5.434363,nan,0.00009792,layer_8,0.2,3.2049,train
9807,5.355269,nan,0.00009792,layer_8,0.2,3.2049,train
9808,4.953684,nan,0.00009792,layer_8,0.2,3.2049,train
9809,4.366883,nan,0.00009792,layer_8,0.2,3.2049,train
9810,5.196939,nan,0.00009791,layer_8,0.2,3.2049,train
9811,4.981283,nan,0.00009791,layer_9,0.2,3.2049,train
9812,5.875835,nan,0.00009791,layer_9,0.2,3.2049,train
9813,4.748944,nan,0.00009791,layer_9,0.2,3.2049,train
9814,4.760202,nan,0.00009791,layer_9,0.2,3.2049,train
9815,4.979039,nan,0.00009791,layer_9,0.2,3.2049,train
9816,4.953137,nan,0.00009791,layer_9,0.2,3.2049,train
9817,4.442520,nan,0.00009791,layer_9,0.2,3.2049,train
9818,4.683374,nan,0.00009791,layer_9,0.2,3.2049,train
9819,5.229341,nan,0.00009791,layer_9,0.2,3.2049,train
9820,4.999405,nan,0.00009791,layer_9,0.2,3.2049,train
9821,4.856669,nan,0.00009791,layer_10,0.2,3.2049,train
9822,4.688216,nan,0.00009791,layer_10,0.2,3.2049,train
9823,4.958917,nan,0.00009791,layer_10,0.2,3.2049,train
9824,4.787570,nan,0.00009791,layer_10,0.2,3.2049,train
9825,5.073816,nan,0.00009791,layer_10,0.2,3.2049,train
9826,4.691760,nan,0.00009791,layer_10,0.2,3.2049,train
9827,5.261818,nan,0.00009791,layer_10,0.2,3.2049,train
9828,5.420715,nan,0.00009791,layer_10,0.2,3.2049,train
9829,5.178403,nan,0.00009791,layer_10,0.2,3.2049,train
9830,5.036187,nan,0.00009791,layer_10,0.2,3.2049,train
9831,5.129174,nan,0.00009790,layer_11,0.2,3.2049,train
9832,4.295626,nan,0.00009790,layer_11,0.2,3.2049,train
9833,4.574005,nan,0.00009790,layer_11,0.2,3.2049,train
9834,5.054204,nan,0.00009790,layer_11,0.2,3.2049,train
9835,4.810254,nan,0.00009790,layer_11,0.2,3.2049,train
9836,5.029855,nan,0.00009790,layer_11,0.2,3.2049,train
9837,5.112712,nan,0.00009790,layer_11,0.2,3.2049,train
9838,4.394203,nan,0.00009790,layer_11,0.2,3.2049,train
9839,5.647323,nan,0.00009790,layer_11,0.2,3.2049,train
9840,5.191712,nan,0.00009790,layer_11,0.2,3.2049,train
9841,5.407802,nan,0.00009790,layer_0,0.2,3.2049,train
9842,5.392548,nan,0.00009790,layer_0,0.2,3.2049,train
9843,5.134909,nan,0.00009790,layer_0,0.2,3.2049,train
9844,5.824097,nan,0.00009790,layer_0,0.2,3.2049,train
9845,5.179982,nan,0.00009790,layer_0,0.2,3.2049,train
9846,4.450790,nan,0.00009790,layer_0,0.2,3.2049,train
9847,4.636898,nan,0.00009790,layer_0,0.2,3.2049,train
9848,5.118940,nan,0.00009790,layer_0,0.2,3.2049,train
9849,5.574948,nan,0.00009790,layer_0,0.2,3.2049,train
9850,5.770201,nan,0.00009790,layer_0,0.2,3.2049,train
9851,5.132565,nan,0.00009790,layer_1,0.2,3.2049,train
9852,5.369078,nan,0.00009790,layer_1,0.2,3.2049,train
9853,5.307873,nan,0.00009789,layer_1,0.2,3.2049,train
9854,5.826333,nan,0.00009789,layer_1,0.2,3.2049,train
9855,4.957619,nan,0.00009789,layer_1,0.2,3.2049,train
9856,4.548909,nan,0.00009789,layer_1,0.2,3.2049,train
9857,5.748388,nan,0.00009789,layer_1,0.2,3.2049,train
9858,4.769313,nan,0.00009789,layer_1,0.2,3.2049,train
9859,4.586432,nan,0.00009789,layer_1,0.2,3.2049,train
9860,4.620413,nan,0.00009789,layer_1,0.2,3.2049,train
9861,5.068074,nan,0.00009789,layer_2,0.2,3.2049,train
9862,5.288410,nan,0.00009789,layer_2,0.2,3.2049,train
9863,4.874642,nan,0.00009789,layer_2,0.2,3.2049,train
9864,5.174891,nan,0.00009789,layer_2,0.2,3.2049,train
9865,5.228859,nan,0.00009789,layer_2,0.2,3.2049,train
9866,4.889085,nan,0.00009789,layer_2,0.2,3.2049,train
9867,5.590411,nan,0.00009789,layer_2,0.2,3.2049,train
9868,4.860353,nan,0.00009789,layer_2,0.2,3.2049,train
9869,5.330543,nan,0.00009789,layer_2,0.2,3.2049,train
9870,4.775898,nan,0.00009789,layer_2,0.2,3.2049,train
9871,4.900791,nan,0.00009789,layer_3,0.2,3.2049,train
9872,5.112595,nan,0.00009789,layer_3,0.2,3.2049,train
9873,4.511003,nan,0.00009789,layer_3,0.2,3.2049,train
9874,5.180011,nan,0.00009788,layer_3,0.2,3.2049,train
9875,5.114288,nan,0.00009788,layer_3,0.2,3.2049,train
9876,5.302330,nan,0.00009788,layer_3,0.2,3.2049,train
9877,5.013606,nan,0.00009788,layer_3,0.2,3.2049,train
9878,5.080435,nan,0.00009788,layer_3,0.2,3.2049,train
9879,5.731603,nan,0.00009788,layer_3,0.2,3.2049,train
9880,4.953188,nan,0.00009788,layer_3,0.2,3.2049,train
9881,4.852764,nan,0.00009788,layer_4,0.2,3.2049,train
9882,4.624666,nan,0.00009788,layer_4,0.2,3.2049,train
9883,4.852303,nan,0.00009788,layer_4,0.2,3.2049,train
9884,4.997401,nan,0.00009788,layer_4,0.2,3.2049,train
9885,5.162858,nan,0.00009788,layer_4,0.2,3.2049,train
9886,4.922378,nan,0.00009788,layer_4,0.2,3.2049,train
9887,5.748751,nan,0.00009788,layer_4,0.2,3.2049,train
9888,5.182141,nan,0.00009788,layer_4,0.2,3.2049,train
9889,4.660109,nan,0.00009788,layer_4,0.2,3.2049,train
9890,4.582520,nan,0.00009788,layer_4,0.2,3.2049,train
9891,5.021295,nan,0.00009788,layer_5,0.2,3.2049,train
9892,4.634849,nan,0.00009788,layer_5,0.2,3.2049,train
9893,4.848932,nan,0.00009788,layer_5,0.2,3.2049,train
9894,4.675032,nan,0.00009788,layer_5,0.2,3.2049,train
9895,5.195260,nan,0.00009787,layer_5,0.2,3.2049,train
9896,5.422567,nan,0.00009787,layer_5,0.2,3.2049,train
9897,5.198633,nan,0.00009787,layer_5,0.2,3.2049,train
9898,4.918798,nan,0.00009787,layer_5,0.2,3.2049,train
9899,5.242295,nan,0.00009787,layer_5,0.2,3.2049,train
9900,5.024720,nan,0.00009787,layer_5,0.2,3.2049,train
9901,4.744474,nan,0.00009787,layer_6,0.2,3.2049,train
9902,5.204011,nan,0.00009787,layer_6,0.2,3.2049,train
9903,4.666115,nan,0.00009787,layer_6,0.2,3.2049,train
9904,4.675986,nan,0.00009787,layer_6,0.2,3.2049,train
9905,5.366918,nan,0.00009787,layer_6,0.2,3.2049,train
9906,5.294835,nan,0.00009787,layer_6,0.2,3.2049,train
9907,4.371387,nan,0.00009787,layer_6,0.2,3.2049,train
9908,3.999119,nan,0.00009787,layer_6,0.2,3.2049,train
9909,4.756609,nan,0.00009787,layer_6,0.2,3.2049,train
9910,4.606625,nan,0.00009787,layer_6,0.2,3.2049,train
9911,5.029091,nan,0.00009787,layer_7,0.2,3.2049,train
9912,4.809335,nan,0.00009787,layer_7,0.2,3.2049,train
9913,5.012594,nan,0.00009787,layer_7,0.2,3.2049,train
9914,4.980392,nan,0.00009787,layer_7,0.2,3.2049,train
9915,5.050555,nan,0.00009787,layer_7,0.2,3.2049,train
9916,5.024803,nan,0.00009786,layer_7,0.2,3.2049,train
9917,5.403705,nan,0.00009786,layer_7,0.2,3.2049,train
9918,5.058549,nan,0.00009786,layer_7,0.2,3.2049,train
9919,5.094632,nan,0.00009786,layer_7,0.2,3.2049,train
9920,4.816196,nan,0.00009786,layer_7,0.2,3.2049,train
9921,4.954794,nan,0.00009786,layer_8,0.2,3.2049,train
9922,4.755355,nan,0.00009786,layer_8,0.2,3.2049,train
9923,5.252144,nan,0.00009786,layer_8,0.2,3.2049,train
9924,5.110502,nan,0.00009786,layer_8,0.2,3.2049,train
9925,5.504126,nan,0.00009786,layer_8,0.2,3.2049,train
9926,5.256987,nan,0.00009786,layer_8,0.2,3.2049,train
9927,4.943291,nan,0.00009786,layer_8,0.2,3.2049,train
9928,5.785289,nan,0.00009786,layer_8,0.2,3.2049,train
9929,4.587548,nan,0.00009786,layer_8,0.2,3.2049,train
9930,4.806659,nan,0.00009786,layer_8,0.2,3.2049,train
9931,4.745944,nan,0.00009786,layer_9,0.2,3.2049,train
9932,4.558292,nan,0.00009786,layer_9,0.2,3.2049,train
9933,5.308052,nan,0.00009786,layer_9,0.2,3.2049,train
9934,6.386885,nan,0.00009786,layer_9,0.2,3.2049,train
9935,4.566573,nan,0.00009786,layer_9,0.2,3.2049,train
9936,4.673840,nan,0.00009786,layer_9,0.2,3.2049,train
9937,4.522396,nan,0.00009785,layer_9,0.2,3.2049,train
9938,5.236631,nan,0.00009785,layer_9,0.2,3.2049,train
9939,5.078506,nan,0.00009785,layer_9,0.2,3.2049,train
9940,4.634051,nan,0.00009785,layer_9,0.2,3.2049,train
9941,4.917529,nan,0.00009785,layer_10,0.2,3.2049,train
9942,2.856759,nan,0.00009785,layer_10,0.2,3.2049,train
9943,4.874238,nan,0.00009785,layer_10,0.2,3.2049,train
9944,5.016493,nan,0.00009785,layer_10,0.2,3.2049,train
9945,5.236970,nan,0.00009785,layer_10,0.2,3.2049,train
9946,5.033061,nan,0.00009785,layer_10,0.2,3.2049,train
9947,5.169878,nan,0.00009785,layer_10,0.2,3.2049,train
9948,5.195713,nan,0.00009785,layer_10,0.2,3.2049,train
9949,5.000487,nan,0.00009785,layer_10,0.2,3.2049,train
9950,4.865323,nan,0.00009785,layer_10,0.2,3.2049,train
9951,5.296434,nan,0.00009785,layer_11,0.2,3.2049,train
9952,4.982889,nan,0.00009785,layer_11,0.2,3.2049,train
9953,5.559725,nan,0.00009785,layer_11,0.2,3.2049,train
9954,4.713599,nan,0.00009785,layer_11,0.2,3.2049,train
9955,4.407450,nan,0.00009785,layer_11,0.2,3.2049,train
9956,4.879309,nan,0.00009785,layer_11,0.2,3.2049,train
9957,4.953597,nan,0.00009785,layer_11,0.2,3.2049,train
9958,5.397250,nan,0.00009784,layer_11,0.2,3.2049,train
9959,5.230143,nan,0.00009784,layer_11,0.2,3.2049,train
9960,4.839595,nan,0.00009784,layer_11,0.2,3.2049,train
9961,4.734708,nan,0.00009784,layer_0,0.2,3.2049,train
9962,5.078778,nan,0.00009784,layer_0,0.2,3.2049,train
9963,4.384356,nan,0.00009784,layer_0,0.2,3.2049,train
9964,5.957952,nan,0.00009784,layer_0,0.2,3.2049,train
9965,5.265881,nan,0.00009784,layer_0,0.2,3.2049,train
9966,5.132598,nan,0.00009784,layer_0,0.2,3.2049,train
9967,5.017111,nan,0.00009784,layer_0,0.2,3.2049,train
9968,4.658959,nan,0.00009784,layer_0,0.2,3.2049,train
9969,4.977835,nan,0.00009784,layer_0,0.2,3.2049,train
9970,5.583069,nan,0.00009784,layer_0,0.2,3.2049,train
9971,4.902938,nan,0.00009784,layer_1,0.2,3.2049,train
9972,4.818392,nan,0.00009784,layer_1,0.2,3.2049,train
9973,5.047217,nan,0.00009784,layer_1,0.2,3.2049,train
9974,4.093614,nan,0.00009784,layer_1,0.2,3.2049,train
9975,5.172480,nan,0.00009784,layer_1,0.2,3.2049,train
9976,5.059282,nan,0.00009784,layer_1,0.2,3.2049,train
9977,5.058327,nan,0.00009784,layer_1,0.2,3.2049,train
9978,5.271855,nan,0.00009784,layer_1,0.2,3.2049,train
9979,4.454616,nan,0.00009783,layer_1,0.2,3.2049,train
9980,5.518030,nan,0.00009783,layer_1,0.2,3.2049,train
9981,4.757091,nan,0.00009783,layer_2,0.2,3.2049,train
9982,5.044533,nan,0.00009783,layer_2,0.2,3.2049,train
9983,4.655903,nan,0.00009783,layer_2,0.2,3.2049,train
9984,5.259843,nan,0.00009783,layer_2,0.2,3.2049,train
9985,4.959227,nan,0.00009783,layer_2,0.2,3.2049,train
9986,4.170044,nan,0.00009783,layer_2,0.2,3.2049,train
9987,5.055877,nan,0.00009783,layer_2,0.2,3.2049,train
9988,5.173918,nan,0.00009783,layer_2,0.2,3.2049,train
9989,5.143971,nan,0.00009783,layer_2,0.2,3.2049,train
9990,5.138666,nan,0.00009783,layer_2,0.2,3.2049,train
9991,5.288598,nan,0.00009783,layer_3,0.2,3.2049,train
9992,5.360537,nan,0.00009783,layer_3,0.2,3.2049,train
9993,4.560810,nan,0.00009783,layer_3,0.2,3.2049,train
9994,4.919575,nan,0.00009783,layer_3,0.2,3.2049,train
9995,5.246346,nan,0.00009783,layer_3,0.2,3.2049,train
9996,4.898975,nan,0.00009783,layer_3,0.2,3.2049,train
9997,4.801846,nan,0.00009783,layer_3,0.2,3.2049,train
9998,4.581995,nan,0.00009783,layer_3,0.2,3.2049,train
9999,5.214979,nan,0.00009783,layer_3,0.2,3.2049,train
10000,4.889110,nan,0.00009782,layer_3,0.2,3.2049,train
10000,5.055663,5.006054,0.00009782,layer_4,15.2,3.2049,eval
10001,5.188776,nan,0.00009782,layer_4,0.2,3.2049,train
10002,5.524921,nan,0.00009782,layer_4,0.2,3.2049,train
10003,4.611532,nan,0.00009782,layer_4,0.2,3.2049,train
10004,4.747917,nan,0.00009782,layer_4,0.2,3.2049,train
10005,4.876304,nan,0.00009782,layer_4,0.2,3.2049,train
10006,5.910329,nan,0.00009782,layer_4,0.2,3.2049,train
10007,5.132060,nan,0.00009782,layer_4,0.2,3.2049,train
10008,4.869152,nan,0.00009782,layer_4,0.2,3.2049,train
10009,4.969450,nan,0.00009782,layer_4,0.2,3.2049,train
10010,4.859976,nan,0.00009782,layer_4,0.2,3.2049,train
10011,4.843167,nan,0.00009782,layer_5,0.2,3.2049,train
10012,4.838516,nan,0.00009782,layer_5,0.2,3.2049,train
10013,5.122496,nan,0.00009782,layer_5,0.2,3.2049,train
10014,5.109912,nan,0.00009782,layer_5,0.2,3.2049,train
10015,5.191695,nan,0.00009782,layer_5,0.2,3.2049,train
10016,5.609089,nan,0.00009782,layer_5,0.2,3.2049,train
10017,5.241369,nan,0.00009782,layer_5,0.2,3.2049,train
10018,4.894981,nan,0.00009782,layer_5,0.2,3.2049,train
10019,4.730598,nan,0.00009782,layer_5,0.2,3.2049,train
10020,4.880377,nan,0.00009782,layer_5,0.2,3.2049,train
10021,4.800992,nan,0.00009781,layer_6,0.2,3.2049,train
10022,4.557491,nan,0.00009781,layer_6,0.2,3.2049,train
10023,5.005625,nan,0.00009781,layer_6,0.2,3.2049,train
10024,5.269758,nan,0.00009781,layer_6,0.2,3.2049,train
10025,4.532865,nan,0.00009781,layer_6,0.2,3.2049,train
10026,5.222713,nan,0.00009781,layer_6,0.2,3.2049,train
10027,5.174007,nan,0.00009781,layer_6,0.2,3.2049,train
10028,4.706834,nan,0.00009781,layer_6,0.2,3.2049,train
10029,5.052918,nan,0.00009781,layer_6,0.2,3.2049,train
10030,4.626481,nan,0.00009781,layer_6,0.2,3.2049,train
10031,4.958938,nan,0.00009781,layer_7,0.2,3.2049,train
10032,5.766176,nan,0.00009781,layer_7,0.2,3.2049,train
10033,4.616798,nan,0.00009781,layer_7,0.2,3.2049,train
10034,5.799266,nan,0.00009781,layer_7,0.2,3.2049,train
10035,4.976742,nan,0.00009781,layer_7,0.2,3.2049,train
10036,4.380871,nan,0.00009781,layer_7,0.2,3.2049,train
10037,5.266651,nan,0.00009781,layer_7,0.2,3.2049,train
10038,3.877568,nan,0.00009781,layer_7,0.2,3.2049,train
10039,4.601359,nan,0.00009781,layer_7,0.2,3.2049,train
10040,5.000655,nan,0.00009781,layer_7,0.2,3.2049,train
10041,4.706687,nan,0.00009780,layer_8,0.2,3.2049,train
10042,6.484491,nan,0.00009780,layer_8,0.2,3.2049,train
10043,5.541995,nan,0.00009780,layer_8,0.2,3.2049,train
10044,4.836173,nan,0.00009780,layer_8,0.2,3.2049,train
10045,6.831206,nan,0.00009780,layer_8,0.2,3.2049,train
10046,5.123398,nan,0.00009780,layer_8,0.2,3.2049,train
10047,4.641036,nan,0.00009780,layer_8,0.2,3.2049,train
10048,4.664409,nan,0.00009780,layer_8,0.2,3.2049,train
10049,5.663018,nan,0.00009780,layer_8,0.2,3.2049,train
10050,4.078169,nan,0.00009780,layer_8,0.2,3.2049,train
10051,5.381145,nan,0.00009780,layer_9,0.2,3.2049,train
10052,5.540570,nan,0.00009780,layer_9,0.2,3.2049,train
10053,4.880745,nan,0.00009780,layer_9,0.2,3.2049,train
10054,4.956825,nan,0.00009780,layer_9,0.2,3.2049,train
10055,4.941646,nan,0.00009780,layer_9,0.2,3.2049,train
10056,5.449494,nan,0.00009780,layer_9,0.2,3.2049,train
10057,4.790189,nan,0.00009780,layer_9,0.2,3.2049,train
10058,5.289861,nan,0.00009780,layer_9,0.2,3.2049,train
10059,4.899508,nan,0.00009780,layer_9,0.2,3.2049,train
10060,4.835678,nan,0.00009780,layer_9,0.2,3.2049,train
10061,5.241113,nan,0.00009780,layer_10,0.2,3.2049,train
10062,5.229911,nan,0.00009779,layer_10,0.2,3.2049,train
